{"type":"FeatureCollection","features":[{"type":"Feature","properties":{"code":"11010","name":"종로구","slug":"jongno-gu","wide":"seoul","center":[126.97942,37.59895]},"geometry":{"type":"MultiPolygon","coordinates":[[[[126.97468,37.62981],[126.97993,37.62855],[126.9796,37.62637],[126.98365,37.62115],[126.98676,37.60609],[126.98667,37.60402],[126.97852,37.60099],[126.97672,37.5979],[126.98908,37.59141],[126.99845,37.59247],[127.00183,37.59118],[127.00864,37.58046],[127.01483,37.58233],[127.01878,37.57752],[127.02314,37.57802],[127.02336,37.57191],[126.99,37.56813],[126.97566,37.56938],[126.9691,37.56825],[126.9667,37.56582],[126.95356,37.57875],[126.95721,37.57987],[126.95903,37.59506],[126.95804,37.59816],[126.9526,37.60123],[126.95388,37.6048],[126.95034,37.60909],[126.949,37.62434],[126.95842,37.62947],[126.97303,37.63237],[126.97539,37.63173],[126.97468,37.62981]]]]}},{"type":"Feature","properties":{"code":"11020","name":"중구","slug":"jung-gu","wide":"seoul","center":[126.99545,37.55755]},"geometry":{"type":"MultiPolygon","coordinates":[[[[127.02339,37.5719],[127.02358,37.5652],[127.02677,37.56496],[127.02653,37.56339],[127.02292,37.55786],[127.01807,37.55689],[127.0163,37.55301],[127.00967,37.54789],[127.00898,37.54413],[127.00502,37.54617],[127.00432,37.5502],[126.99832,37.5497],[126.99522,37.54723],[126.98541,37.5537],[126.97643,37.55309],[126.96989,37.55401],[126.96919,37.55566],[126.96241,37.55159],[126.96343,37.55696],[126.96168,37.55903],[126.96946,37.56198],[126.9667,37.56582],[126.9691,37.56825],[126.99015,37.56814],[127.02339,37.5719]]]]}},{"type":"Feature","properties":{"code":"11030","name":"용산구","slug":"yongsan-gu","wide":"seoul","center":[126.98189,37.53709]},"geometry":{"type":"MultiPolygon","coordinates":[[[[126.97059,37.55388],[126.98541,37.5537],[126.99522,37.54723],[126.99832,37.5497],[127.00432,37.5502],[127.00502,37.54617],[127.00898,37.54413],[127.00959,37.53964],[127.01753,37.53765],[127.01744,37.534],[127.00766,37.52465],[126.9907,37.51309],[126.98555,37.50654],[126.97868,37.50655],[126.96682,37.50992],[126.94989,37.51752],[126.94988,37.52703],[126.94459,37.53379],[126.95573,37.53947],[126.95792,37.5455],[126.96334,37.54864],[126.96241,37.55159],[126.96919,37.55566],[126.97059,37.55388]]]]}},{"type":"Feature","properties":{"code":"11040","name":"성동구","slug":"seongdong-gu","wide":"seoul","center":[127.02988,37.55459]},"geometry":{"type":"MultiPolygon","coordinates":[[[[127.04324,37.57241],[127.05876,37.56231],[127.07374,37.55941],[127.05622,37.52833],[127.04039,37.53582],[127.02118,37.53582],[127.01744,37.534],[127.01753,37.53765],[127.00959,37.53964],[127.00815,37.54503],[127.00931,37.54746],[127.0163,37.55301],[127.01807,37.55689],[127.02292,37.55786],[127.02662,37.56358],[127.02677,37.56496],[127.02358,37.5652],[127.02339,37.5719],[127.031,37.56978],[127.04002,37.57299],[127.04324,37.57241]]]]}},{"type":"Feature","properties":{"code":"11050","name":"광진구","slug":"gwangjin-gu","wide":"seoul","center":[127.09169,37.5531]},"geometry":{"type":"MultiPolygon","coordinates":[[[[127.10385,37.57049],[127.10186,37.55949],[127.10493,37.55642],[127.11296,37.55879],[127.11523,37.55676],[127.10828,37.54141],[127.08981,37.52685],[127.07997,37.52295],[127.07432,37.52287],[127.05622,37.52833],[127.07374,37.55941],[127.07239,37.55996],[127.0782,37.57187],[127.09049,37.5697],[127.10089,37.57376],[127.10385,37.57049]]]]}},{"type":"Feature","properties":{"code":"11060","name":"동대문구","slug":"dongdaemun-gu","wide":"seoul","center":[127.05532,37.58721]},"geometry":{"type":"MultiPolygon","coordinates":[[[[127.07248,37.60024],[127.06942,37.59533],[127.0782,37.57187],[127.07239,37.55996],[127.05876,37.56231],[127.04256,37.5727],[127.031,37.56978],[127.02336,37.57191],[127.02314,37.57802],[127.04301,37.59696],[127.04733,37.59614],[127.05101,37.60117],[127.06006,37.60209],[127.06885,37.60901],[127.07106,37.60762],[127.07248,37.60024]]]]}},{"type":"Feature","properties":{"code":"11070","name":"중랑구","slug":"jungnang-gu","wide":"seoul","center":[127.09621,37.59952]},"geometry":{"type":"MultiPolygon","coordinates":[[[[127.11502,37.61954],[127.11725,37.61674],[127.1181,37.60547],[127.1141,37.60013],[127.11666,37.59402],[127.11334,37.59326],[127.10897,37.58338],[127.10344,37.5806],[127.10089,37.57376],[127.0956,37.57061],[127.09049,37.5697],[127.0782,37.57187],[127.06942,37.59533],[127.07287,37.60108],[127.07107,37.60736],[127.07171,37.61351],[127.07006,37.61543],[127.08607,37.62029],[127.09322,37.618],[127.09882,37.62039],[127.11502,37.61954]]]]}},{"type":"Feature","properties":{"code":"11080","name":"성북구","slug":"seongbuk-gu","wide":"seoul","center":[127.01445,37.60933]},"geometry":{"type":"MultiPolygon","coordinates":[[[[126.99539,37.63025],[126.99927,37.6262],[127.00789,37.62403],[127.00719,37.62051],[127.01023,37.61679],[127.02223,37.61139],[127.03018,37.61236],[127.03043,37.60907],[127.03718,37.61271],[127.04974,37.62427],[127.06175,37.61449],[127.07114,37.61481],[127.07106,37.60762],[127.06885,37.60901],[127.06006,37.60209],[127.05101,37.60117],[127.04733,37.59614],[127.04301,37.59696],[127.02314,37.57802],[127.01878,37.57752],[127.01483,37.58233],[127.00864,37.58046],[127.00183,37.59118],[126.99845,37.59247],[126.98908,37.59141],[126.97672,37.5979],[126.97852,37.60099],[126.98667,37.60402],[126.98676,37.60609],[126.98365,37.62115],[126.9796,37.62637],[126.97993,37.62855],[126.97497,37.62903],[126.97537,37.6317],[126.98396,37.63644],[126.99539,37.63025]]]]}},{"type":"Feature","properties":{"code":"11090","name":"강북구","slug":"gangbuk-gu","wide":"seoul","center":[127.00856,37.64886]},"geometry":{"type":"MultiPolygon","coordinates":[[[[127.01793,37.67075],[127.0184,37.66888],[127.01547,37.66608],[127.01689,37.66217],[127.01438,37.66039],[127.0129,37.65075],[127.02145,37.64888],[127.03195,37.64217],[127.03858,37.63368],[127.04974,37.62427],[127.03718,37.61271],[127.03043,37.60907],[127.03018,37.61236],[127.02223,37.61139],[127.01095,37.61629],[127.00719,37.62051],[127.00789,37.62403],[126.99927,37.6262],[126.9842,37.63634],[126.98586,37.64061],[126.98325,37.64368],[126.9851,37.64593],[126.97966,37.65604],[126.98286,37.65645],[126.98651,37.65944],[126.98827,37.66439],[126.99402,37.66678],[126.9922,37.67963],[126.99697,37.68265],[127.00459,37.68507],[127.00866,37.68445],[127.00936,37.67958],[127.01793,37.67075]]]]}},{"type":"Feature","properties":{"code":"11100","name":"도봉구","slug":"dobong-gu","wide":"seoul","center":[127.02941,37.67284]},"geometry":{"type":"MultiPolygon","coordinates":[[[[127.02215,37.69972],[127.02769,37.70094],[127.03241,37.69184],[127.04111,37.6953],[127.04509,37.69239],[127.04863,37.69406],[127.0522,37.68499],[127.04816,37.67119],[127.05401,37.6553],[127.05578,37.64063],[127.05048,37.64483],[127.04239,37.63051],[127.03195,37.64217],[127.02469,37.64734],[127.01509,37.64928],[127.01251,37.65185],[127.01461,37.66098],[127.01689,37.66217],[127.01576,37.66699],[127.0187,37.67086],[127.00936,37.67958],[127.00829,37.69011],[127.00967,37.6967],[127.01542,37.70146],[127.02215,37.69972]]]]}},{"type":"Feature","properties":{"code":"11110","name":"노원구","slug":"nowon-gu","wide":"seoul","center":[127.08207,37.65961]},"geometry":{"type":"MultiPolygon","coordinates":[[[[127.08384,37.69427],[127.08518,37.69039],[127.096,37.68907],[127.09642,37.68564],[127.09195,37.67919],[127.09645,37.66969],[127.09458,37.66617],[127.09541,37.66389],[127.09121,37.65933],[127.09404,37.65254],[127.09269,37.64858],[127.09457,37.64457],[127.10658,37.64538],[127.11126,37.64238],[127.1122,37.63264],[127.10596,37.62733],[127.10493,37.6201],[127.09882,37.62039],[127.09322,37.618],[127.08607,37.62029],[127.0621,37.61437],[127.04166,37.63147],[127.05048,37.64483],[127.05578,37.64063],[127.05401,37.6553],[127.04816,37.67119],[127.05213,37.68295],[127.0518,37.68707],[127.05966,37.69033],[127.06339,37.69492],[127.07266,37.6938],[127.0811,37.69614],[127.08384,37.69427]]]]}},{"type":"Feature","properties":{"code":"11120","name":"은평구","slug":"eunpyeong-gu","wide":"seoul","center":[126.91925,37.61643]},"geometry":{"type":"MultiPolygon","coordinates":[[[[126.95172,37.65489],[126.95711,37.65284],[126.96333,37.63325],[126.949,37.62434],[126.95036,37.61062],[126.94066,37.60312],[126.94088,37.5987],[126.93023,37.59454],[126.92775,37.58892],[126.92086,37.58294],[126.91594,37.58309],[126.9157,37.58598],[126.91284,37.58722],[126.90208,37.57601],[126.88206,37.59079],[126.88734,37.59392],[126.88547,37.5911],[126.88761,37.58867],[126.89964,37.58982],[126.90121,37.5963],[126.90015,37.60312],[126.90211,37.60374],[126.9003,37.61119],[126.90336,37.61884],[126.90712,37.62194],[126.9088,37.62909],[126.9062,37.63322],[126.91121,37.63591],[126.91228,37.64432],[126.90481,37.64913],[126.91372,37.64476],[126.9234,37.64594],[126.93571,37.6512],[126.9427,37.65792],[126.94751,37.65919],[126.95172,37.65489]]]]}},{"type":"Feature","properties":{"code":"11130","name":"서대문구","slug":"seodaemun-gu","wide":"seoul","center":[126.93755,37.58355]},"geometry":{"type":"MultiPolygon","coordinates":[[[[126.95827,37.59779],[126.95721,37.57987],[126.95356,37.57875],[126.96946,37.56198],[126.95988,37.55762],[126.93686,37.5551],[126.92659,37.55885],[126.92828,37.56333],[126.92601,37.5651],[126.90979,37.57099],[126.90208,37.57601],[126.91284,37.58722],[126.9157,37.58598],[126.91594,37.58309],[126.92086,37.58294],[126.92775,37.58892],[126.93023,37.59454],[126.94088,37.5987],[126.94066,37.60312],[126.95036,37.61062],[126.95388,37.6048],[126.95238,37.60248],[126.95338,37.59953],[126.95827,37.59779]]]]}},{"type":"Feature","properties":{"code":"11140","name":"마포구","slug":"mapo-gu","wide":"seoul","center":[126.91484,37.56003]},"geometry":{"type":"MultiPolygon","coordinates":[[[[126.89777,37.57894],[126.90979,37.57099],[126.92601,37.5651],[126.92828,37.56333],[126.92659,37.55885],[126.93686,37.5551],[126.95825,37.5573],[126.96165,37.55909],[126.96343,37.55696],[126.96334,37.54864],[126.95792,37.5455],[126.95666,37.54059],[126.95336,37.53749],[126.94459,37.53379],[126.93034,37.54136],[126.9271,37.53904],[126.92241,37.54143],[126.90483,37.54142],[126.89894,37.54801],[126.86629,37.56305],[126.85363,37.57179],[126.85363,37.5738],[126.86342,37.57687],[126.87626,37.57819],[126.87763,37.57975],[126.87675,37.58464],[126.88206,37.59079],[126.89777,37.57894]]]]}},{"type":"Feature","properties":{"code":"11150","name":"양천구","slug":"yangcheon-gu","wide":"seoul","center":[126.84893,37.52616]},"geometry":{"type":"MultiPolygon","coordinates":[[[[126.87472,37.51072],[126.87358,37.50356],[126.87027,37.50583],[126.86352,37.50505],[126.85834,37.50987],[126.85291,37.51064],[126.83398,37.50336],[126.83062,37.50631],[126.83101,37.50798],[126.82419,37.51052],[126.82613,37.5243],[126.82843,37.5267],[126.82821,37.52903],[126.82531,37.52996],[126.82193,37.53505],[126.82212,37.54068],[126.82543,37.54171],[126.82596,37.54486],[126.82976,37.54774],[126.83003,37.5426],[126.8331,37.54185],[126.84052,37.52649],[126.86398,37.52979],[126.86211,37.54436],[126.8642,37.55115],[126.87264,37.54707],[126.88066,37.5482],[126.89051,37.53171],[126.87875,37.52535],[126.87914,37.51786],[126.87472,37.51072]]]]}},{"type":"Feature","properties":{"code":"11160","name":"강서구","slug":"gangseo-gu","wide":"seoul","center":[126.81214,37.55686]},"geometry":{"type":"MultiPolygon","coordinates":[[[[126.82522,37.58912],[126.86465,37.564],[126.88046,37.55627],[126.87803,37.55303],[126.88026,37.54774],[126.87243,37.54711],[126.8642,37.55115],[126.86211,37.54436],[126.86398,37.52979],[126.84052,37.52649],[126.8331,37.54185],[126.83003,37.5426],[126.82976,37.54774],[126.82596,37.54486],[126.82543,37.54171],[126.81332,37.54064],[126.80719,37.54372],[126.80396,37.54315],[126.79933,37.54064],[126.79946,37.53773],[126.79442,37.53583],[126.7938,37.53999],[126.79056,37.54392],[126.78695,37.54598],[126.77791,37.54667],[126.77529,37.54897],[126.77155,37.54832],[126.76449,37.55528],[126.7707,37.55721],[126.77564,37.5619],[126.77784,37.55993],[126.77594,37.56521],[126.78136,37.56893],[126.78241,37.57361],[126.78756,37.57556],[126.79133,37.58122],[126.7937,37.58159],[126.79344,37.58452],[126.80074,37.58784],[126.79708,37.59774],[126.80258,37.60503],[126.82522,37.58912]]]]}},{"type":"Feature","properties":{"code":"11170","name":"구로구","slug":"guro-gu","wide":"seoul","center":[126.85399,37.49284]},"geometry":{"type":"MultiPolygon","coordinates":[[[[126.87472,37.51072],[126.87936,37.51793],[126.89234,37.50909],[126.89641,37.489],[126.9032,37.485],[126.89899,37.47915],[126.88985,37.4794],[126.87925,37.48632],[126.87456,37.48537],[126.87679,37.48857],[126.87275,37.48843],[126.87413,37.49134],[126.87023,37.4896],[126.8695,37.49433],[126.86759,37.49482],[126.8527,37.48182],[126.84642,37.48151],[126.84503,37.47356],[126.83461,37.47487],[126.83175,37.47765],[126.82787,37.47599],[126.81942,37.47633],[126.81767,37.47324],[126.81466,37.47476],[126.819,37.47916],[126.82327,37.48791],[126.81457,37.49319],[126.81301,37.4964],[126.81964,37.49921],[126.82222,37.50769],[126.83065,37.50817],[126.83165,37.50508],[126.8353,37.50282],[126.84727,37.50952],[126.85291,37.51064],[126.85834,37.50987],[126.86352,37.50505],[126.87027,37.50583],[126.87358,37.50356],[126.87472,37.51072]]]]}},{"type":"Feature","properties":{"code":"11180","name":"금천구","slug":"geumcheon-gu","wide":"seoul","center":[126.89908,37.46332]},"geometry":{"type":"MultiPolygon","coordinates":[[[[126.88148,37.48549],[126.88878,37.47979],[126.89587,37.47834],[126.90978,37.48077],[126.90865,37.47908],[126.91183,37.47782],[126.91136,37.47451],[126.9082,37.47269],[126.91372,37.46547],[126.91403,37.45791],[126.92219,37.45662],[126.92828,37.44935],[126.91866,37.43998],[126.91231,37.43858],[126.90941,37.43386],[126.90299,37.43407],[126.89898,37.4387],[126.89398,37.45272],[126.88964,37.45232],[126.88626,37.45636],[126.88544,37.46012],[126.88888,37.46095],[126.88286,37.46426],[126.88457,37.46565],[126.87274,37.48242],[126.87267,37.48622],[126.88148,37.48549]]]]}},{"type":"Feature","properties":{"code":"11190","name":"영등포구","slug":"yeongdeungpo-gu","wide":"seoul","center":[126.90861,37.52376]},"geometry":{"type":"MultiPolygon","coordinates":[[[[126.92684,37.53909],[126.93034,37.54136],[126.94459,37.53379],[126.94988,37.52703],[126.94989,37.51752],[126.92687,37.51554],[126.91982,37.4978],[126.91196,37.49604],[126.9032,37.485],[126.89865,37.48664],[126.89556,37.49139],[126.89234,37.50909],[126.8782,37.51878],[126.87861,37.52507],[126.88068,37.52754],[126.89051,37.53171],[126.87803,37.55303],[126.88046,37.55627],[126.89894,37.54801],[126.90483,37.54142],[126.92241,37.54143],[126.92684,37.53909]]]]}},{"type":"Feature","properties":{"code":"11200","name":"동작구","slug":"dongjak-gu","wide":"seoul","center":[126.94897,37.49488]},"geometry":{"type":"MultiPolygon","coordinates":[[[[126.98289,37.49577],[126.9817,37.47653],[126.97052,37.47538],[126.96479,37.47951],[126.96107,37.48356],[126.96029,37.49374],[126.95373,37.49064],[126.94696,37.49413],[126.93827,37.49237],[126.92791,37.49508],[126.92415,37.48998],[126.91878,37.49015],[126.91127,37.48627],[126.9032,37.485],[126.91196,37.49604],[126.91982,37.4978],[126.92687,37.51554],[126.94956,37.51761],[126.95697,37.51512],[126.96692,37.50988],[126.98041,37.50654],[126.98539,37.49986],[126.98289,37.49577]]]]}},{"type":"Feature","properties":{"code":"11210","name":"관악구","slug":"gwanak-gu","wide":"seoul","center":[126.94004,37.47105]},"geometry":{"type":"MultiPolygon","coordinates":[[[[126.93432,37.49305],[126.94371,37.4924],[126.94696,37.49413],[126.95373,37.49064],[126.96105,37.49326],[126.96107,37.48356],[126.97052,37.47538],[126.9817,37.47653],[126.98321,37.47157],[126.9873,37.46761],[126.98864,37.45817],[126.97458,37.45441],[126.97057,37.44945],[126.96429,37.44627],[126.96463,37.44204],[126.96294,37.44028],[126.93857,37.43642],[126.93665,37.44175],[126.93055,37.44547],[126.92837,37.45101],[126.92219,37.45662],[126.91403,37.45791],[126.91372,37.46547],[126.9082,37.47269],[126.91136,37.47451],[126.91183,37.47782],[126.90865,37.47908],[126.90978,37.48077],[126.89894,37.47894],[126.9032,37.485],[126.91127,37.48627],[126.91878,37.49015],[126.92415,37.48998],[126.9275,37.495],[126.93432,37.49305]]]]}},{"type":"Feature","properties":{"code":"11220","name":"서초구","slug":"seocho-gu","wide":"seoul","center":[127.03633,37.46982]},"geometry":{"type":"MultiPolygon","coordinates":[[[[127.01212,37.52327],[127.01523,37.52485],[127.01782,37.52181],[127.03409,37.48437],[127.04175,37.48544],[127.04523,37.4773],[127.0509,37.47181],[127.04886,37.46989],[127.05105,37.46937],[127.05095,37.46758],[127.06551,37.46952],[127.07691,37.47522],[127.08448,37.4758],[127.08502,37.4713],[127.09162,37.46572],[127.09191,37.46231],[127.09566,37.46102],[127.09522,37.45639],[127.08882,37.44975],[127.08786,37.44489],[127.08144,37.44123],[127.07225,37.4422],[127.07384,37.43741],[127.06962,37.43061],[127.05346,37.42881],[127.04737,37.4307],[127.04109,37.43777],[127.03557,37.439],[127.03823,37.44518],[127.03578,37.4522],[127.03713,37.45521],[127.03467,37.46409],[127.03192,37.46552],[127.02993,37.46535],[127.026,37.45782],[127.01506,37.45483],[127.00923,37.45722],[127.00368,37.46772],[126.99675,37.46707],[126.99677,37.46187],[126.98864,37.45817],[126.98787,37.45927],[126.98793,37.46594],[126.98171,37.47629],[126.98293,37.49699],[126.98539,37.49986],[126.98041,37.50654],[126.98555,37.50654],[126.9907,37.51309],[127.00858,37.5256],[127.01212,37.52327]]]]}},{"type":"Feature","properties":{"code":"11230","name":"강남구","slug":"gangnam-gu","wide":"seoul","center":[127.06755,37.48746]},"geometry":{"type":"MultiPolygon","coordinates":[[[[127.06545,37.52505],[127.06748,37.52458],[127.06981,37.50274],[127.09587,37.4963],[127.10789,37.48905],[127.12421,37.46652],[127.11747,37.4622],[127.11689,37.45864],[127.10617,37.46241],[127.09931,37.45668],[127.09522,37.45639],[127.09566,37.46102],[127.09191,37.46231],[127.09162,37.46572],[127.08502,37.4713],[127.08448,37.4758],[127.07691,37.47522],[127.06551,37.46952],[127.05095,37.46758],[127.05105,37.46937],[127.04886,37.46989],[127.0509,37.47181],[127.04523,37.4773],[127.04175,37.48544],[127.03409,37.48437],[127.01782,37.52181],[127.01523,37.52485],[127.01319,37.52258],[127.00858,37.5256],[127.02118,37.53582],[127.04039,37.53582],[127.06545,37.52505]]]]}},{"type":"Feature","properties":{"code":"11240","name":"송파구","slug":"songpa-gu","wide":"seoul","center":[127.12623,37.5016]},"geometry":{"type":"MultiPolygon","coordinates":[[[[127.12344,37.53865],[127.11929,37.52787],[127.14539,37.51651],[127.14211,37.51466],[127.14024,37.50985],[127.14113,37.50546],[127.14595,37.50323],[127.15082,37.50406],[127.15644,37.50186],[127.15773,37.50318],[127.16143,37.50002],[127.1574,37.48909],[127.14868,37.48404],[127.14715,37.47722],[127.14437,37.47733],[127.14353,37.47393],[127.13286,37.47463],[127.1328,37.46839],[127.12488,37.4696],[127.12421,37.46652],[127.10789,37.48905],[127.10338,37.49278],[127.07699,37.50207],[127.06981,37.50274],[127.06748,37.52458],[127.07695,37.52251],[127.08563,37.52476],[127.10924,37.54317],[127.12344,37.53865]]]]}},{"type":"Feature","properties":{"code":"11250","name":"강동구","slug":"gangdong-gu","wide":"seoul","center":[127.15527,37.55114]},"geometry":{"type":"MultiPolygon","coordinates":[[[[127.17669,37.57907],[127.17568,37.5749],[127.182,37.56099],[127.18134,37.55296],[127.18354,37.54517],[127.17933,37.54657],[127.16316,37.54499],[127.15402,37.53451],[127.15316,37.52911],[127.1478,37.52215],[127.14578,37.52194],[127.14509,37.51683],[127.11929,37.52787],[127.12344,37.53865],[127.10924,37.54317],[127.1173,37.55943],[127.13427,37.56795],[127.14895,37.56843],[127.16675,37.57898],[127.17715,37.5812],[127.17669,37.57907]]]]}},{"type":"Feature","properties":{"code":"21010","name":"중구","slug":"jung-gu","wide":"busan","center":[129.0356,35.10659]},"geometry":{"type":"MultiPolygon","coordinates":[[[[129.03283,35.11616],[129.0416,35.11097],[129.04114,35.10869],[129.04462,35.10602],[129.04682,35.10676],[129.04372,35.10495],[129.04032,35.10703],[129.0436,35.10339],[129.04219,35.10197],[129.03818,35.10436],[129.0399,35.10035],[129.03739,35.09666],[129.02639,35.09569],[129.02152,35.10194],[129.02235,35.10752],[129.026,35.11083],[129.02758,35.11021],[129.02745,35.11554],[129.03283,35.11616]]]]}},{"type":"Feature","properties":{"code":"21020","name":"서구","slug":"seo-gu","wide":"busan","center":[129.01351,35.09992]},"geometry":{"type":"MultiPolygon","coordinates":[[[[129.00398,35.13957],[129.01589,35.13603],[129.02563,35.13566],[129.02601,35.12492],[129.0243,35.11879],[129.0281,35.11308],[129.02758,35.11021],[129.0229,35.10894],[129.02119,35.10324],[129.02639,35.09569],[129.02524,35.09351],[129.02673,35.08528],[129.02461,35.07633],[129.02018,35.07701],[129.01689,35.07426],[129.02129,35.06967],[129.02233,35.06188],[129.01644,35.05721],[129.01567,35.05324],[129.01058,35.05169],[129.00885,35.06047],[129.01113,35.06302],[129.0055,35.0711],[129.00446,35.07844],[129.01117,35.07679],[129.01421,35.09374],[129.00724,35.09952],[129.01048,35.10569],[129.00433,35.11024],[129.002,35.11426],[129.00272,35.11725],[128.99879,35.1198],[129.00001,35.1237],[129.00356,35.12646],[129.0027,35.13373],[129.00433,35.13641],[128.99603,35.14041],[129.00398,35.13957]]]]}},{"type":"Feature","properties":{"code":"21030","name":"동구","slug":"dong-gu","wide":"busan","center":[129.04749,35.12417]},"geometry":{"type":"MultiPolygon","coordinates":[[[[129.05009,35.14358],[129.06454,35.14142],[129.06612,35.13034],[129.05607,35.11803],[129.05234,35.12051],[129.05529,35.12291],[129.05537,35.12532],[129.05268,35.12571],[129.05004,35.12357],[129.04865,35.12071],[129.05533,35.11602],[129.05435,35.11497],[129.05008,35.11765],[129.04728,35.11658],[129.05078,35.11248],[129.04656,35.10787],[129.04403,35.10761],[129.03283,35.11616],[129.02745,35.11554],[129.02464,35.11787],[129.02563,35.13566],[129.03837,35.13973],[129.04114,35.14616],[129.05009,35.14358]]]]}},{"type":"Feature","properties":{"code":"21040","name":"영도구","slug":"yeongdo-gu","wide":"busan","center":[129.0702,35.08085]},"geometry":{"type":"MultiPolygon","coordinates":[[[[129.06209,35.10126],[129.06143,35.09791],[129.06847,35.0959],[129.07844,35.08719],[129.07935,35.08475],[129.07773,35.08361],[129.07926,35.08204],[129.08321,35.08576],[129.08316,35.08333],[129.07925,35.0815],[129.08342,35.07516],[129.08571,35.07474],[129.09256,35.08027],[129.096,35.08037],[129.09473,35.07652],[129.09077,35.07384],[129.08686,35.07268],[129.08587,35.07412],[129.07997,35.07137],[129.08423,35.06975],[129.08792,35.06268],[129.09563,35.06001],[129.09152,35.05102],[129.08642,35.04927],[129.0827,35.05047],[129.07735,35.06032],[129.07077,35.05864],[129.06515,35.06138],[129.06501,35.06836],[129.05694,35.06947],[129.0344,35.08502],[129.03161,35.09403],[129.03671,35.09264],[129.03605,35.09451],[129.03849,35.09359],[129.04548,35.09714],[129.04889,35.09532],[129.04778,35.09793],[129.05229,35.09674],[129.05113,35.09963],[129.05931,35.10105],[129.06239,35.10401],[129.06209,35.10126]]]]}},{"type":"Feature","properties":{"code":"21050","name":"부산진구","slug":"busanjin-gu","wide":"busan","center":[129.0441,35.16505]},"geometry":{"type":"MultiPolygon","coordinates":[[[[129.04413,35.19944],[129.04824,35.19452],[129.0476,35.19047],[129.05128,35.18489],[129.06152,35.18349],[129.06281,35.17728],[129.07026,35.1758],[129.07198,35.17956],[129.08181,35.17189],[129.0812,35.16758],[129.0781,35.16438],[129.08284,35.15817],[129.08204,35.15548],[129.07867,35.15054],[129.07073,35.14817],[129.06301,35.1487],[129.06454,35.14142],[129.05253,35.14209],[129.04641,35.14566],[129.04114,35.14616],[129.03837,35.13973],[129.03359,35.13717],[129.02563,35.13566],[129.01271,35.13703],[129.01625,35.14335],[129.01413,35.14586],[129.01631,35.14731],[129.01666,35.15281],[129.01543,35.15629],[129.0106,35.15875],[129.0129,35.16652],[129.01057,35.17357],[129.01928,35.18046],[129.02107,35.18747],[129.02556,35.19174],[129.02554,35.19406],[129.03632,35.19915],[129.04413,35.19944]]]]}},{"type":"Feature","properties":{"code":"21060","name":"동래구","slug":"dongnae-gu","wide":"busan","center":[129.08009,35.20498]},"geometry":{"type":"MultiPolygon","coordinates":[[[[129.07828,35.22561],[129.08727,35.22186],[129.08392,35.21722],[129.08833,35.21768],[129.10513,35.21029],[129.11024,35.21015],[129.11111,35.20474],[129.11604,35.20114],[129.11432,35.19476],[129.11509,35.18365],[129.11176,35.18887],[129.0874,35.19366],[129.08055,35.19935],[129.07422,35.1981],[129.07189,35.19525],[129.06435,35.19372],[129.06238,35.19169],[129.05275,35.19226],[129.04824,35.19452],[129.04422,35.20173],[129.05043,35.2072],[129.05122,35.21299],[129.05583,35.21771],[129.0589,35.22478],[129.07828,35.22561]]]]}},{"type":"Feature","properties":{"code":"21070","name":"남구","slug":"nam-gu","wide":"busan","center":[129.09734,35.12013]},"geometry":{"type":"MultiPolygon","coordinates":[[[[129.09542,35.16131],[129.10122,35.15184],[129.10342,35.14478],[129.10215,35.14269],[129.11122,35.13576],[129.11406,35.1358],[129.10892,35.13284],[129.11286,35.13508],[129.1178,35.13211],[129.11276,35.12497],[129.12052,35.13388],[129.12413,35.12364],[129.12898,35.11817],[129.12719,35.10834],[129.12363,35.10198],[129.12423,35.09941],[129.11551,35.10019],[129.11297,35.10297],[129.11049,35.10114],[129.11451,35.09788],[129.10945,35.09154],[129.114,35.09784],[129.1106,35.10067],[129.10229,35.09449],[129.1051,35.09194],[129.09963,35.09118],[129.09521,35.09388],[129.09296,35.10927],[129.09037,35.10871],[129.09035,35.10362],[129.07499,35.10362],[129.06551,35.10915],[129.06738,35.10819],[129.06953,35.114],[129.0738,35.11677],[129.07225,35.11879],[129.06954,35.11831],[129.07304,35.12218],[129.06533,35.12289],[129.06609,35.13698],[129.06301,35.1487],[129.07073,35.14817],[129.07867,35.15054],[129.08284,35.15817],[129.09542,35.16131]],[[129.09945,35.09155],[129.10326,35.09343],[129.09883,35.09539],[129.09945,35.09155]]]]}},{"type":"Feature","properties":{"code":"21080","name":"북구","slug":"buk-gu","wide":"busan","center":[129.02878,35.2299]},"geometry":{"type":"MultiPolygon","coordinates":[[[[129.03484,35.27626],[129.0475,35.27421],[129.04294,35.26867],[129.04237,35.26395],[129.03657,35.2607],[129.04854,35.25525],[129.04536,35.25154],[129.04558,35.24731],[129.04958,35.24517],[129.05038,35.24125],[129.04404,35.23277],[129.04432,35.23069],[129.05216,35.22809],[129.06047,35.22982],[129.06177,35.22585],[129.0589,35.22478],[129.05583,35.21771],[129.05122,35.21299],[129.05043,35.2072],[129.04422,35.20173],[129.04413,35.19944],[129.03632,35.19915],[129.02554,35.19406],[129.02556,35.19174],[129.02107,35.18747],[129.00096,35.18999],[128.99382,35.19533],[128.99094,35.19385],[128.98789,35.1959],[128.98912,35.20012],[128.98774,35.20146],[128.99317,35.20675],[128.99536,35.21269],[128.99822,35.23291],[128.99676,35.23608],[129.0131,35.26653],[129.01482,35.27053],[129.01348,35.27376],[129.02151,35.2761],[129.03484,35.27626]]]]}},{"type":"Feature","properties":{"code":"21090","name":"해운대구","slug":"haeundae-gu","wide":"busan","center":[129.15688,35.19531]},"geometry":{"type":"MultiPolygon","coordinates":[[[[129.15506,35.23686],[129.16092,35.23552],[129.16905,35.22779],[129.16491,35.21516],[129.16039,35.2119],[129.1601,35.20641],[129.16966,35.20098],[129.17214,35.20222],[129.17918,35.19801],[129.18427,35.19722],[129.18545,35.19545],[129.18319,35.19004],[129.1848,35.1895],[129.1898,35.19038],[129.19486,35.19854],[129.19895,35.19965],[129.20694,35.19685],[129.20842,35.18198],[129.2013,35.17969],[129.19843,35.17682],[129.1944,35.16022],[129.18725,35.15948],[129.18172,35.15483],[129.16852,35.15915],[129.15652,35.15723],[129.15265,35.15173],[129.14966,35.15206],[129.15325,35.15803],[129.14817,35.15629],[129.14685,35.15345],[129.14233,35.15457],[129.14051,35.15702],[129.14204,35.15856],[129.13888,35.16131],[129.13093,35.16127],[129.12602,35.16534],[129.11473,35.18799],[129.11604,35.20114],[129.11111,35.20474],[129.11024,35.21015],[129.11221,35.21251],[129.11918,35.21444],[129.11752,35.22398],[129.12701,35.22714],[129.13052,35.23131],[129.13102,35.23534],[129.13567,35.23636],[129.14056,35.24161],[129.1446,35.25094],[129.14863,35.24606],[129.15637,35.24427],[129.15506,35.23686]]]]}},{"type":"Feature","properties":{"code":"21100","name":"사하구","slug":"saha-gu","wide":"busan","center":[128.97386,35.07932]},"geometry":{"type":"MultiPolygon","coordinates":[[[[128.99032,34.98088],[128.99401,34.98153],[128.98878,34.97826],[128.99032,34.98088]]],[[[128.97418,35.03114],[128.97518,35.02919],[128.97335,35.02516],[128.97114,35.02752],[128.97418,35.03114]]],[[[128.95347,35.06199],[128.95411,35.05562],[128.95292,35.05894],[128.94557,35.06187],[128.95076,35.05703],[128.95017,35.05449],[128.9423,35.05673],[128.93782,35.05432],[128.94566,35.0555],[128.95376,35.05315],[128.95669,35.0496],[128.95636,35.04685],[128.93067,35.04909],[128.92422,35.05482],[128.92872,35.05684],[128.93093,35.05537],[128.93064,35.05167],[128.9361,35.05051],[128.93021,35.05833],[128.94433,35.07455],[128.95347,35.06199]]],[[[128.95929,35.05014],[128.95265,35.07201],[128.9569,35.07277],[128.95259,35.07223],[128.95033,35.08178],[128.95485,35.09363],[128.95604,35.10644],[128.94882,35.10713],[128.94309,35.08637],[128.93278,35.0741],[128.92942,35.07388],[128.92853,35.07841],[128.93186,35.08474],[128.93297,35.09839],[128.93624,35.10634],[128.93898,35.10797],[128.93487,35.1119],[128.94778,35.1227],[128.95675,35.13511],[128.96223,35.13683],[128.95746,35.1243],[128.9584,35.11861],[128.95944,35.11771],[128.96369,35.12193],[128.97588,35.11705],[128.98007,35.11711],[128.98695,35.12422],[128.99975,35.12327],[128.99879,35.1198],[129.00272,35.11725],[129.00355,35.11126],[129.01048,35.10569],[129.00724,35.09952],[129.01117,35.09751],[129.01437,35.09103],[129.01117,35.07679],[129.00446,35.07844],[129.00524,35.08444],[129.00352,35.08614],[129.0,35.08358],[129.00125,35.07982],[128.99306,35.08395],[128.99536,35.06339],[128.99769,35.05741],[129.00141,35.04837],[129.00698,35.04895],[129.00006,35.0476],[128.99855,35.0444],[128.9925,35.04523],[128.98837,35.05797],[128.98458,35.05978],[128.97738,35.0567],[128.97278,35.05688],[128.97366,35.05331],[128.98276,35.05142],[128.97986,35.04774],[128.97301,35.04923],[128.96973,35.0474],[128.96972,35.04493],[128.97799,35.04021],[128.97293,35.04083],[128.9672,35.03623],[128.96744,35.03333],[128.96558,35.03244],[128.96446,35.03651],[128.96765,35.04376],[128.96003,35.04762],[128.95929,35.05014]]]]}},{"type":"Feature","properties":{"code":"21110","name":"금정구","slug":"geumjeong-gu","wide":"busan","center":[129.09135,35.25535]},"geometry":{"type":"MultiPolygon","coordinates":[[[[129.11429,35.30339],[129.12953,35.29827],[129.131,35.29347],[129.12423,35.28127],[129.12602,35.27849],[129.12073,35.26726],[129.12204,35.26192],[129.13446,35.25929],[129.13925,35.26053],[129.13831,35.25429],[129.1446,35.25094],[129.14056,35.24161],[129.13567,35.23636],[129.13102,35.23534],[129.13052,35.23131],[129.12701,35.22714],[129.11752,35.22398],[129.11918,35.21444],[129.11221,35.21251],[129.11024,35.21015],[129.10513,35.21029],[129.09212,35.21657],[129.08392,35.21722],[129.08727,35.22186],[129.07815,35.2258],[129.06284,35.22506],[129.06047,35.22982],[129.05216,35.22809],[129.04432,35.23069],[129.04404,35.23277],[129.05038,35.24125],[129.04958,35.24517],[129.04558,35.24731],[129.04536,35.25154],[129.04854,35.25525],[129.03657,35.2607],[129.04237,35.26395],[129.04294,35.26867],[129.04901,35.27841],[129.05385,35.28206],[129.05217,35.28586],[129.05815,35.29465],[129.07017,35.29434],[129.07427,35.29076],[129.09055,35.30342],[129.09673,35.30347],[129.10555,35.30653],[129.11429,35.30339]]]]}},{"type":"Feature","properties":{"code":"21120","name":"강서구","slug":"gangseo-gu","wide":"busan","center":[128.88254,35.14821]},"geometry":{"type":"MultiPolygon","coordinates":[[[[128.76905,35.01567],[128.77386,35.01505],[128.77634,35.01067],[128.7722,35.01046],[128.77061,35.01366],[128.76552,35.01195],[128.766,35.01495],[128.76905,35.01567]]],[[[128.91123,35.06169],[128.92,35.06127],[128.91685,35.05619],[128.90646,35.05988],[128.90585,35.06259],[128.91089,35.0636],[128.91123,35.06169]]],[[[128.89196,35.06159],[128.89345,35.06361],[128.91241,35.0558],[128.91966,35.05457],[128.91682,35.05161],[128.9117,35.05508],[128.88956,35.05945],[128.88629,35.06146],[128.88654,35.0643],[128.88858,35.06481],[128.89196,35.06159]]],[[[128.87836,35.06362],[128.86992,35.06462],[128.85796,35.06966],[128.86832,35.0722],[128.88556,35.06855],[128.88529,35.06552],[128.87836,35.06362]]],[[[128.84635,35.06032],[128.84759,35.06272],[128.83682,35.06736],[128.83751,35.0748],[128.83988,35.0743],[128.84225,35.06955],[128.85493,35.06916],[128.85843,35.06463],[128.84635,35.06032]]],[[[128.92207,35.07764],[128.92153,35.0747],[128.91555,35.07563],[128.90308,35.07093],[128.91313,35.07557],[128.92196,35.07668],[128.91539,35.07783],[128.92207,35.07764]]],[[[128.84579,35.05946],[128.84993,35.05215],[128.8512,35.04204],[128.84877,35.03397],[128.84324,35.03078],[128.84356,35.02764],[128.83943,35.01944],[128.83494,35.01565],[128.83457,35.01089],[128.84102,35.00688],[128.8374,35.00004],[128.83989,34.99747],[128.82787,34.98864],[128.83016,34.9946],[128.82176,34.99464],[128.8223,35.00087],[128.81817,35.00434],[128.82316,35.00464],[128.82365,35.007],[128.82011,35.00923],[128.82624,35.01035],[128.82723,35.01362],[128.82338,35.01683],[128.80624,35.02123],[128.80477,35.02412],[128.81313,35.02365],[128.81544,35.02654],[128.8146,35.02978],[128.80751,35.03171],[128.80773,35.03389],[128.81157,35.03424],[128.81242,35.0397],[128.80565,35.04746],[128.7975,35.0493],[128.79686,35.0539],[128.80332,35.05535],[128.79095,35.05341],[128.79092,35.06163],[128.79439,35.06253],[128.79518,35.05974],[128.80591,35.06146],[128.80498,35.06676],[128.83239,35.07131],[128.83238,35.07761],[128.81151,35.07758],[128.8115,35.08299],[128.81853,35.083],[128.82154,35.08585],[128.82643,35.08621],[128.8287,35.08997],[128.83516,35.08641],[128.83525,35.06729],[128.83258,35.05819],[128.8337,35.05595],[128.84199,35.05409],[128.84591,35.05645],[128.84579,35.05946]]],[[[128.82069,35.09702],[128.82364,35.10198],[128.8348,35.1018],[128.84161,35.10592],[128.84296,35.11316],[128.83755,35.11612],[128.83593,35.11909],[128.83806,35.12318],[128.83298,35.12994],[128.82738,35.1282],[128.82423,35.13103],[128.81536,35.13263],[128.80765,35.1391],[128.80669,35.1425],[128.80213,35.1419],[128.80177,35.1466],[128.79604,35.15288],[128.79452,35.15854],[128.81597,35.16016],[128.82753,35.15559],[128.83601,35.15914],[128.84293,35.15799],[128.84629,35.16469],[128.85974,35.16817],[128.86739,35.16771],[128.8715,35.16506],[128.8721,35.16262],[128.86918,35.15865],[128.86665,35.15976],[128.86518,35.15819],[128.87166,35.15046],[128.87531,35.15117],[128.87442,35.15857],[128.88083,35.15947],[128.88139,35.16134],[128.87701,35.165],[128.87577,35.17051],[128.87235,35.17227],[128.87348,35.17414],[128.88115,35.17185],[128.88004,35.17887],[128.88168,35.1822],[128.87606,35.18809],[128.87619,35.19263],[128.87035,35.20156],[128.87906,35.21004],[128.8864,35.21448],[128.89682,35.2132],[128.90836,35.21676],[128.90502,35.22007],[128.90931,35.22294],[128.90917,35.22056],[128.91027,35.2229],[128.9125,35.22252],[128.91665,35.21696],[128.92013,35.21642],[128.94068,35.22752],[128.944,35.22833],[128.94853,35.22524],[128.97274,35.22723],[128.98976,35.2317],[128.99676,35.23608],[128.99822,35.23291],[128.99388,35.20811],[128.98188,35.19666],[128.96632,35.1879],[128.96362,35.18451],[128.95964,35.13665],[128.95308,35.13128],[128.94778,35.1227],[128.93487,35.1119],[128.93526,35.10995],[128.93271,35.11013],[128.93019,35.09272],[128.92466,35.09239],[128.91322,35.08764],[128.91119,35.07893],[128.89524,35.07891],[128.89526,35.08642],[128.89781,35.09286],[128.89936,35.09259],[128.90064,35.11138],[128.90563,35.11806],[128.89763,35.12029],[128.88947,35.10784],[128.88771,35.08931],[128.8833,35.08233],[128.8841,35.07931],[128.86925,35.08136],[128.87073,35.08404],[128.8724,35.08286],[128.87083,35.08865],[128.8708,35.0851],[128.86823,35.08322],[128.83889,35.08206],[128.8352,35.08842],[128.83209,35.08838],[128.82178,35.09774],[128.82069,35.09702]]]]}},{"type":"Feature","properties":{"code":"21130","name":"연제구","slug":"yeonje-gu","wide":"busan","center":[129.08164,35.18093]},"geometry":{"type":"MultiPolygon","coordinates":[[[[129.09058,35.19308],[129.10839,35.1903],[129.11203,35.18874],[129.11519,35.18355],[129.11138,35.17588],[129.10357,35.18087],[129.09708,35.17858],[129.09714,35.17163],[129.09158,35.1655],[129.09542,35.16131],[129.08284,35.15817],[129.0781,35.16438],[129.08198,35.1715],[129.07858,35.17544],[129.07198,35.17956],[129.07026,35.1758],[129.06261,35.17736],[129.06152,35.18349],[129.05128,35.18489],[129.04733,35.19217],[129.04824,35.19452],[129.05275,35.19226],[129.06238,35.19169],[129.07818,35.19946],[129.09058,35.19308]]]]}},{"type":"Feature","properties":{"code":"21140","name":"수영구","slug":"suyeong-gu","wide":"busan","center":[129.11186,35.15969]},"geometry":{"type":"MultiPolygon","coordinates":[[[[129.11509,35.18626],[129.12602,35.16534],[129.13533,35.15575],[129.12431,35.15304],[129.12191,35.1545],[129.11812,35.15232],[129.11508,35.14739],[129.11795,35.14518],[129.11777,35.14045],[129.11122,35.13576],[129.10215,35.14269],[129.10342,35.14478],[129.10122,35.15184],[129.09158,35.1655],[129.09714,35.17163],[129.09708,35.17858],[129.10357,35.18087],[129.11138,35.17588],[129.11509,35.18626]]]]}},{"type":"Feature","properties":{"code":"21150","name":"사상구","slug":"sasang-gu","wide":"busan","center":[128.99311,35.15562]},"geometry":{"type":"MultiPolygon","coordinates":[[[[128.98789,35.1959],[128.99094,35.19385],[128.99382,35.19533],[129.00096,35.18999],[129.02107,35.18747],[129.01928,35.18046],[129.01057,35.17357],[129.0129,35.16652],[129.0106,35.15875],[129.01631,35.15464],[129.01631,35.14731],[129.01413,35.14586],[129.01625,35.14335],[129.01218,35.13748],[129.0017,35.14072],[128.99603,35.14041],[129.00433,35.13641],[129.0027,35.13373],[129.00356,35.12646],[128.99975,35.12327],[128.98695,35.12422],[128.98047,35.1174],[128.97701,35.1169],[128.96369,35.12193],[128.95944,35.11771],[128.95746,35.1243],[128.96223,35.13561],[128.95964,35.13665],[128.96342,35.184],[128.96632,35.1879],[128.98774,35.20146],[128.98912,35.20012],[128.98789,35.1959]]]]}},{"type":"Feature","properties":{"code":"21310","name":"기장군","slug":"gijang-gun","wide":"busan","center":[129.21474,35.28826]},"geometry":{"type":"MultiPolygon","coordinates":[[[[129.2165,35.37935],[129.2354,35.38026],[129.23702,35.38356],[129.24022,35.3843],[129.24879,35.38315],[129.25088,35.38472],[129.25064,35.38737],[129.25797,35.38412],[129.26552,35.38714],[129.26808,35.38064],[129.27684,35.37214],[129.27943,35.36614],[129.28223,35.36532],[129.28052,35.35622],[129.28493,35.35073],[129.28388,35.34608],[129.27966,35.34137],[129.28977,35.33926],[129.29189,35.33682],[129.29994,35.33597],[129.30483,35.32989],[129.30575,35.32462],[129.30362,35.32229],[129.30523,35.32459],[129.30348,35.32973],[129.30185,35.32024],[129.2992,35.31836],[129.29145,35.31806],[129.28654,35.32025],[129.28826,35.32005],[129.28819,35.32337],[129.28489,35.32467],[129.28498,35.32623],[129.28062,35.32652],[129.26826,35.32167],[129.26198,35.31544],[129.25788,35.3057],[129.26101,35.2978],[129.26075,35.29173],[129.25726,35.2889],[129.2592,35.28428],[129.25558,35.28037],[129.2556,35.27484],[129.25209,35.27111],[129.24733,35.27184],[129.24654,35.26977],[129.24561,35.27236],[129.24365,35.27045],[129.24484,35.26782],[129.2431,35.26417],[129.23584,35.26485],[129.23373,35.2612],[129.23542,35.25811],[129.23914,35.25736],[129.24337,35.25968],[129.24587,35.25799],[129.25213,35.26022],[129.25343,35.24645],[129.25042,35.24392],[129.24455,35.24427],[129.2455,35.2421],[129.2499,35.2408],[129.2453,35.23759],[129.24306,35.23825],[129.24497,35.23141],[129.24161,35.22911],[129.23929,35.22118],[129.23546,35.2183],[129.22933,35.22135],[129.23039,35.22406],[129.22726,35.22429],[129.22703,35.21763],[129.22199,35.21263],[129.22369,35.20896],[129.23006,35.20411],[129.23023,35.19824],[129.22506,35.19595],[129.22323,35.18974],[129.22413,35.18586],[129.21926,35.18381],[129.21584,35.18729],[129.20842,35.18198],[129.20683,35.19695],[129.19895,35.19965],[129.19486,35.19854],[129.1898,35.19038],[129.1848,35.1895],[129.18319,35.19004],[129.18545,35.19545],[129.18427,35.19722],[129.17918,35.19801],[129.17214,35.20222],[129.16966,35.20098],[129.1601,35.20641],[129.16039,35.2119],[129.16491,35.21516],[129.16905,35.22779],[129.16092,35.23552],[129.15539,35.23588],[129.15637,35.24427],[129.14863,35.24606],[129.14705,35.24943],[129.13831,35.25429],[129.13925,35.26053],[129.13446,35.25929],[129.12204,35.26192],[129.12073,35.26726],[129.12509,35.27455],[129.12602,35.27849],[129.12423,35.28127],[129.13063,35.29128],[129.12992,35.29736],[129.12273,35.30146],[129.10856,35.30458],[129.11241,35.31014],[129.11201,35.31673],[129.11366,35.32022],[129.11814,35.32248],[129.12107,35.32875],[129.12576,35.33206],[129.12399,35.33786],[129.128,35.34327],[129.12714,35.3454],[129.13459,35.35145],[129.13323,35.35636],[129.12614,35.36303],[129.12217,35.36383],[129.11818,35.36903],[129.15012,35.36393],[129.17614,35.3514],[129.18573,35.35857],[129.19337,35.36124],[129.19378,35.36334],[129.19876,35.3665],[129.19918,35.37598],[129.19359,35.38209],[129.19937,35.38904],[129.20795,35.38245],[129.2165,35.37935]]]]}},{"type":"Feature","properties":{"code":"22010","name":"중구","slug":"jung-gu","wide":"daegu","center":[128.59035,35.86894]},"geometry":{"type":"MultiPolygon","coordinates":[[[[128.59508,35.87584],[128.61257,35.87392],[128.61466,35.86814],[128.6129,35.86407],[128.60867,35.86079],[128.60831,35.85491],[128.58286,35.85634],[128.57445,35.86007],[128.57377,35.86537],[128.57961,35.87033],[128.5794,35.8728],[128.57558,35.8731],[128.57657,35.87608],[128.57842,35.87591],[128.57774,35.87958],[128.59508,35.87584]]]]}},{"type":"Feature","properties":{"code":"22020","name":"동구","slug":"dong-gu","wide":"daegu","center":[128.68058,35.92941]},"geometry":{"type":"MultiPolygon","coordinates":[[[[128.69604,36.01557],[128.6968,36.01317],[128.70138,36.01085],[128.71786,36.00813],[128.72688,36.00323],[128.73486,35.99296],[128.73159,35.98938],[128.73097,35.98536],[128.7367,35.98115],[128.73882,35.97681],[128.74621,35.97287],[128.74299,35.95995],[128.73796,35.95594],[128.74067,35.95331],[128.74409,35.94396],[128.73671,35.92957],[128.74283,35.92028],[128.7553,35.91501],[128.75918,35.9083],[128.7598,35.90683],[128.75656,35.90357],[128.76133,35.88752],[128.75768,35.8781],[128.7607,35.87387],[128.75884,35.87061],[128.7598,35.86607],[128.7551,35.86358],[128.75075,35.85751],[128.73857,35.8513],[128.7337,35.8522],[128.72411,35.85994],[128.71143,35.86082],[128.70375,35.85759],[128.6855,35.85911],[128.68002,35.86214],[128.67989,35.86669],[128.67581,35.87327],[128.66495,35.87283],[128.6594,35.87681],[128.65566,35.87607],[128.65109,35.87833],[128.64495,35.87661],[128.63512,35.87201],[128.62981,35.86671],[128.61466,35.86814],[128.61257,35.87392],[128.60683,35.87694],[128.62216,35.89243],[128.62795,35.88947],[128.63165,35.89312],[128.62693,35.90419],[128.62826,35.9074],[128.63205,35.90788],[128.6326,35.91675],[128.6318,35.92643],[128.62754,35.92962],[128.62825,35.9319],[128.62526,35.93568],[128.62658,35.94537],[128.62332,35.94619],[128.62345,35.95229],[128.6267,35.95813],[128.62253,35.96217],[128.62297,35.96594],[128.6183,35.97057],[128.61988,35.97405],[128.61891,35.97649],[128.60943,35.98534],[128.60338,35.98782],[128.61867,36.00641],[128.63058,36.00712],[128.64071,36.01053],[128.65101,36.00731],[128.65655,36.00986],[128.66544,36.01051],[128.66952,36.01327],[128.69604,36.01557]]]]}},{"type":"Feature","properties":{"code":"22030","name":"서구","slug":"seo-gu","wide":"daegu","center":[128.55068,35.87655]},"geometry":{"type":"MultiPolygon","coordinates":[[[[128.56298,35.88957],[128.58184,35.8851],[128.58,35.87913],[128.57774,35.87958],[128.57842,35.87591],[128.57549,35.87386],[128.57676,35.87188],[128.5794,35.8728],[128.57961,35.87033],[128.57377,35.86537],[128.57418,35.8626],[128.54809,35.8543],[128.54168,35.85636],[128.53996,35.85872],[128.53327,35.85875],[128.53377,35.86136],[128.5276,35.86164],[128.52739,35.86486],[128.51913,35.86942],[128.52115,35.87265],[128.51635,35.88307],[128.51765,35.88466],[128.52636,35.88834],[128.52844,35.8863],[128.5347,35.88582],[128.54088,35.89352],[128.55189,35.89722],[128.55325,35.89544],[128.55179,35.894],[128.55464,35.89099],[128.56298,35.88957]]]]}},{"type":"Feature","properties":{"code":"22040","name":"남구","slug":"nam-gu","wide":"daegu","center":[128.58233,35.83039]},"geometry":{"type":"MultiPolygon","coordinates":[[[[128.57445,35.86007],[128.58286,35.85634],[128.60869,35.85426],[128.60581,35.83488],[128.60766,35.8271],[128.60495,35.8268],[128.59983,35.81479],[128.5943,35.81309],[128.5878,35.80767],[128.58383,35.80736],[128.58164,35.81203],[128.57935,35.81202],[128.57078,35.81941],[128.56861,35.82493],[128.5673,35.82349],[128.56312,35.82433],[128.5555,35.83441],[128.5621,35.84354],[128.57361,35.85122],[128.57445,35.86007]]]]}},{"type":"Feature","properties":{"code":"22050","name":"북구","slug":"buk-gu","wide":"daegu","center":[128.58054,35.93221]},"geometry":{"type":"MultiPolygon","coordinates":[[[[128.61745,35.97728],[128.61988,35.97405],[128.6183,35.97057],[128.62297,35.96594],[128.62253,35.96217],[128.6267,35.95813],[128.62345,35.95229],[128.62332,35.94619],[128.62658,35.94537],[128.62526,35.93568],[128.62825,35.9319],[128.62754,35.92962],[128.6318,35.92643],[128.63205,35.90788],[128.62826,35.9074],[128.62693,35.90419],[128.63174,35.89403],[128.62795,35.88947],[128.62216,35.89243],[128.61698,35.88882],[128.61177,35.88107],[128.60701,35.87758],[128.61062,35.87497],[128.6044,35.87379],[128.58,35.87913],[128.58184,35.8851],[128.57593,35.8876],[128.55485,35.89087],[128.55179,35.894],[128.55325,35.89544],[128.55189,35.89722],[128.54088,35.89352],[128.53393,35.88567],[128.52844,35.8863],[128.51329,35.89324],[128.50483,35.89145],[128.50769,35.90696],[128.51012,35.90993],[128.5169,35.91184],[128.5256,35.92201],[128.52947,35.92362],[128.53438,35.93533],[128.53255,35.95054],[128.53481,35.95838],[128.5305,35.96199],[128.52665,35.97545],[128.52879,35.98038],[128.54349,35.97477],[128.54667,35.96567],[128.55333,35.96078],[128.55707,35.97223],[128.56471,35.97294],[128.57284,35.97831],[128.58322,35.97728],[128.59016,35.97924],[128.59304,35.98084],[128.59293,35.98336],[128.60287,35.9859],[128.60338,35.98782],[128.60943,35.98534],[128.61745,35.97728]]]]}},{"type":"Feature","properties":{"code":"22060","name":"수성구","slug":"suseong-gu","wide":"daegu","center":[128.66829,35.83676]},"geometry":{"type":"MultiPolygon","coordinates":[[[[128.65469,35.87635],[128.6594,35.87681],[128.66227,35.87378],[128.66736,35.87243],[128.67581,35.87327],[128.67989,35.86669],[128.68002,35.86214],[128.68602,35.85897],[128.70375,35.85759],[128.71143,35.86082],[128.72411,35.85994],[128.72591,35.85794],[128.72187,35.85695],[128.72545,35.85377],[128.72697,35.8465],[128.72409,35.83944],[128.72501,35.836],[128.7218,35.83467],[128.71919,35.83586],[128.70864,35.82657],[128.70906,35.8216],[128.71389,35.81751],[128.71752,35.80685],[128.71016,35.80425],[128.69981,35.79505],[128.69653,35.79458],[128.69331,35.79679],[128.68977,35.79276],[128.6825,35.79013],[128.6749,35.79517],[128.65349,35.79926],[128.6513,35.80283],[128.62914,35.80254],[128.62309,35.80586],[128.61639,35.80358],[128.59756,35.80599],[128.59149,35.80927],[128.5943,35.81309],[128.60068,35.8157],[128.60495,35.8268],[128.60766,35.8271],[128.60581,35.83488],[128.60881,35.85241],[128.60814,35.85945],[128.61466,35.86814],[128.62981,35.86671],[128.63512,35.87201],[128.64495,35.87661],[128.65127,35.87833],[128.65469,35.87635]]]]}},{"type":"Feature","properties":{"code":"22070","name":"달서구","slug":"dalseo-gu","wide":"daegu","center":[128.53497,35.82365]},"geometry":{"type":"MultiPolygon","coordinates":[[[[128.48272,35.81552],[128.48108,35.83013],[128.47306,35.83326],[128.46869,35.83846],[128.47308,35.85822],[128.48175,35.86828],[128.50057,35.86344],[128.50777,35.86595],[128.50944,35.86957],[128.5158,35.86774],[128.51913,35.86942],[128.52739,35.86486],[128.5276,35.86164],[128.53377,35.86136],[128.53327,35.85875],[128.53996,35.85872],[128.54168,35.85636],[128.54809,35.8543],[128.57418,35.8626],[128.57361,35.85122],[128.5621,35.84354],[128.5555,35.83441],[128.56312,35.82433],[128.5673,35.82349],[128.56861,35.82493],[128.57078,35.81941],[128.57935,35.81202],[128.58164,35.81203],[128.58383,35.80736],[128.5878,35.80767],[128.58523,35.79895],[128.57644,35.79592],[128.56935,35.79739],[128.56695,35.79502],[128.57027,35.7799],[128.56523,35.77457],[128.55447,35.77294],[128.55205,35.7793],[128.54891,35.78034],[128.54138,35.78984],[128.5371,35.78675],[128.52881,35.78814],[128.52734,35.79293],[128.52282,35.79386],[128.51738,35.79844],[128.51452,35.80579],[128.50789,35.80619],[128.51338,35.80989],[128.51263,35.81111],[128.50065,35.81776],[128.49004,35.82003],[128.48272,35.81552]]]]}},{"type":"Feature","properties":{"code":"22310","name":"달성군","slug":"dalseong-gun","wide":"daegu","center":[128.52192,35.72767]},"geometry":{"type":"MultiPolygon","coordinates":[[[[128.50267,35.81683],[128.51263,35.81111],[128.51338,35.80989],[128.50789,35.80619],[128.51452,35.80579],[128.51738,35.79844],[128.52282,35.79386],[128.52734,35.79293],[128.52881,35.78814],[128.5371,35.78675],[128.54138,35.78984],[128.54891,35.78034],[128.55205,35.7793],[128.55447,35.77294],[128.56504,35.77445],[128.57027,35.7799],[128.56695,35.79502],[128.56935,35.79739],[128.57644,35.79592],[128.58523,35.79895],[128.5878,35.80767],[128.59149,35.80927],[128.59756,35.80599],[128.61639,35.80358],[128.62309,35.80586],[128.62914,35.80254],[128.6513,35.80283],[128.65349,35.79926],[128.6749,35.79517],[128.6825,35.79013],[128.68156,35.78396],[128.68707,35.7755],[128.68635,35.76872],[128.68939,35.76713],[128.69522,35.75687],[128.69244,35.7467],[128.69366,35.74365],[128.68913,35.73977],[128.69195,35.7353],[128.69096,35.73089],[128.68314,35.72558],[128.68324,35.72145],[128.67335,35.721],[128.67067,35.71886],[128.66352,35.7205],[128.64727,35.71149],[128.64621,35.70817],[128.63825,35.70579],[128.63093,35.70679],[128.624,35.7023],[128.61978,35.70285],[128.61392,35.70984],[128.61395,35.71417],[128.61693,35.71764],[128.60993,35.72488],[128.61493,35.73032],[128.61243,35.73852],[128.59424,35.73708],[128.59216,35.73266],[128.5896,35.7315],[128.58242,35.73833],[128.57173,35.73457],[128.56477,35.73676],[128.56099,35.72971],[128.54756,35.72346],[128.54409,35.71943],[128.53331,35.71647],[128.5279,35.71274],[128.53389,35.70326],[128.53186,35.69662],[128.53469,35.69373],[128.53132,35.68786],[128.5318,35.68333],[128.51817,35.67943],[128.5148,35.67542],[128.50755,35.67286],[128.50915,35.66545],[128.50681,35.65015],[128.51071,35.64569],[128.50624,35.63956],[128.49569,35.63904],[128.48271,35.63499],[128.47849,35.64053],[128.47069,35.63662],[128.46626,35.63674],[128.46034,35.64058],[128.45648,35.63741],[128.44648,35.63841],[128.44107,35.63399],[128.44045,35.63059],[128.43761,35.63068],[128.43217,35.62401],[128.42849,35.6231],[128.42294,35.62517],[128.413,35.61656],[128.40686,35.61451],[128.40293,35.61731],[128.38441,35.60991],[128.3824,35.60654],[128.37274,35.60845],[128.37115,35.61023],[128.37341,35.61249],[128.38838,35.61793],[128.40125,35.63273],[128.40004,35.64555],[128.39282,35.65299],[128.36232,35.67557],[128.3533,35.69092],[128.3518,35.70402],[128.35888,35.7087],[128.38063,35.70195],[128.41541,35.69603],[128.42546,35.69923],[128.43319,35.70595],[128.43482,35.71054],[128.43182,35.7256],[128.42165,35.73313],[128.39125,35.74835],[128.38343,35.75826],[128.38439,35.76161],[128.39759,35.77865],[128.40812,35.79921],[128.41055,35.79935],[128.41244,35.80282],[128.41577,35.80281],[128.41579,35.80609],[128.42082,35.8063],[128.42083,35.80935],[128.44095,35.80929],[128.44103,35.80602],[128.47043,35.80592],[128.47368,35.80714],[128.47279,35.80898],[128.48154,35.81601],[128.49004,35.82003],[128.50267,35.81683]]],[[[128.47584,35.93547],[128.47364,35.91652],[128.4654,35.90859],[128.46734,35.90642],[128.46775,35.90022],[128.47527,35.89446],[128.47848,35.89682],[128.48449,35.89434],[128.48798,35.89762],[128.49062,35.89758],[128.49636,35.88923],[128.49936,35.88988],[128.50034,35.88645],[128.50884,35.89334],[128.52636,35.88834],[128.51662,35.88381],[128.52115,35.87265],[128.51913,35.86942],[128.5158,35.86774],[128.50944,35.86957],[128.50777,35.86595],[128.50057,35.86344],[128.48175,35.86828],[128.47308,35.85822],[128.46875,35.83955],[128.44472,35.84792],[128.41598,35.85176],[128.38654,35.85131],[128.38351,35.85283],[128.38421,35.86566],[128.39807,35.89271],[128.39898,35.89993],[128.40713,35.90072],[128.41649,35.9137],[128.41854,35.92133],[128.42378,35.92311],[128.4249,35.92804],[128.42754,35.92733],[128.43097,35.93068],[128.43875,35.93152],[128.44156,35.93521],[128.45034,35.93504],[128.45278,35.93662],[128.45416,35.94315],[128.47584,35.93547]]]]}},{"type":"Feature","properties":{"code":"23010","name":"중구","slug":"jung-gu","wide":"incheon","center":[126.61052,37.461]},"geometry":{"type":"MultiPolygon","coordinates":[[[[126.51352,37.35959],[126.51289,37.35716],[126.50943,37.3572],[126.50983,37.35963],[126.51352,37.35959]]],[[[126.44197,37.36213],[126.44091,37.36003],[126.43916,37.36197],[126.44197,37.36213]]],[[[126.44329,37.37007],[126.44023,37.37126],[126.44026,37.37291],[126.44641,37.37523],[126.4459,37.37124],[126.44329,37.37007]]],[[[126.43812,37.40509],[126.44157,37.40459],[126.4399,37.4035],[126.43522,37.40515],[126.43812,37.40509]]],[[[126.39006,37.39572],[126.38835,37.39832],[126.38898,37.40307],[126.39275,37.4058],[126.3968,37.40545],[126.39006,37.39572]]],[[[126.41401,37.40932],[126.41632,37.40373],[126.42147,37.40166],[126.42244,37.39839],[126.42987,37.39111],[126.44171,37.38502],[126.44148,37.38162],[126.43472,37.38174],[126.4405,37.37828],[126.43971,37.37607],[126.43391,37.37452],[126.43377,37.36875],[126.41658,37.3648],[126.4133,37.36632],[126.40675,37.37267],[126.40958,37.37639],[126.40822,37.38695],[126.40369,37.39179],[126.3977,37.39107],[126.39581,37.39248],[126.40028,37.39571],[126.40138,37.40207],[126.40536,37.40689],[126.40482,37.41044],[126.40813,37.41255],[126.41401,37.40932]]],[[[126.41727,37.42139],[126.41634,37.41699],[126.41252,37.41669],[126.41244,37.41991],[126.41727,37.42139]]],[[[126.35895,37.45485],[126.36092,37.45526],[126.35823,37.454],[126.35554,37.4568],[126.35924,37.45955],[126.35727,37.45643],[126.35895,37.45485]]],[[[126.60511,37.48012],[126.61683,37.48353],[126.62046,37.48073],[126.62758,37.4796],[126.6434,37.46797],[126.63271,37.45364],[126.62938,37.45233],[126.63236,37.42995],[126.6102,37.43011],[126.61418,37.4374],[126.60785,37.44106],[126.60994,37.44433],[126.61666,37.44159],[126.61867,37.44469],[126.61062,37.44796],[126.61385,37.45309],[126.61092,37.4543],[126.60105,37.43834],[126.59427,37.43831],[126.59317,37.44939],[126.59696,37.45028],[126.5934,37.45485],[126.60174,37.45579],[126.60284,37.45943],[126.60015,37.45982],[126.59504,37.45686],[126.59246,37.45814],[126.59092,37.46195],[126.59471,37.45712],[126.5957,37.46425],[126.60039,37.46552],[126.60476,37.46474],[126.60334,37.46007],[126.61216,37.46236],[126.62423,37.45768],[126.62515,37.45912],[126.61956,37.46129],[126.62031,37.46251],[126.6259,37.46034],[126.62674,37.46171],[126.61423,37.46656],[126.61528,37.46829],[126.62408,37.46487],[126.62505,37.46656],[126.61562,37.47024],[126.61241,37.47716],[126.60698,37.47563],[126.60992,37.46915],[126.60607,37.46631],[126.60015,37.46629],[126.59545,37.46973],[126.60069,37.48177],[126.60807,37.48681],[126.60981,37.48293],[126.60458,37.48134],[126.60511,37.48012]]],[[[126.59143,37.49638],[126.5857,37.49804],[126.58955,37.4986],[126.59143,37.49638]]],[[[126.41886,37.42192],[126.41849,37.42746],[126.4133,37.43522],[126.40648,37.43856],[126.40449,37.43531],[126.39998,37.43381],[126.40396,37.43958],[126.39514,37.44606],[126.38034,37.43959],[126.38214,37.43601],[126.3808,37.43498],[126.37662,37.4416],[126.36396,37.44217],[126.36803,37.44462],[126.37043,37.44405],[126.37162,37.44709],[126.36823,37.45657],[126.36077,37.45785],[126.35622,37.46323],[126.35537,37.46782],[126.35994,37.47369],[126.36571,37.47475],[126.37325,37.47188],[126.4188,37.49711],[126.47581,37.49974],[126.49425,37.50787],[126.49652,37.51325],[126.49492,37.51372],[126.49669,37.52625],[126.49845,37.53021],[126.50238,37.53242],[126.50139,37.53453],[126.50276,37.53079],[126.51205,37.53398],[126.5169,37.53376],[126.51738,37.53133],[126.5225,37.53048],[126.5255,37.5273],[126.52487,37.52493],[126.53708,37.52293],[126.54702,37.51758],[126.55306,37.51802],[126.5639,37.5148],[126.56924,37.50786],[126.57701,37.50361],[126.58242,37.48919],[126.5763,37.48786],[126.56593,37.47996],[126.55026,37.47636],[126.53445,37.47527],[126.50631,37.46571],[126.49319,37.45538],[126.48542,37.44448],[126.44285,37.421],[126.41886,37.42192]]],[[[126.50152,37.54107],[126.50384,37.54063],[126.50394,37.53722],[126.50152,37.54107]]],[[[126.5771,37.53768],[126.57518,37.53731],[126.57525,37.52947],[126.58227,37.52347],[126.57526,37.52769],[126.57528,37.52117],[126.55805,37.52113],[126.55161,37.5283],[126.54381,37.52274],[126.56673,37.54057],[126.57643,37.54359],[126.5771,37.53768]]]]}},{"type":"Feature","properties":{"code":"23020","name":"동구","slug":"dong-gu","wide":"incheon","center":[126.638,37.4836]},"geometry":{"type":"MultiPolygon","coordinates":[[[[126.63633,37.4959],[126.64076,37.49577],[126.66427,37.48309],[126.67435,37.47561],[126.65498,37.48403],[126.65303,37.48176],[126.65431,37.47846],[126.65133,37.47405],[126.65278,37.4703],[126.64266,37.4683],[126.62758,37.4796],[126.62046,37.48073],[126.61683,37.48353],[126.61966,37.48587],[126.61167,37.48349],[126.60985,37.4874],[126.62631,37.49254],[126.63853,37.4836],[126.63774,37.48231],[126.63868,37.48371],[126.62748,37.49335],[126.63633,37.4959]]]]}},{"type":"Feature","properties":{"code":"23030","name":"남구","slug":"nam-gu","wide":"incheon","center":[126.66822,37.45412]},"geometry":{"type":"MultiPolygon","coordinates":[[[[126.67411,37.47565],[126.68503,37.47257],[126.68435,37.46952],[126.68725,37.46899],[126.6868,37.46619],[126.69269,37.4657],[126.69722,37.46127],[126.69468,37.45867],[126.69321,37.44666],[126.70294,37.44319],[126.70219,37.43918],[126.69532,37.43863],[126.69774,37.4336],[126.68915,37.43334],[126.68554,37.43023],[126.6758,37.43037],[126.65558,37.4354],[126.64708,37.43466],[126.64456,37.43188],[126.63854,37.43039],[126.63349,37.43203],[126.63236,37.42995],[126.62941,37.45241],[126.63271,37.45364],[126.64223,37.46507],[126.64266,37.4683],[126.65278,37.4703],[126.65133,37.47405],[126.65431,37.47846],[126.65303,37.48176],[126.65498,37.48403],[126.67411,37.47565]]]]}},{"type":"Feature","properties":{"code":"23040","name":"연수구","slug":"yeonsu-gu","wide":"incheon","center":[126.63612,37.38122]},"geometry":{"type":"MultiPolygon","coordinates":[[[[126.59596,37.41642],[126.58969,37.4194],[126.58966,37.42654],[126.58975,37.41942],[126.59596,37.41642]]],[[[126.59819,37.41607],[126.60105,37.41636],[126.60157,37.4207],[126.60806,37.42684],[126.63279,37.42692],[126.63463,37.41807],[126.63733,37.42117],[126.63515,37.42254],[126.63598,37.42569],[126.63336,37.4319],[126.63854,37.43039],[126.64408,37.43164],[126.64818,37.43497],[126.66026,37.43537],[126.67217,37.43108],[126.68554,37.43023],[126.68915,37.43334],[126.69774,37.4336],[126.69532,37.43863],[126.70241,37.43938],[126.70499,37.43896],[126.70663,37.4343],[126.70403,37.4249],[126.68692,37.41052],[126.68428,37.40471],[126.66685,37.3922],[126.68307,37.38716],[126.68398,37.38463],[126.69563,37.38318],[126.66461,37.35],[126.65485,37.34736],[126.64203,37.34708],[126.64205,37.34419],[126.65408,37.34361],[126.64358,37.34422],[126.64053,37.34203],[126.62281,37.34179],[126.62257,37.34308],[126.61493,37.34305],[126.61342,37.34736],[126.6135,37.34354],[126.6098,37.34347],[126.6083,37.3385],[126.61028,37.33744],[126.60574,37.33733],[126.60934,37.34346],[126.59497,37.34332],[126.59242,37.33902],[126.59399,37.3373],[126.58064,37.33731],[126.58067,37.33925],[126.59104,37.33941],[126.59626,37.34725],[126.58296,37.34719],[126.5829,37.35484],[126.63902,37.355],[126.62195,37.35465],[126.62088,37.34767],[126.64013,37.34772],[126.6467,37.34873],[126.65152,37.35287],[126.64884,37.35486],[126.64274,37.35498],[126.64891,37.35503],[126.65186,37.35323],[126.65444,37.3559],[126.61616,37.37948],[126.60991,37.38714],[126.60986,37.3929],[126.60811,37.39397],[126.60809,37.39759],[126.60984,37.39875],[126.60974,37.41621],[126.59819,37.41607]],[[126.65256,37.35348],[126.65362,37.35179],[126.64442,37.34749],[126.65571,37.34778],[126.66283,37.35085],[126.65482,37.35578],[126.65256,37.35348]]]]}},{"type":"Feature","properties":{"code":"23050","name":"남동구","slug":"namdong-gu","wide":"incheon","center":[126.72832,37.44345]},"geometry":{"type":"MultiPolygon","coordinates":[[[[126.72379,37.46991],[126.73094,37.473],[126.74185,37.46937],[126.74607,37.46473],[126.75265,37.46481],[126.75706,37.46908],[126.76605,37.46971],[126.77212,37.47232],[126.7782,37.47179],[126.77982,37.46583],[126.77806,37.457],[126.78043,37.45498],[126.77904,37.45106],[126.77068,37.44847],[126.76872,37.44317],[126.77124,37.43544],[126.76921,37.42751],[126.75998,37.42646],[126.75325,37.4227],[126.75505,37.41797],[126.7527,37.41646],[126.75161,37.41089],[126.74343,37.40508],[126.74418,37.40253],[126.73916,37.39712],[126.72127,37.38247],[126.71703,37.38111],[126.6845,37.38576],[126.66685,37.3922],[126.68428,37.40471],[126.68692,37.41052],[126.69865,37.41951],[126.70527,37.42726],[126.70663,37.4343],[126.70499,37.43896],[126.70241,37.43938],[126.70294,37.44319],[126.69321,37.44666],[126.69468,37.45867],[126.69722,37.46127],[126.69269,37.4657],[126.6868,37.46619],[126.68725,37.46899],[126.68435,37.46952],[126.68623,37.47227],[126.70325,37.46766],[126.70798,37.46932],[126.71087,37.47993],[126.71184,37.4774],[126.71715,37.47558],[126.72379,37.46991]]]]}},{"type":"Feature","properties":{"code":"23060","name":"부평구","slug":"bupyeong-gu","wide":"incheon","center":[126.72288,37.49022]},"geometry":{"type":"MultiPolygon","coordinates":[[[[126.76031,37.52408],[126.76061,37.51971],[126.7581,37.5158],[126.75344,37.51687],[126.75002,37.51419],[126.74593,37.51521],[126.74163,37.50883],[126.74376,37.50162],[126.7418,37.49448],[126.74241,37.48691],[126.75555,37.48287],[126.75916,37.47692],[126.76708,37.47365],[126.76605,37.46971],[126.75706,37.46908],[126.7536,37.46504],[126.74607,37.46473],[126.74185,37.46937],[126.73094,37.473],[126.72602,37.4701],[126.72196,37.47011],[126.71729,37.47549],[126.71184,37.4774],[126.71087,37.47993],[126.70798,37.46932],[126.70325,37.46766],[126.68846,37.47083],[126.68423,37.47356],[126.69071,37.47911],[126.69009,37.48316],[126.69233,37.4851],[126.6996,37.48541],[126.69751,37.49039],[126.69467,37.49285],[126.69199,37.49247],[126.69275,37.49536],[126.68894,37.49857],[126.69217,37.50168],[126.6886,37.50521],[126.68649,37.51252],[126.6833,37.51453],[126.68698,37.52234],[126.76031,37.52408]]]]}},{"type":"Feature","properties":{"code":"23070","name":"계양구","slug":"gyeyang-gu","wide":"incheon","center":[126.73434,37.56727]},"geometry":{"type":"MultiPolygon","coordinates":[[[[126.73924,37.59285],[126.74432,37.5925],[126.75218,37.57971],[126.75573,37.58033],[126.75798,37.58533],[126.76318,37.58496],[126.76767,37.58823],[126.77275,37.5851],[126.78411,37.58259],[126.78705,37.58558],[126.7937,37.58159],[126.79133,37.58122],[126.78756,37.57556],[126.78241,37.57361],[126.78136,37.56893],[126.77594,37.56521],[126.77784,37.55993],[126.77564,37.5619],[126.7707,37.55721],[126.76448,37.55537],[126.76618,37.55356],[126.76232,37.5395],[126.76083,37.53906],[126.76031,37.52408],[126.68919,37.52357],[126.6869,37.53067],[126.68295,37.53119],[126.68362,37.53518],[126.69165,37.53613],[126.69269,37.54113],[126.69483,37.54186],[126.69966,37.54059],[126.70635,37.5419],[126.71201,37.5526],[126.69968,37.55861],[126.70326,37.56415],[126.69848,37.56769],[126.70065,37.57186],[126.6891,37.57721],[126.6859,37.57601],[126.68303,37.57725],[126.68106,37.58003],[126.68192,37.58366],[126.71352,37.57763],[126.71755,37.58122],[126.71813,37.58735],[126.72226,37.59067],[126.7299,37.59221],[126.73625,37.59048],[126.73691,37.59312],[126.73924,37.59285]]]]}},{"type":"Feature","properties":{"code":"23080","name":"서구","slug":"seo-gu","wide":"incheon","center":[126.66453,37.55513]},"geometry":{"type":"MultiPolygon","coordinates":[[[[126.58642,37.5489],[126.58916,37.54665],[126.58479,37.54817],[126.58642,37.5489]]],[[[126.556,37.57895],[126.57154,37.57186],[126.56922,37.56992],[126.55863,37.57289],[126.55532,37.57552],[126.556,37.57895]]],[[[126.72546,37.59187],[126.7182,37.58745],[126.71755,37.58122],[126.71352,37.57763],[126.68619,37.58405],[126.68186,37.58351],[126.68106,37.58003],[126.68303,37.57725],[126.6859,37.57601],[126.6891,37.57721],[126.70065,37.57186],[126.69848,37.56769],[126.70326,37.56415],[126.69968,37.55861],[126.71201,37.5526],[126.70635,37.5419],[126.69269,37.54113],[126.69165,37.53613],[126.6845,37.53562],[126.6825,37.53223],[126.6869,37.53067],[126.68919,37.52357],[126.68615,37.52174],[126.68325,37.51578],[126.69217,37.50168],[126.68894,37.49857],[126.69275,37.49536],[126.69199,37.49247],[126.69467,37.49285],[126.69751,37.49039],[126.6996,37.48541],[126.69395,37.48554],[126.69009,37.48316],[126.69071,37.47911],[126.68423,37.47356],[126.68576,37.47159],[126.67435,37.47561],[126.66427,37.48309],[126.64005,37.49559],[126.63947,37.50422],[126.63078,37.50424],[126.63078,37.50044],[126.62277,37.49626],[126.60454,37.4959],[126.60465,37.51165],[126.60203,37.51635],[126.60252,37.53319],[126.59892,37.53316],[126.59654,37.54861],[126.607,37.55447],[126.60112,37.55855],[126.6011,37.5615],[126.59227,37.56091],[126.58863,37.56396],[126.58664,37.56668],[126.58876,37.56982],[126.57484,37.58835],[126.59172,37.59266],[126.61436,37.60629],[126.61691,37.60355],[126.62574,37.60259],[126.63217,37.61763],[126.63657,37.62049],[126.63719,37.6267],[126.64464,37.62852],[126.64711,37.62748],[126.65401,37.63821],[126.67242,37.63384],[126.67471,37.62988],[126.67913,37.62959],[126.68337,37.62508],[126.69447,37.62034],[126.70545,37.61205],[126.70468,37.60247],[126.7096,37.60513],[126.71407,37.60385],[126.7163,37.59949],[126.72546,37.59187]]]]}},{"type":"Feature","properties":{"code":"23310","name":"강화군","slug":"ganghwa-gun","wide":"incheon","center":[126.45484,37.67659]},"geometry":{"type":"MultiPolygon","coordinates":[[[[125.97484,37.60702],[125.972,37.60642],[125.9716,37.60777],[125.97691,37.61152],[125.97871,37.60893],[125.97484,37.60702]]],[[[126.26963,37.6512],[126.26861,37.65333],[126.27005,37.65412],[126.26963,37.6512]]],[[[126.2367,37.6541],[126.23939,37.65222],[126.25345,37.6535],[126.2562,37.6518],[126.25681,37.65],[126.25405,37.64867],[126.25266,37.64314],[126.25129,37.6431],[126.25091,37.6378],[126.25291,37.63248],[126.26026,37.62938],[126.26267,37.62543],[126.25636,37.62926],[126.24618,37.63182],[126.23365,37.6398],[126.22279,37.65374],[126.22802,37.65123],[126.23186,37.65557],[126.2367,37.6541]]],[[[126.23419,37.66154],[126.23717,37.66154],[126.23371,37.65965],[126.22346,37.65904],[126.22228,37.66549],[126.23419,37.66154]]],[[[126.19521,37.68482],[126.19736,37.67904],[126.20492,37.66954],[126.20995,37.66674],[126.20452,37.65941],[126.20508,37.65697],[126.1945,37.65936],[126.18993,37.65759],[126.19247,37.66146],[126.18507,37.66765],[126.17837,37.67068],[126.1688,37.66897],[126.16835,37.66676],[126.15971,37.67233],[126.15603,37.67276],[126.15495,37.67683],[126.15917,37.6756],[126.16596,37.67819],[126.1747,37.67681],[126.18978,37.68456],[126.1929,37.68831],[126.19605,37.688],[126.19521,37.68482]]],[[[126.37415,37.69093],[126.36969,37.69183],[126.36913,37.69372],[126.37198,37.69421],[126.37461,37.69246],[126.37415,37.69093]]],[[[126.13868,37.68588],[126.14296,37.6856],[126.14435,37.68155],[126.13897,37.68074],[126.13014,37.68386],[126.12691,37.68196],[126.12222,37.68734],[126.12308,37.6903],[126.12674,37.69228],[126.13868,37.68588]]],[[[126.32909,37.71325],[126.33102,37.71333],[126.33048,37.71162],[126.32463,37.71226],[126.32641,37.7141],[126.32909,37.71325]]],[[[126.21188,37.71782],[126.21032,37.71787],[126.21057,37.72282],[126.21253,37.72051],[126.21188,37.71782]]],[[[126.24802,37.71849],[126.23232,37.71604],[126.21833,37.72102],[126.22378,37.72252],[126.23233,37.73328],[126.2359,37.73135],[126.23811,37.72181],[126.24802,37.71849]]],[[[126.26826,37.72752],[126.26922,37.7252],[126.25837,37.72506],[126.25845,37.73369],[126.26562,37.73788],[126.26826,37.72752]]],[[[126.28162,37.74643],[126.27988,37.74595],[126.28037,37.74729],[126.28372,37.74923],[126.28691,37.74853],[126.28162,37.74643]]],[[[126.32964,37.74634],[126.32088,37.73705],[126.31847,37.73],[126.31704,37.71984],[126.31939,37.71258],[126.34287,37.69745],[126.36633,37.69459],[126.36688,37.69143],[126.37541,37.68723],[126.37898,37.68233],[126.37318,37.66582],[126.34321,37.64958],[126.34335,37.64485],[126.34096,37.64409],[126.33766,37.6448],[126.33375,37.65109],[126.32566,37.65659],[126.32463,37.65951],[126.32778,37.66249],[126.32872,37.67017],[126.32403,37.67355],[126.31885,37.68195],[126.28878,37.69531],[126.28581,37.70066],[126.26935,37.71065],[126.27502,37.71209],[126.28204,37.70899],[126.28758,37.71398],[126.28961,37.72491],[126.28786,37.72869],[126.28898,37.74218],[126.29252,37.74469],[126.30522,37.74635],[126.31797,37.75242],[126.32395,37.75161],[126.32964,37.74634]]],[[[126.26638,37.81528],[126.29387,37.80392],[126.29473,37.80175],[126.30051,37.80317],[126.31325,37.80202],[126.32168,37.80441],[126.32407,37.80823],[126.32753,37.80584],[126.33337,37.79692],[126.33009,37.79384],[126.33131,37.78965],[126.32498,37.78595],[126.31496,37.77369],[126.29084,37.76287],[126.27867,37.76888],[126.2629,37.76681],[126.25999,37.76424],[126.24827,37.7656],[126.24376,37.76276],[126.24188,37.76359],[126.2403,37.75781],[126.23275,37.75108],[126.22508,37.7544],[126.21432,37.76368],[126.20496,37.76853],[126.20529,37.77304],[126.21064,37.77412],[126.21635,37.77816],[126.2222,37.78691],[126.22287,37.79157],[126.21921,37.7929],[126.21876,37.79554],[126.22398,37.80025],[126.22322,37.80504],[126.24052,37.8173],[126.2468,37.81468],[126.25681,37.81465],[126.26452,37.81779],[126.26638,37.81528]]],[[[126.43876,37.82462],[126.44442,37.82172],[126.45063,37.81211],[126.45564,37.80849],[126.48771,37.78977],[126.50589,37.78333],[126.50876,37.7746],[126.51284,37.77057],[126.51025,37.76727],[126.51141,37.76259],[126.51993,37.75178],[126.52642,37.74762],[126.52485,37.73974],[126.51753,37.73253],[126.51413,37.72634],[126.51255,37.71699],[126.51682,37.70792],[126.52535,37.70188],[126.5209,37.69645],[126.51695,37.67474],[126.52305,37.66757],[126.53228,37.66499],[126.53257,37.6609],[126.52605,37.6596],[126.52288,37.65626],[126.5223,37.65333],[126.52686,37.64738],[126.52206,37.64615],[126.52621,37.64468],[126.53107,37.63604],[126.5353,37.6222],[126.53808,37.625],[126.54011,37.62453],[126.54396,37.61836],[126.5355,37.61715],[126.53428,37.61389],[126.52035,37.61069],[126.52119,37.60805],[126.51667,37.60507],[126.51508,37.59686],[126.52376,37.59792],[126.51796,37.59207],[126.5248,37.5899],[126.5262,37.58664],[126.51727,37.58001],[126.51081,37.58168],[126.50316,37.59045],[126.51352,37.59349],[126.51492,37.59656],[126.51292,37.59938],[126.51068,37.59649],[126.50412,37.59631],[126.48844,37.60052],[126.47963,37.60529],[126.47725,37.60331],[126.4784,37.59898],[126.46359,37.59506],[126.46182,37.58929],[126.45635,37.5934],[126.44695,37.59447],[126.43843,37.59259],[126.40499,37.59393],[126.38802,37.60302],[126.38407,37.60844],[126.37487,37.61213],[126.37188,37.61154],[126.37007,37.6135],[126.37739,37.6157],[126.37754,37.61928],[126.37416,37.63077],[126.36571,37.63508],[126.36974,37.63714],[126.37785,37.63669],[126.39057,37.64124],[126.39772,37.64007],[126.4035,37.64335],[126.40727,37.64747],[126.4059,37.64893],[126.41104,37.65205],[126.40363,37.67579],[126.39132,37.68537],[126.38806,37.68996],[126.39064,37.69169],[126.39134,37.69564],[126.38551,37.69998],[126.37443,37.70046],[126.36734,37.70382],[126.35921,37.70357],[126.35522,37.70685],[126.35135,37.71547],[126.35359,37.7234],[126.35195,37.74011],[126.35703,37.74107],[126.35313,37.7448],[126.3555,37.76229],[126.35268,37.78677],[126.34951,37.78971],[126.35098,37.7921],[126.36985,37.80143],[126.38696,37.80706],[126.39247,37.82325],[126.41389,37.82189],[126.42671,37.83156],[126.43586,37.82957],[126.43876,37.82462]]]]}},{"type":"Feature","properties":{"code":"23320","name":"옹진군","slug":"ongjin-gun","wide":"incheon","center":[124.68569,37.95883]},"geometry":{"type":"MultiPolygon","coordinates":[[[[125.78652,36.92685],[125.78657,36.93012],[125.78905,36.92931],[125.78652,36.92685]]],[[[125.81775,36.96136],[125.81654,36.96546],[125.81883,36.96789],[125.82075,36.96532],[125.81775,36.96136]]],[[[125.82737,36.9659],[125.82593,36.96736],[125.82791,36.96877],[125.82737,36.9659]]],[[[126.02298,37.03479],[126.02311,37.03743],[126.02708,37.03925],[126.02298,37.03479]]],[[[125.9866,37.04043],[125.99447,37.0371],[125.99451,37.03461],[125.99058,37.03061],[125.99343,37.02734],[126.0041,37.02926],[125.99766,37.02612],[126.00039,37.02465],[126.00691,37.02374],[126.01006,37.02674],[126.01648,37.02722],[126.02133,37.03045],[126.01605,37.02512],[126.00594,37.02127],[126.00394,37.0187],[125.99534,37.01762],[125.99221,37.01966],[125.99331,37.02445],[125.97873,37.03379],[125.98074,37.04025],[125.9866,37.04043]]],[[[125.96848,37.05839],[125.96607,37.05887],[125.96675,37.06106],[125.96848,37.05839]]],[[[125.99488,37.06609],[126.00032,37.05973],[125.99807,37.0577],[125.99246,37.05957],[125.99253,37.0644],[125.99488,37.06609]]],[[[125.94402,37.0643],[125.94085,37.06615],[125.9445,37.06869],[125.94402,37.0643]]],[[[125.99309,37.06733],[125.99166,37.0671],[125.99138,37.06945],[125.99445,37.0708],[125.99309,37.06733]]],[[[126.01616,37.06636],[126.01239,37.06336],[126.01156,37.06514],[126.01384,37.06666],[126.01398,37.07124],[126.01705,37.07325],[126.01765,37.07831],[126.0203,37.07879],[126.02123,37.07653],[126.01887,37.07198],[126.02023,37.06924],[126.01616,37.06636]]],[[[126.0133,37.07767],[126.0125,37.0798],[126.01524,37.07821],[126.0133,37.07767]]],[[[125.98874,37.08022],[125.9874,37.08162],[125.9886,37.08255],[125.99035,37.08183],[125.98874,37.08022]]],[[[126.00045,37.08338],[125.99591,37.08253],[125.99622,37.07926],[125.99197,37.08131],[126.00045,37.08338]]],[[[126.00086,37.08699],[125.99853,37.08924],[126.0011,37.08875],[126.00086,37.08699]]],[[[125.95894,37.08903],[125.96681,37.08772],[125.96712,37.08433],[125.96467,37.08379],[125.96433,37.08104],[125.95549,37.08666],[125.95221,37.08602],[125.9518,37.08131],[125.95412,37.07566],[125.94917,37.07504],[125.95234,37.06772],[125.9462,37.06893],[125.94502,37.07179],[125.94737,37.07189],[125.94697,37.07742],[125.94214,37.0763],[125.94111,37.08126],[125.9469,37.08276],[125.94768,37.08646],[125.94602,37.08861],[125.94931,37.0904],[125.94959,37.0933],[125.95706,37.09175],[125.95894,37.08903]]],[[[126.08596,37.10614],[126.08697,37.10228],[126.09035,37.09967],[126.08504,37.0912],[126.07492,37.08361],[126.06804,37.0831],[126.06426,37.08546],[126.06237,37.08899],[126.06687,37.0932],[126.0667,37.09643],[126.06439,37.09761],[126.06119,37.09489],[126.06035,37.09601],[126.06688,37.10362],[126.06716,37.10712],[126.07117,37.10491],[126.07975,37.10814],[126.08596,37.10614]]],[[[126.30018,37.12554],[126.29784,37.1277],[126.30129,37.12915],[126.30018,37.12554]]],[[[126.02332,37.13349],[126.02482,37.13074],[126.02135,37.12349],[126.01835,37.12576],[126.01831,37.13114],[126.02193,37.13314],[126.0217,37.13548],[126.02332,37.13349]]],[[[126.3003,37.13923],[126.30637,37.13761],[126.30733,37.13116],[126.3049,37.13174],[126.30377,37.13607],[126.30039,37.13732],[126.29893,37.13939],[126.3003,37.13923]]],[[[126.02449,37.13453],[126.02323,37.14146],[126.02543,37.13649],[126.02449,37.13453]]],[[[126.27658,37.14333],[126.27604,37.14105],[126.27132,37.14901],[126.27745,37.15049],[126.27568,37.14624],[126.27658,37.14333]]],[[[126.32305,37.15451],[126.32237,37.15114],[126.3179,37.15252],[126.32305,37.15451]]],[[[126.01116,37.15508],[126.01261,37.14926],[126.01043,37.14819],[126.00798,37.15373],[126.00565,37.15433],[126.00977,37.15651],[126.01116,37.15508]]],[[[126.29846,37.17242],[126.30658,37.17063],[126.31172,37.17192],[126.31418,37.16796],[126.32362,37.16233],[126.32315,37.16046],[126.32138,37.15889],[126.31561,37.16102],[126.3115,37.15862],[126.30812,37.15958],[126.3059,37.16313],[126.29105,37.17029],[126.29138,37.17386],[126.29369,37.17527],[126.29846,37.17242]]],[[[126.40014,37.1744],[126.39793,37.17629],[126.40086,37.17619],[126.40014,37.1744]]],[[[126.25749,37.18051],[126.26174,37.18102],[126.26637,37.17544],[126.2709,37.17572],[126.27308,37.165],[126.28313,37.16213],[126.28114,37.15797],[126.27339,37.15955],[126.27318,37.16323],[126.26662,37.16794],[126.25506,37.17163],[126.24858,37.17025],[126.24356,37.17399],[126.24625,37.17808],[126.25254,37.17687],[126.25438,37.1778],[126.25341,37.18113],[126.25749,37.18051]]],[[[126.2229,37.18162],[126.22691,37.1839],[126.22808,37.18731],[126.23888,37.18648],[126.24931,37.18315],[126.24071,37.18163],[126.23912,37.17942],[126.23312,37.18037],[126.22731,37.17818],[126.2235,37.18052],[126.22026,37.17878],[126.21443,37.18444],[126.21642,37.1891],[126.21917,37.18779],[126.21742,37.18409],[126.2229,37.18162]]],[[[126.10506,37.18174],[126.1043,37.17983],[126.10643,37.17883],[126.11085,37.17933],[126.11217,37.18294],[126.11483,37.18041],[126.10812,37.17639],[126.10769,37.17227],[126.1129,37.17011],[126.10843,37.16578],[126.09334,37.16763],[126.08486,37.17641],[126.08519,37.17911],[126.09117,37.18312],[126.08966,37.18467],[126.09523,37.18845],[126.10506,37.18174]]],[[[126.21392,37.19026],[126.2115,37.19083],[126.21215,37.19261],[126.21392,37.19026]]],[[[126.1402,37.1967],[126.13633,37.19584],[126.13758,37.20297],[126.14245,37.19922],[126.1402,37.1967]]],[[[126.38179,37.20667],[126.38468,37.20508],[126.38078,37.20526],[126.38179,37.20667]]],[[[125.99122,37.19743],[125.99591,37.20061],[125.99689,37.19656],[125.9948,37.19437],[125.99103,37.19534],[125.98463,37.19202],[125.98584,37.18733],[125.98327,37.18435],[125.98432,37.18145],[125.98185,37.18261],[125.98238,37.18517],[125.97858,37.18667],[125.968,37.18264],[125.95981,37.18296],[125.96478,37.18688],[125.9729,37.18875],[125.97165,37.19509],[125.97999,37.19334],[125.98563,37.1944],[125.9815,37.20212],[125.9847,37.2039],[125.9869,37.20403],[125.98608,37.19898],[125.99122,37.19743]]],[[[126.37575,37.20573],[126.37435,37.20688],[126.37559,37.20959],[126.3778,37.20679],[126.37575,37.20573]]],[[[126.36234,37.2073],[126.36137,37.21244],[126.36578,37.20957],[126.36234,37.2073]]],[[[126.17362,37.22511],[126.17168,37.22268],[126.18007,37.21715],[126.18075,37.20924],[126.18815,37.21023],[126.19447,37.20856],[126.18992,37.20703],[126.18775,37.20205],[126.18403,37.20003],[126.18364,37.19525],[126.18039,37.19809],[126.17787,37.21065],[126.16655,37.2111],[126.16578,37.20976],[126.16576,37.2114],[126.16149,37.21217],[126.15978,37.21852],[126.1615,37.22188],[126.1703,37.2292],[126.17362,37.22511]]],[[[126.51981,37.23481],[126.51904,37.23114],[126.51217,37.22813],[126.51197,37.23321],[126.51981,37.23481]]],[[[126.55135,37.24382],[126.54679,37.24545],[126.55032,37.24595],[126.55135,37.24382]]],[[[126.39329,37.24444],[126.39848,37.24122],[126.39098,37.24121],[126.39329,37.24444]]],[[[126.5238,37.23668],[126.52626,37.24149],[126.52504,37.24641],[126.52133,37.25029],[126.51153,37.2535],[126.52342,37.26143],[126.52149,37.25849],[126.52907,37.25207],[126.52672,37.24835],[126.53116,37.24539],[126.5387,37.23428],[126.53714,37.23247],[126.5238,37.23668]]],[[[126.2902,37.2671],[126.30096,37.26612],[126.30628,37.26274],[126.31527,37.26231],[126.32533,37.25703],[126.32984,37.25745],[126.33173,37.25514],[126.33525,37.25645],[126.33385,37.25852],[126.33535,37.26309],[126.34036,37.26335],[126.34887,37.2596],[126.3418,37.25006],[126.33561,37.24907],[126.33066,37.24574],[126.3255,37.24838],[126.32239,37.24788],[126.31709,37.24452],[126.31669,37.2482],[126.30498,37.2534],[126.29996,37.25275],[126.28644,37.2603],[126.2807,37.2589],[126.28001,37.26415],[126.28367,37.26552],[126.28505,37.27165],[126.28815,37.27197],[126.28756,37.26965],[126.2902,37.2671]]],[[[126.10798,37.27231],[126.11054,37.27142],[126.10883,37.26864],[126.11192,37.25774],[126.11836,37.25821],[126.11932,37.25343],[126.11596,37.25088],[126.11771,37.24786],[126.12047,37.24677],[126.12507,37.25153],[126.12799,37.25199],[126.13179,37.24803],[126.13752,37.24652],[126.14057,37.24177],[126.1408,37.23753],[126.15038,37.23913],[126.16579,37.23257],[126.16575,37.23066],[126.15511,37.22768],[126.15164,37.22249],[126.14953,37.22547],[126.14359,37.22248],[126.14413,37.21877],[126.14861,37.2164],[126.14751,37.21381],[126.14414,37.21514],[126.12704,37.21273],[126.11735,37.20918],[126.11026,37.21325],[126.11612,37.21612],[126.11133,37.22359],[126.10377,37.21985],[126.10124,37.2222],[126.10504,37.22695],[126.10252,37.22991],[126.09683,37.23053],[126.09126,37.22202],[126.08474,37.22185],[126.09194,37.2315],[126.09289,37.23842],[126.08957,37.23894],[126.08999,37.24779],[126.09554,37.25319],[126.098,37.26204],[126.10255,37.26556],[126.10024,37.27207],[126.10423,37.2743],[126.10798,37.27231]]],[[[126.48207,37.24419],[126.48031,37.24478],[126.48241,37.24176],[126.47073,37.23891],[126.46845,37.23247],[126.46021,37.22741],[126.45881,37.22405],[126.45362,37.22796],[126.45279,37.23098],[126.43539,37.23088],[126.43259,37.23247],[126.42984,37.25632],[126.43021,37.25874],[126.43024,37.25679],[126.43326,37.25777],[126.43251,37.26056],[126.4285,37.26257],[126.43612,37.26569],[126.43396,37.27425],[126.44824,37.27205],[126.45391,37.27719],[126.45037,37.28023],[126.45449,37.28324],[126.46624,37.28396],[126.47031,37.28824],[126.47515,37.28262],[126.48154,37.28123],[126.4878,37.28319],[126.49756,37.27698],[126.49415,37.27315],[126.49432,37.27033],[126.4974,37.26254],[126.50184,37.25805],[126.49664,37.25365],[126.49222,37.25901],[126.48612,37.25945],[126.48496,37.25848],[126.48673,37.25431],[126.47623,37.2535],[126.47562,37.25206],[126.4825,37.24779],[126.48207,37.24419]]],[[[126.08038,37.28989],[126.08409,37.28918],[126.08841,37.28442],[126.09686,37.27991],[126.0975,37.27688],[126.08745,37.2756],[126.08633,37.28103],[126.07567,37.28445],[126.07584,37.28934],[126.08038,37.28989]]],[[[126.2761,37.31459],[126.27558,37.31291],[126.27081,37.31695],[126.27099,37.3194],[126.2761,37.31459]]],[[[126.26352,37.32397],[126.2635,37.32244],[126.26098,37.3229],[126.26352,37.32397]]],[[[126.26632,37.32092],[126.26483,37.32101],[126.26842,37.32474],[126.26632,37.32092]]],[[[126.26387,37.32499],[126.2659,37.33062],[126.26919,37.33167],[126.26954,37.32896],[126.26387,37.32499]]],[[[126.33172,37.50143],[126.32874,37.5],[126.3251,37.50124],[126.33373,37.50383],[126.33172,37.50143]]],[[[126.32278,37.50965],[126.32147,37.51323],[126.32335,37.51381],[126.32485,37.5118],[126.32278,37.50965]]],[[[126.4162,37.5362],[126.41209,37.53474],[126.41158,37.52715],[126.40835,37.52659],[126.40223,37.5309],[126.40438,37.53575],[126.41287,37.53886],[126.4162,37.5362]]],[[[126.47195,37.53748],[126.47351,37.5287],[126.4667,37.52768],[126.46651,37.52463],[126.47047,37.52212],[126.46736,37.51519],[126.46963,37.51195],[126.4638,37.51126],[126.45914,37.51682],[126.446,37.51986],[126.43893,37.51446],[126.42923,37.51635],[126.43399,37.5265],[126.45419,37.53742],[126.45681,37.54446],[126.46162,37.54438],[126.46639,37.53867],[126.47195,37.53748]]],[[[126.43216,37.54497],[126.43734,37.54601],[126.44177,37.54457],[126.43443,37.54259],[126.43149,37.53145],[126.42629,37.52587],[126.42793,37.52321],[126.42542,37.52163],[126.4159,37.52291],[126.42213,37.53314],[126.42032,37.53625],[126.41687,37.53627],[126.42023,37.53748],[126.42377,37.54623],[126.42688,37.54843],[126.43216,37.54497]]],[[[126.27576,37.54381],[126.27145,37.54518],[126.26787,37.54968],[126.27584,37.54605],[126.27576,37.54381]]],[[[126.26162,37.55065],[126.25827,37.55684],[126.26619,37.55179],[126.26162,37.55065]]],[[[126.34244,37.56039],[126.34353,37.55969],[126.3418,37.55915],[126.34244,37.56039]]],[[[126.31855,37.55607],[126.32885,37.55065],[126.33746,37.55077],[126.3434,37.53931],[126.35281,37.53528],[126.36609,37.53478],[126.38353,37.53929],[126.38427,37.53067],[126.38136,37.52716],[126.36001,37.53075],[126.34367,37.52817],[126.34151,37.52572],[126.34002,37.52637],[126.34024,37.52956],[126.33625,37.53054],[126.32672,37.52187],[126.32534,37.52531],[126.32844,37.52751],[126.32795,37.53146],[126.33021,37.53655],[126.32868,37.54212],[126.32077,37.54538],[126.30797,37.55931],[126.30895,37.56036],[126.31855,37.55607]]],[[[125.72041,37.60982],[125.71846,37.60361],[125.71296,37.60752],[125.7091,37.60797],[125.70717,37.61121],[125.71249,37.61497],[125.71713,37.61519],[125.72074,37.6137],[125.72041,37.60982]]],[[[125.68136,37.63695],[125.68068,37.63951],[125.68234,37.63804],[125.68136,37.63695]]],[[[125.71222,37.65293],[125.70921,37.65506],[125.71306,37.65574],[125.71222,37.65293]]],[[[125.7089,37.67869],[125.71465,37.67909],[125.71655,37.67441],[125.70994,37.66881],[125.70676,37.66327],[125.69321,37.65419],[125.69281,37.652],[125.68424,37.65282],[125.68473,37.65597],[125.68153,37.66249],[125.68546,37.66356],[125.68569,37.66655],[125.68457,37.67067],[125.67893,37.67471],[125.6781,37.67933],[125.6829,37.68039],[125.68652,37.67718],[125.69241,37.67627],[125.70675,37.68091],[125.7089,37.67869]]],[[[124.77055,37.77849],[124.77093,37.77659],[124.76728,37.77288],[124.76797,37.76772],[124.76531,37.7665],[124.76184,37.76773],[124.76181,37.76972],[124.75599,37.76872],[124.75188,37.77088],[124.74048,37.7671],[124.72987,37.75929],[124.72736,37.76098],[124.73376,37.76567],[124.73732,37.77133],[124.74199,37.77294],[124.74241,37.77604],[124.73964,37.77686],[124.74069,37.77816],[124.74549,37.77505],[124.76651,37.77965],[124.77055,37.77849]]],[[[124.71609,37.8256],[124.71996,37.82103],[124.71788,37.81384],[124.70276,37.80474],[124.69919,37.80834],[124.69049,37.80819],[124.68327,37.8027],[124.68684,37.80068],[124.68522,37.79951],[124.68104,37.80002],[124.67953,37.80224],[124.6843,37.80654],[124.6854,37.8107],[124.68393,37.81386],[124.67979,37.81663],[124.67564,37.81343],[124.67433,37.81402],[124.67534,37.81583],[124.66251,37.82173],[124.66811,37.82228],[124.6712,37.81997],[124.67654,37.81981],[124.68299,37.82925],[124.68269,37.83137],[124.68785,37.83639],[124.69953,37.83992],[124.70365,37.84338],[124.70207,37.84912],[124.70339,37.84969],[124.70993,37.84384],[124.71942,37.84591],[124.72779,37.84063],[124.71502,37.83362],[124.71366,37.82952],[124.71472,37.82545],[124.71609,37.8256]]],[[[124.68722,37.98049],[124.69367,37.97951],[124.69596,37.98198],[124.70478,37.98369],[124.7218,37.98155],[124.72979,37.97812],[124.73276,37.96572],[124.74053,37.96136],[124.74413,37.96254],[124.74632,37.95912],[124.74542,37.95745],[124.74103,37.95704],[124.73671,37.96156],[124.73304,37.96229],[124.72995,37.9608],[124.73012,37.95732],[124.7382,37.95374],[124.73137,37.95103],[124.73014,37.95448],[124.7239,37.95399],[124.71365,37.94636],[124.7079,37.94456],[124.70289,37.93796],[124.70316,37.93093],[124.69811,37.925],[124.70001,37.9199],[124.69128,37.91659],[124.68012,37.92298],[124.67074,37.92112],[124.66441,37.92375],[124.65885,37.92222],[124.6548,37.9247],[124.64639,37.92296],[124.63943,37.92389],[124.62858,37.94126],[124.62582,37.95438],[124.61169,37.96141],[124.61214,37.96738],[124.60972,37.96995],[124.61379,37.97261],[124.61682,37.97953],[124.62052,37.97574],[124.62166,37.97782],[124.64057,37.9687],[124.65204,37.97422],[124.65927,37.974],[124.668,37.97722],[124.67086,37.98104],[124.68346,37.97957],[124.68476,37.98075],[124.68287,37.98173],[124.68348,37.98377],[124.68599,37.98424],[124.68499,37.983],[124.68722,37.98049]]]]}},{"type":"Feature","properties":{"code":"24010","name":"동구","slug":"dong-gu","wide":"gwangju","center":[126.94769,35.12173]},"geometry":{"type":"MultiPolygon","coordinates":[[[[126.93018,35.16114],[126.93887,35.16116],[126.93886,35.15903],[126.94438,35.15872],[126.9457,35.1556],[126.95522,35.15219],[126.95375,35.14571],[126.95139,35.14453],[126.95524,35.14054],[126.96186,35.14034],[126.96843,35.13674],[126.98241,35.13759],[126.99261,35.12266],[127.00428,35.12111],[126.99869,35.11576],[126.99993,35.11405],[126.98921,35.10988],[126.98635,35.10595],[126.98895,35.09499],[126.96651,35.08939],[126.96065,35.08511],[126.9583,35.0787],[126.95188,35.07316],[126.9323,35.07439],[126.93253,35.07781],[126.92769,35.08044],[126.92467,35.088],[126.91942,35.09155],[126.92136,35.09724],[126.91455,35.10516],[126.91249,35.11056],[126.91183,35.11564],[126.91936,35.11771],[126.92429,35.1247],[126.92959,35.12639],[126.90716,35.15145],[126.91248,35.15578],[126.91632,35.16549],[126.93018,35.16114]]]]}},{"type":"Feature","properties":{"code":"24020","name":"서구","slug":"seo-gu","wide":"gwangju","center":[126.85012,35.13168]},"geometry":{"type":"MultiPolygon","coordinates":[[[[126.87565,35.17137],[126.88417,35.16973],[126.88778,35.1614],[126.89877,35.1581],[126.90973,35.14919],[126.90536,35.14828],[126.90108,35.15234],[126.89648,35.15217],[126.8854,35.14657],[126.88831,35.14279],[126.88317,35.13839],[126.88753,35.13394],[126.88765,35.11694],[126.88344,35.11619],[126.87359,35.11942],[126.86895,35.1137],[126.87056,35.11022],[126.86043,35.10908],[126.86063,35.10636],[126.84773,35.10578],[126.82008,35.09093],[126.81703,35.09296],[126.81109,35.09095],[126.80533,35.0954],[126.80253,35.09348],[126.80093,35.1009],[126.80583,35.1039],[126.80281,35.11227],[126.8092,35.11234],[126.80994,35.11671],[126.81592,35.1169],[126.81723,35.12148],[126.82224,35.12667],[126.81903,35.12977],[126.81901,35.13282],[126.82969,35.14148],[126.82902,35.14905],[126.82528,35.15365],[126.82513,35.16583],[126.83738,35.1708],[126.83872,35.17843],[126.85986,35.17231],[126.87565,35.17137]]]]}},{"type":"Feature","properties":{"code":"24030","name":"남구","slug":"nam-gu","wide":"gwangju","center":[126.84977,35.09289]},"geometry":{"type":"MultiPolygon","coordinates":[[[[126.90459,35.14861],[126.90973,35.14919],[126.92959,35.12639],[126.92429,35.1247],[126.91936,35.11771],[126.91183,35.11564],[126.91395,35.10627],[126.92136,35.09724],[126.91942,35.09155],[126.91343,35.08947],[126.90581,35.08205],[126.89511,35.08071],[126.89199,35.07795],[126.8854,35.08159],[126.87168,35.07434],[126.86537,35.07535],[126.86113,35.07894],[126.85561,35.07836],[126.85381,35.07429],[126.84844,35.07222],[126.84408,35.06543],[126.83683,35.06567],[126.83597,35.06386],[126.82235,35.06026],[126.81849,35.05273],[126.80488,35.05158],[126.8012,35.0582],[126.79523,35.06112],[126.78159,35.05384],[126.7728,35.05291],[126.76748,35.0557],[126.76843,35.06141],[126.76511,35.06436],[126.75585,35.05909],[126.75318,35.06476],[126.75414,35.06685],[126.75825,35.06864],[126.767,35.06818],[126.7825,35.07256],[126.79598,35.08799],[126.80533,35.0954],[126.81109,35.09095],[126.81703,35.09296],[126.82008,35.09093],[126.84773,35.10578],[126.86063,35.10636],[126.86043,35.10908],[126.87056,35.11022],[126.86895,35.1137],[126.87359,35.11942],[126.88344,35.11619],[126.88765,35.11694],[126.88753,35.13394],[126.88317,35.13839],[126.88831,35.14279],[126.8854,35.14657],[126.89648,35.15217],[126.90108,35.15234],[126.90459,35.14861]]]]}},{"type":"Feature","properties":{"code":"24040","name":"북구","slug":"buk-gu","wide":"gwangju","center":[126.93002,35.19055]},"geometry":{"type":"MultiPolygon","coordinates":[[[[126.93377,35.24678],[126.93263,35.24156],[126.94275,35.23499],[126.94353,35.23174],[126.94757,35.23077],[126.95184,35.22459],[126.94896,35.2209],[126.95027,35.21643],[126.96038,35.20493],[126.96554,35.20336],[126.96615,35.20083],[126.95862,35.19309],[126.96815,35.18114],[126.97169,35.17984],[126.97212,35.18495],[126.97397,35.18613],[126.98199,35.18393],[126.98576,35.18857],[126.99111,35.18639],[126.99997,35.18882],[127.007,35.18523],[127.01725,35.17441],[127.02142,35.17304],[127.02087,35.16726],[127.01681,35.16533],[127.01136,35.16617],[127.01,35.16368],[127.01112,35.15893],[127.00774,35.15593],[127.00896,35.15098],[127.00718,35.14387],[127.00888,35.13262],[127.01183,35.12782],[127.01061,35.12431],[127.00428,35.12111],[126.99261,35.12266],[126.98241,35.13759],[126.96843,35.13674],[126.96186,35.14034],[126.95524,35.14054],[126.95139,35.14453],[126.95375,35.14571],[126.95522,35.15219],[126.9457,35.1556],[126.94438,35.15872],[126.93886,35.15903],[126.93887,35.16116],[126.93071,35.16027],[126.92821,35.16248],[126.91632,35.16549],[126.91248,35.15578],[126.90716,35.15145],[126.89821,35.15841],[126.88778,35.1614],[126.88417,35.16973],[126.85986,35.17231],[126.83872,35.17843],[126.84138,35.18185],[126.85086,35.1798],[126.8526,35.18222],[126.85871,35.18316],[126.8604,35.18568],[126.85892,35.19442],[126.85197,35.19831],[126.85533,35.20136],[126.85273,35.21233],[126.85701,35.21749],[126.85302,35.21805],[126.85305,35.22194],[126.84619,35.22197],[126.84473,35.2259],[126.83805,35.22399],[126.83486,35.22904],[126.8443,35.23699],[126.84807,35.23574],[126.85941,35.24],[126.86254,35.24524],[126.86914,35.24618],[126.87958,35.25152],[126.87921,35.24804],[126.88953,35.24667],[126.8914,35.24988],[126.90547,35.25824],[126.91461,35.25821],[126.9214,35.25323],[126.92937,35.25241],[126.93377,35.24678]]]]}},{"type":"Feature","properties":{"code":"24050","name":"광산구","slug":"gwangsan-gu","wide":"gwangju","center":[126.74895,35.16931]},"geometry":{"type":"MultiPolygon","coordinates":[[[[126.76338,35.25652],[126.76082,35.24744],[126.75522,35.24113],[126.75385,35.23709],[126.75571,35.23409],[126.77488,35.23048],[126.78142,35.22491],[126.78954,35.22389],[126.79527,35.2198],[126.8044,35.22132],[126.80539,35.21827],[126.81503,35.2241],[126.82394,35.22578],[126.82534,35.23192],[126.83504,35.22877],[126.83817,35.22393],[126.84473,35.2259],[126.84619,35.22197],[126.85305,35.22194],[126.85302,35.21805],[126.85701,35.21749],[126.85273,35.21233],[126.85533,35.20136],[126.85212,35.19725],[126.85892,35.19442],[126.8604,35.18568],[126.85871,35.18316],[126.8526,35.18222],[126.85024,35.17963],[126.84138,35.18185],[126.83769,35.17667],[126.83738,35.1708],[126.82513,35.16583],[126.82528,35.15365],[126.82902,35.14905],[126.82969,35.14148],[126.81901,35.13282],[126.82151,35.12505],[126.81723,35.12148],[126.81592,35.1169],[126.80994,35.11671],[126.8092,35.11234],[126.80281,35.11227],[126.80583,35.1039],[126.80093,35.1009],[126.80222,35.09162],[126.79598,35.08799],[126.78505,35.07408],[126.77135,35.07018],[126.7648,35.07875],[126.76565,35.08273],[126.76187,35.09103],[126.75399,35.09264],[126.74904,35.10076],[126.73644,35.10823],[126.73266,35.11286],[126.73062,35.11142],[126.73128,35.10811],[126.72934,35.10752],[126.7195,35.10842],[126.71575,35.11075],[126.70883,35.10947],[126.7054,35.11301],[126.70163,35.11232],[126.69753,35.10759],[126.6849,35.11202],[126.68322,35.11141],[126.68444,35.10764],[126.67997,35.10749],[126.67633,35.10489],[126.66747,35.10512],[126.66911,35.11126],[126.66339,35.1148],[126.65709,35.11328],[126.65172,35.12051],[126.65489,35.1368],[126.65332,35.14396],[126.64756,35.14404],[126.64498,35.14656],[126.65021,35.14769],[126.65351,35.15278],[126.65142,35.15482],[126.65463,35.15835],[126.65422,35.16455],[126.67043,35.16952],[126.67207,35.1723],[126.66258,35.18045],[126.66368,35.18222],[126.66176,35.18472],[126.65792,35.18629],[126.6532,35.19252],[126.65625,35.1941],[126.65907,35.19226],[126.67206,35.19426],[126.67443,35.19118],[126.67712,35.19105],[126.67758,35.20254],[126.6871,35.21521],[126.69043,35.215],[126.70256,35.20756],[126.7107,35.21227],[126.71769,35.21239],[126.72072,35.21883],[126.71875,35.22259],[126.72568,35.23496],[126.72909,35.2373],[126.72996,35.2436],[126.73724,35.25289],[126.74187,35.251],[126.74839,35.25333],[126.75054,35.25642],[126.7579,35.25837],[126.76338,35.25652]]]]}},{"type":"Feature","properties":{"code":"25010","name":"동구","slug":"dong-gu","wide":"daejeon","center":[127.47196,36.31124]},"geometry":{"type":"MultiPolygon","coordinates":[[[[127.50231,36.40853],[127.51069,36.40989],[127.51451,36.42247],[127.52095,36.42158],[127.52432,36.42343],[127.52938,36.41922],[127.53962,36.42061],[127.54228,36.41928],[127.54289,36.41208],[127.54557,36.40882],[127.5501,36.40712],[127.5532,36.40122],[127.55968,36.39822],[127.55402,36.39487],[127.53922,36.3979],[127.53342,36.39175],[127.52493,36.38751],[127.52658,36.37007],[127.522,36.35788],[127.52292,36.35552],[127.51937,36.35035],[127.51197,36.34612],[127.50744,36.34629],[127.50807,36.34324],[127.50084,36.3397],[127.50296,36.32562],[127.49997,36.32077],[127.49598,36.31988],[127.49783,36.31641],[127.49457,36.31199],[127.49898,36.30567],[127.49743,36.30158],[127.49241,36.29995],[127.4912,36.29659],[127.49881,36.28281],[127.48875,36.27271],[127.49026,36.26837],[127.48605,36.26125],[127.48631,36.25922],[127.48998,36.25734],[127.48761,36.25144],[127.48941,36.24601],[127.49232,36.24438],[127.49258,36.23795],[127.48997,36.2371],[127.48847,36.23253],[127.47786,36.22967],[127.47683,36.226],[127.46753,36.22269],[127.46783,36.21705],[127.46963,36.21524],[127.46028,36.21292],[127.45924,36.20975],[127.45416,36.207],[127.45639,36.2036],[127.45559,36.2008],[127.4411,36.19479],[127.43942,36.1973],[127.43353,36.19858],[127.43092,36.20413],[127.42234,36.20806],[127.42614,36.21161],[127.42382,36.21391],[127.42664,36.21847],[127.42411,36.22776],[127.42679,36.22916],[127.43383,36.22781],[127.43764,36.23235],[127.43771,36.23663],[127.44325,36.23858],[127.44218,36.24444],[127.43578,36.2499],[127.43568,36.25275],[127.42704,36.25449],[127.43046,36.26167],[127.43954,36.27026],[127.43364,36.27565],[127.43231,36.27931],[127.43538,36.28167],[127.4273,36.28869],[127.42739,36.29103],[127.43385,36.29106],[127.44572,36.29623],[127.44815,36.29206],[127.451,36.29384],[127.45819,36.29372],[127.45587,36.30075],[127.45179,36.30361],[127.44838,36.30947],[127.44024,36.31269],[127.42932,36.32979],[127.41594,36.34006],[127.41366,36.34392],[127.42114,36.34435],[127.41844,36.34636],[127.41958,36.34831],[127.42468,36.34875],[127.43067,36.35906],[127.4354,36.36082],[127.43862,36.35964],[127.44138,36.35234],[127.44517,36.3508],[127.4459,36.35362],[127.45463,36.35445],[127.45512,36.35302],[127.46472,36.35112],[127.46598,36.36028],[127.45119,36.38102],[127.45529,36.38883],[127.45532,36.40003],[127.46656,36.40863],[127.4761,36.41927],[127.48784,36.43867],[127.49243,36.43937],[127.48992,36.43243],[127.50231,36.40853]]]]}},{"type":"Feature","properties":{"code":"25020","name":"중구","slug":"jung-gu","wide":"daejeon","center":[127.41542,36.27337]},"geometry":{"type":"MultiPolygon","coordinates":[[[[127.41918,36.33901],[127.43263,36.32577],[127.44024,36.31269],[127.4476,36.3102],[127.45179,36.30361],[127.45551,36.30132],[127.45819,36.29372],[127.451,36.29384],[127.44815,36.29206],[127.44572,36.29623],[127.43385,36.29106],[127.42781,36.29198],[127.4273,36.28869],[127.43538,36.28167],[127.43231,36.27931],[127.43364,36.27565],[127.43954,36.27026],[127.43046,36.26167],[127.42704,36.25449],[127.43568,36.25275],[127.43578,36.2499],[127.44218,36.24444],[127.44325,36.23858],[127.43771,36.23663],[127.43764,36.23235],[127.43383,36.22781],[127.42679,36.22916],[127.42411,36.22776],[127.42664,36.21847],[127.42382,36.21391],[127.42614,36.21161],[127.41978,36.20743],[127.408,36.21289],[127.41063,36.21755],[127.40454,36.22293],[127.39928,36.23254],[127.38734,36.23415],[127.38726,36.23729],[127.39037,36.23952],[127.39089,36.24295],[127.38789,36.24589],[127.38656,36.25251],[127.39026,36.26227],[127.37763,36.27149],[127.37246,36.27218],[127.37149,36.27948],[127.36748,36.28493],[127.37329,36.29331],[127.37831,36.29296],[127.38188,36.29735],[127.38024,36.30497],[127.38708,36.31274],[127.38579,36.32029],[127.38969,36.3287],[127.40295,36.33858],[127.40391,36.34963],[127.40994,36.34777],[127.4145,36.3412],[127.41918,36.33901]]]]}},{"type":"Feature","properties":{"code":"25030","name":"서구","slug":"seo-gu","wide":"daejeon","center":[127.34649,36.27069]},"geometry":{"type":"MultiPolygon","coordinates":[[[[127.38889,36.37116],[127.39308,36.37134],[127.40114,36.36137],[127.40461,36.35327],[127.40262,36.34621],[127.40327,36.33958],[127.38926,36.32822],[127.38557,36.31943],[127.38708,36.31274],[127.38024,36.30497],[127.38188,36.29735],[127.37831,36.29296],[127.37329,36.29331],[127.36748,36.28493],[127.37302,36.2746],[127.37177,36.27024],[127.36292,36.26912],[127.36068,36.2641],[127.3596,36.25472],[127.36416,36.25156],[127.36514,36.24363],[127.36194,36.2342],[127.3634,36.2323],[127.36011,36.22668],[127.36355,36.2229],[127.3642,36.2189],[127.36064,36.21846],[127.35943,36.21393],[127.35297,36.21184],[127.34955,36.20804],[127.34665,36.20326],[127.34759,36.19757],[127.34402,36.19666],[127.34038,36.18889],[127.33403,36.1831],[127.3317,36.18406],[127.3317,36.19269],[127.32981,36.19418],[127.33355,36.20067],[127.32814,36.20408],[127.32304,36.20373],[127.32087,36.20893],[127.32153,36.21343],[127.31526,36.22129],[127.30639,36.22616],[127.30425,36.22963],[127.30255,36.22188],[127.29382,36.22312],[127.2923,36.2298],[127.28184,36.2358],[127.28309,36.23702],[127.27942,36.25243],[127.2826,36.25847],[127.29571,36.26745],[127.31003,36.27297],[127.3113,36.28251],[127.31916,36.28696],[127.3222,36.29717],[127.33248,36.30182],[127.33261,36.30788],[127.33904,36.31325],[127.33974,36.31771],[127.3368,36.32196],[127.33591,36.33014],[127.33814,36.33014],[127.33814,36.33221],[127.35415,36.33307],[127.3491,36.34973],[127.35067,36.35343],[127.35807,36.35713],[127.36279,36.36338],[127.37471,36.3715],[127.38889,36.37116]]]]}},{"type":"Feature","properties":{"code":"25040","name":"유성구","slug":"yuseong-gu","wide":"daejeon","center":[127.332,36.37803]},"geometry":{"type":"MultiPolygon","coordinates":[[[[127.39892,36.4891],[127.40301,36.48548],[127.40416,36.48099],[127.40139,36.46267],[127.39968,36.46184],[127.40209,36.45604],[127.3922,36.44926],[127.38933,36.44276],[127.39122,36.43878],[127.40271,36.42919],[127.41326,36.42383],[127.41973,36.4153],[127.41998,36.41199],[127.41371,36.40308],[127.41173,36.39584],[127.4111,36.38018],[127.40711,36.37687],[127.3932,36.37304],[127.39308,36.37134],[127.37471,36.3715],[127.36279,36.36338],[127.35807,36.35713],[127.35067,36.35343],[127.3491,36.34973],[127.35457,36.33499],[127.35378,36.3323],[127.33814,36.33221],[127.33814,36.33014],[127.33591,36.33014],[127.3368,36.32196],[127.33974,36.31771],[127.33904,36.31325],[127.33261,36.30788],[127.33248,36.30182],[127.3222,36.29717],[127.31916,36.28696],[127.3113,36.28251],[127.31003,36.27297],[127.30075,36.27033],[127.29194,36.26424],[127.29014,36.26591],[127.28125,36.26519],[127.26535,36.27436],[127.25877,36.27605],[127.24665,36.29096],[127.25406,36.29687],[127.25985,36.29565],[127.26066,36.30185],[127.25842,36.30351],[127.25801,36.30993],[127.25842,36.31764],[127.26078,36.32169],[127.25977,36.32725],[127.26611,36.32853],[127.26812,36.33141],[127.26542,36.33723],[127.26865,36.341],[127.27912,36.34482],[127.27789,36.34901],[127.27241,36.35412],[127.27057,36.36086],[127.27768,36.36529],[127.27743,36.36866],[127.28104,36.37486],[127.27806,36.38672],[127.28212,36.41461],[127.29109,36.41615],[127.29531,36.41977],[127.29425,36.42222],[127.3035,36.42468],[127.31095,36.42469],[127.31644,36.42046],[127.32199,36.42341],[127.3263,36.42209],[127.34101,36.43097],[127.34034,36.43573],[127.34489,36.44441],[127.34974,36.44799],[127.35342,36.44787],[127.35862,36.4559],[127.35652,36.46333],[127.36399,36.47482],[127.35886,36.48256],[127.36015,36.48853],[127.36915,36.48858],[127.38034,36.49954],[127.38386,36.50023],[127.39892,36.4891]]]]}},{"type":"Feature","properties":{"code":"25050","name":"대덕구","slug":"daedeok-gu","wide":"daejeon","center":[127.44264,36.4082]},"geometry":{"type":"MultiPolygon","coordinates":[[[[127.48615,36.45283],[127.50059,36.4562],[127.5038,36.45369],[127.50348,36.44936],[127.49243,36.43937],[127.48766,36.4385],[127.47239,36.41489],[127.46656,36.40863],[127.45758,36.40308],[127.45419,36.39426],[127.45529,36.38883],[127.45119,36.38102],[127.46598,36.36028],[127.46504,36.35155],[127.45432,36.35444],[127.4459,36.35362],[127.44517,36.3508],[127.44138,36.35234],[127.43862,36.35964],[127.4354,36.36082],[127.43067,36.35906],[127.42468,36.34875],[127.41958,36.34831],[127.41844,36.34636],[127.42114,36.34435],[127.41366,36.34392],[127.4145,36.3412],[127.41013,36.34763],[127.40391,36.34963],[127.40461,36.35327],[127.40114,36.36137],[127.39285,36.37217],[127.40756,36.37705],[127.4111,36.38018],[127.41148,36.39458],[127.41363,36.40287],[127.42026,36.41369],[127.41326,36.42383],[127.40271,36.42919],[127.39122,36.43878],[127.3893,36.44412],[127.39178,36.44871],[127.40209,36.45604],[127.41497,36.45471],[127.42745,36.45687],[127.43586,36.45645],[127.44716,36.44919],[127.45476,36.45027],[127.46258,36.45616],[127.46378,36.46451],[127.46681,36.47018],[127.4718,36.4747],[127.48045,36.47718],[127.48403,36.47662],[127.48454,36.47454],[127.47758,36.45842],[127.48211,36.45389],[127.48615,36.45283]]]]}},{"type":"Feature","properties":{"code":"26010","name":"중구","slug":"jung-gu","wide":"ulsan","center":[129.30092,35.57735]},"geometry":{"type":"MultiPolygon","coordinates":[[[[129.33408,35.59384],[129.34181,35.59621],[129.34844,35.59528],[129.34853,35.58271],[129.35368,35.56265],[129.35322,35.56026],[129.34931,35.55794],[129.34999,35.54952],[129.32543,35.54958],[129.30644,35.55288],[129.30322,35.55136],[129.30283,35.54646],[129.29586,35.5449],[129.28027,35.5532],[129.26971,35.55384],[129.26223,35.5608],[129.25889,35.56153],[129.25683,35.56709],[129.2578,35.57394],[129.25974,35.57427],[129.25925,35.57764],[129.25542,35.58015],[129.25273,35.59026],[129.26492,35.58568],[129.27063,35.58739],[129.28306,35.58414],[129.28078,35.58109],[129.28456,35.57827],[129.29157,35.57801],[129.29454,35.57613],[129.29214,35.5821],[129.29387,35.58543],[129.29045,35.59325],[129.29414,35.59226],[129.29777,35.59429],[129.3036,35.59412],[129.3059,35.59025],[129.30958,35.58903],[129.31736,35.59428],[129.3211,35.59448],[129.32285,35.59821],[129.33104,35.59911],[129.331,35.59574],[129.33408,35.59384]]]]}},{"type":"Feature","properties":{"code":"26020","name":"남구","slug":"nam-gu","wide":"ulsan","center":[129.3281,35.51183]},"geometry":{"type":"MultiPolygon","coordinates":[[[[129.26643,35.55606],[129.27084,35.55342],[129.28027,35.5532],[129.29586,35.5449],[129.30283,35.54646],[129.30322,35.55136],[129.30709,35.5529],[129.32543,35.54958],[129.34697,35.54958],[129.36321,35.54399],[129.37055,35.5388],[129.37455,35.53953],[129.37665,35.53799],[129.37763,35.52843],[129.37496,35.52863],[129.37244,35.52361],[129.37599,35.52243],[129.37502,35.51757],[129.38583,35.51641],[129.3874,35.50188],[129.37136,35.50087],[129.36514,35.50496],[129.3632,35.50418],[129.3676,35.49792],[129.37932,35.49988],[129.39087,35.48595],[129.3911,35.47829],[129.39043,35.48611],[129.38893,35.48751],[129.3857,35.48485],[129.38416,35.47598],[129.38077,35.47158],[129.37828,35.47245],[129.37436,35.46992],[129.37745,35.46587],[129.37483,35.46238],[129.36796,35.46417],[129.36302,35.4604],[129.37044,35.45757],[129.36869,35.45424],[129.35451,35.45919],[129.35047,35.46833],[129.3401,35.47548],[129.33751,35.48226],[129.32944,35.4859],[129.32693,35.48921],[129.32008,35.48744],[129.31886,35.49102],[129.31048,35.4926],[129.30748,35.49716],[129.3009,35.4951],[129.28901,35.5091],[129.28826,35.51497],[129.27471,35.52367],[129.27325,35.52628],[129.27429,35.52921],[129.25892,35.53035],[129.25557,35.53481],[129.25385,35.53273],[129.24779,35.53335],[129.2456,35.5361],[129.23654,35.53617],[129.23881,35.53987],[129.242,35.54005],[129.24936,35.54545],[129.25592,35.55435],[129.26169,35.55168],[129.26303,35.55649],[129.26643,35.55606]]]]}},{"type":"Feature","properties":{"code":"26030","name":"동구","slug":"dong-gu","wide":"ulsan","center":[129.43045,35.51982]},"geometry":{"type":"MultiPolygon","coordinates":[[[[129.45406,35.56946],[129.4581,35.56413],[129.45849,35.56109],[129.45699,35.56122],[129.45864,35.55781],[129.45837,35.5531],[129.45563,35.55155],[129.4556,35.54765],[129.45242,35.54409],[129.45385,35.5422],[129.4513,35.53625],[129.45351,35.52808],[129.45278,35.52688],[129.44677,35.52935],[129.43875,35.52858],[129.43916,35.51985],[129.44019,35.52227],[129.44595,35.52236],[129.44761,35.52608],[129.44994,35.52481],[129.44562,35.51162],[129.44769,35.50896],[129.43319,35.51125],[129.43202,35.50536],[129.43373,35.50422],[129.43862,35.50701],[129.44338,35.50587],[129.4429,35.50134],[129.43406,35.50039],[129.43104,35.49586],[129.43366,35.49225],[129.44124,35.4958],[129.44494,35.49212],[129.44012,35.49063],[129.4398,35.48731],[129.43129,35.47823],[129.43075,35.48356],[129.42519,35.48501],[129.42485,35.48116],[129.41974,35.48244],[129.41536,35.47996],[129.41622,35.47597],[129.41174,35.47188],[129.40617,35.47205],[129.40711,35.47325],[129.40427,35.4772],[129.40424,35.48733],[129.40844,35.49326],[129.40322,35.49982],[129.39576,35.50125],[129.39704,35.5122],[129.38763,35.52739],[129.39272,35.52227],[129.40336,35.52016],[129.40838,35.51604],[129.41037,35.52406],[129.40121,35.5294],[129.40663,35.53746],[129.40539,35.54067],[129.40844,35.54549],[129.40759,35.55101],[129.41328,35.55469],[129.41332,35.5588],[129.42008,35.56376],[129.42894,35.56655],[129.44464,35.56767],[129.45291,35.5716],[129.45406,35.56946]]]]}},{"type":"Feature","properties":{"code":"26040","name":"북구","slug":"buk-gu","wide":"ulsan","center":[129.37927,35.60601]},"geometry":{"type":"MultiPolygon","coordinates":[[[[129.36123,35.67881],[129.36407,35.67893],[129.36506,35.6757],[129.3716,35.67209],[129.37265,35.66923],[129.38185,35.67118],[129.39994,35.66756],[129.40335,35.66299],[129.41097,35.66383],[129.4284,35.65558],[129.4328,35.65665],[129.43507,35.65245],[129.43927,35.65524],[129.44979,35.65107],[129.44614,35.6462],[129.4416,35.64466],[129.44151,35.63016],[129.44527,35.62312],[129.45424,35.61644],[129.45069,35.6181],[129.45008,35.61484],[129.4579,35.61384],[129.45715,35.60893],[129.45908,35.6065],[129.45989,35.60848],[129.46277,35.60691],[129.46352,35.60445],[129.46285,35.59374],[129.46466,35.58641],[129.45909,35.58478],[129.45361,35.58038],[129.45291,35.5716],[129.44464,35.56767],[129.42894,35.56655],[129.42008,35.56376],[129.41332,35.5588],[129.41396,35.55646],[129.41184,35.55318],[129.40759,35.55101],[129.40844,35.54549],[129.40539,35.54067],[129.40663,35.53746],[129.40121,35.5294],[129.41037,35.52406],[129.40838,35.51604],[129.40336,35.52016],[129.39255,35.52238],[129.37455,35.53953],[129.37055,35.5388],[129.36321,35.54399],[129.34812,35.54925],[129.35097,35.55048],[129.34931,35.55794],[129.35322,35.56026],[129.35368,35.56265],[129.34853,35.58271],[129.34844,35.59528],[129.34181,35.59621],[129.33435,35.59379],[129.331,35.59574],[129.33144,35.59906],[129.32398,35.59864],[129.3211,35.59448],[129.31736,35.59428],[129.30958,35.58903],[129.3059,35.59025],[129.3036,35.59412],[129.29777,35.59429],[129.29414,35.59226],[129.29045,35.59325],[129.2923,35.60137],[129.29927,35.60966],[129.30018,35.61427],[129.294,35.62061],[129.2946,35.62602],[129.29814,35.63142],[129.29626,35.64474],[129.30331,35.65008],[129.30427,35.65701],[129.31114,35.66052],[129.31912,35.65792],[129.32782,35.65884],[129.32864,35.66269],[129.33409,35.66976],[129.34006,35.66964],[129.35356,35.67938],[129.36123,35.67881]]]]}},{"type":"Feature","properties":{"code":"26310","name":"울주군","slug":"ulju-gun","wide":"ulsan","center":[129.21533,35.52152]},"geometry":{"type":"MultiPolygon","coordinates":[[[[129.37731,35.42655],[129.37809,35.43986],[129.38095,35.44524],[129.37835,35.43982],[129.37731,35.42655]]],[[[129.15948,35.71586],[129.17646,35.71566],[129.18129,35.72379],[129.19807,35.71451],[129.2017,35.71889],[129.2071,35.72142],[129.22437,35.70956],[129.23176,35.70844],[129.23401,35.70387],[129.25685,35.7007],[129.26259,35.69113],[129.26219,35.68593],[129.25864,35.68311],[129.26103,35.67907],[129.25972,35.67228],[129.25475,35.66641],[129.2555,35.66046],[129.26044,35.65464],[129.26969,35.65114],[129.27495,35.65309],[129.28109,35.6506],[129.2829,35.65173],[129.29729,35.64258],[129.29618,35.63791],[129.29814,35.63142],[129.2946,35.62602],[129.294,35.62061],[129.30018,35.61427],[129.29927,35.60966],[129.2923,35.60137],[129.29032,35.59433],[129.29387,35.58543],[129.29214,35.5821],[129.29454,35.57613],[129.29157,35.57801],[129.28456,35.57827],[129.28078,35.58109],[129.28306,35.58414],[129.27063,35.58739],[129.26492,35.58568],[129.25273,35.59026],[129.25542,35.58015],[129.25925,35.57764],[129.25974,35.57427],[129.2578,35.57394],[129.25683,35.56709],[129.25889,35.56153],[129.26223,35.5608],[129.26564,35.55691],[129.26277,35.55617],[129.26169,35.55168],[129.25592,35.55435],[129.25461,35.55342],[129.24936,35.54545],[129.242,35.54005],[129.23881,35.53987],[129.23654,35.53617],[129.2456,35.5361],[129.24779,35.53335],[129.25385,35.53273],[129.25557,35.53481],[129.25892,35.53035],[129.27429,35.52921],[129.27325,35.52628],[129.27471,35.52367],[129.28826,35.51497],[129.28901,35.5091],[129.3009,35.4951],[129.30748,35.49716],[129.31048,35.4926],[129.31886,35.49102],[129.32008,35.48744],[129.32693,35.48921],[129.33578,35.48251],[129.33891,35.47917],[129.33922,35.47531],[129.33677,35.47496],[129.33699,35.4734],[129.34738,35.46431],[129.34989,35.44824],[129.35979,35.44791],[129.35881,35.44282],[129.35388,35.44092],[129.35523,35.43826],[129.36514,35.44147],[129.36945,35.44899],[129.37374,35.44707],[129.36649,35.43705],[129.37144,35.43529],[129.37364,35.43124],[129.36744,35.43092],[129.36172,35.42613],[129.3528,35.42702],[129.36422,35.42481],[129.36391,35.41517],[129.35626,35.4133],[129.35624,35.41044],[129.36269,35.41086],[129.36261,35.40651],[129.35987,35.40309],[129.35396,35.40245],[129.35549,35.3939],[129.34662,35.38989],[129.34768,35.38519],[129.34459,35.3781],[129.34514,35.37497],[129.35533,35.37176],[129.35467,35.36688],[129.36062,35.36449],[129.36175,35.35878],[129.35886,35.35546],[129.35005,35.35486],[129.34506,35.35181],[129.34479,35.35391],[129.34055,35.3566],[129.33517,35.3559],[129.33228,35.34787],[129.3222,35.34621],[129.32061,35.33872],[129.31632,35.33869],[129.31158,35.3295],[129.30706,35.32808],[129.30946,35.32965],[129.30414,35.33016],[129.29994,35.33597],[129.29189,35.33682],[129.28977,35.33926],[129.27966,35.34137],[129.28388,35.34608],[129.28493,35.35073],[129.28052,35.35622],[129.28223,35.36532],[129.27943,35.36614],[129.27684,35.37214],[129.26808,35.38064],[129.26552,35.38714],[129.25797,35.38412],[129.25064,35.38737],[129.25088,35.38472],[129.24879,35.38315],[129.24022,35.3843],[129.23702,35.38356],[129.2354,35.38026],[129.2302,35.38114],[129.21854,35.37895],[129.20795,35.38245],[129.20117,35.38778],[129.20282,35.39261],[129.20781,35.39578],[129.20892,35.39943],[129.21907,35.40768],[129.21818,35.41153],[129.21479,35.41302],[129.21146,35.41906],[129.20328,35.42101],[129.20016,35.42415],[129.19994,35.43045],[129.20211,35.43207],[129.19698,35.43889],[129.19033,35.435],[129.17836,35.43226],[129.17283,35.43362],[129.16565,35.43212],[129.15204,35.44187],[129.14315,35.44565],[129.13088,35.45817],[129.12177,35.46344],[129.12127,35.47011],[129.1157,35.47664],[129.10832,35.48107],[129.10937,35.4866],[129.10679,35.48948],[129.10527,35.49647],[129.0907,35.49828],[129.08644,35.50184],[129.0717,35.50564],[129.05263,35.51447],[129.05106,35.51984],[129.05211,35.5244],[129.05657,35.52711],[129.05582,35.53227],[129.03333,35.52583],[129.02734,35.52711],[129.01296,35.52314],[129.00903,35.52399],[129.00969,35.52806],[129.0076,35.52911],[128.99539,35.52782],[128.99592,35.53525],[128.99896,35.54],[128.99659,35.54404],[128.98935,35.5516],[128.98092,35.54637],[128.97237,35.55712],[128.97119,35.5603],[128.99408,35.567],[129.00793,35.58019],[129.0192,35.58426],[129.02462,35.59992],[129.02265,35.60295],[129.02302,35.61344],[129.01667,35.61629],[129.00792,35.61619],[129.00274,35.62026],[129.00606,35.62346],[129.01802,35.62965],[129.02091,35.63508],[129.02661,35.6364],[129.03697,35.63246],[129.04334,35.64097],[129.0469,35.65052],[129.06931,35.64541],[129.07555,35.64036],[129.08085,35.64325],[129.07983,35.64904],[129.06789,35.6588],[129.06904,35.66905],[129.06715,35.67135],[129.07303,35.67738],[129.07071,35.67864],[129.06988,35.68237],[129.08046,35.6959],[129.08735,35.69901],[129.09029,35.70268],[129.10176,35.70607],[129.11275,35.70838],[129.1175,35.70667],[129.12413,35.70824],[129.12699,35.71404],[129.13678,35.71286],[129.13657,35.71548],[129.13951,35.71824],[129.13753,35.7207],[129.14205,35.72435],[129.14613,35.72492],[129.15287,35.72196],[129.15948,35.71586]]]]}},{"type":"Feature","properties":{"code":"29010","name":"세종시","slug":"sejongsi","wide":"sejong","center":[127.2529,36.5719]},"geometry":{"type":"MultiPolygon","coordinates":[[[[127.17206,36.73082],[127.17413,36.72857],[127.18457,36.72969],[127.20312,36.72615],[127.20481,36.72088],[127.20785,36.71904],[127.21814,36.71559],[127.22363,36.71572],[127.22512,36.71037],[127.22975,36.70783],[127.23224,36.70905],[127.2364,36.70745],[127.23705,36.70441],[127.24802,36.69507],[127.25122,36.69701],[127.2576,36.69271],[127.26523,36.6922],[127.27348,36.69527],[127.27771,36.69135],[127.28695,36.69042],[127.29214,36.68709],[127.30415,36.68503],[127.30763,36.68202],[127.30509,36.66757],[127.29975,36.66219],[127.28869,36.6589],[127.28162,36.64514],[127.28278,36.64229],[127.27952,36.6407],[127.27701,36.64187],[127.27565,36.6398],[127.2794,36.63352],[127.28494,36.63411],[127.28921,36.63689],[127.29216,36.63564],[127.2907,36.63107],[127.29176,36.62562],[127.2963,36.62424],[127.29591,36.6197],[127.29933,36.61828],[127.30181,36.61281],[127.30077,36.60773],[127.3066,36.60094],[127.30484,36.59139],[127.29956,36.58633],[127.30577,36.583],[127.32144,36.58378],[127.32659,36.57652],[127.33576,36.57106],[127.33515,36.5681],[127.33809,36.56234],[127.34713,36.56445],[127.351,36.56221],[127.35765,36.56181],[127.37755,36.56783],[127.37797,36.56289],[127.37255,36.55972],[127.3781,36.55517],[127.37852,36.54981],[127.38319,36.54786],[127.38388,36.54153],[127.39233,36.54001],[127.40019,36.54178],[127.40501,36.53731],[127.4086,36.52369],[127.40149,36.52365],[127.39764,36.52058],[127.40375,36.51738],[127.40495,36.51195],[127.40904,36.50975],[127.40781,36.5033],[127.41056,36.49628],[127.39612,36.49172],[127.38386,36.50023],[127.38034,36.49954],[127.36915,36.48858],[127.36015,36.48853],[127.35886,36.48256],[127.36399,36.47482],[127.35652,36.46333],[127.35862,36.4559],[127.35342,36.44787],[127.34974,36.44799],[127.34489,36.44441],[127.34034,36.43573],[127.34101,36.43097],[127.32915,36.42332],[127.3263,36.42209],[127.32199,36.42341],[127.31644,36.42046],[127.31095,36.42469],[127.3035,36.42468],[127.29425,36.42222],[127.29531,36.41977],[127.29109,36.41615],[127.27679,36.41386],[127.26282,36.41673],[127.25872,36.4144],[127.25912,36.40911],[127.2508,36.40676],[127.24226,36.41862],[127.23193,36.41991],[127.23171,36.42195],[127.22878,36.4228],[127.22693,36.42122],[127.22511,36.42665],[127.21771,36.43374],[127.19893,36.43988],[127.20111,36.44125],[127.20182,36.44632],[127.1984,36.45221],[127.20473,36.45929],[127.20328,36.46498],[127.20109,36.4668],[127.19791,36.46597],[127.19202,36.47467],[127.19048,36.47947],[127.19482,36.48439],[127.19468,36.48959],[127.18545,36.49321],[127.17705,36.4926],[127.17324,36.49744],[127.17757,36.50241],[127.17597,36.50541],[127.16999,36.50904],[127.17399,36.51551],[127.18235,36.52144],[127.17573,36.52888],[127.17492,36.53298],[127.17302,36.53346],[127.17424,36.54219],[127.17867,36.54536],[127.18504,36.54366],[127.18701,36.5458],[127.19183,36.54603],[127.18676,36.55294],[127.19379,36.56481],[127.1992,36.56494],[127.2031,36.56744],[127.20373,36.57265],[127.20775,36.57796],[127.20566,36.58077],[127.2004,36.58257],[127.19296,36.58082],[127.18926,36.58684],[127.19135,36.59394],[127.18797,36.59408],[127.18432,36.5912],[127.18168,36.59551],[127.17808,36.59689],[127.17272,36.59545],[127.16608,36.60255],[127.15588,36.60601],[127.15562,36.61599],[127.15005,36.61901],[127.15432,36.62389],[127.1605,36.62445],[127.16037,36.62628],[127.15705,36.62723],[127.15612,36.6307],[127.15802,36.63579],[127.15317,36.64521],[127.1547,36.65286],[127.16057,36.65612],[127.15904,36.66135],[127.15486,36.66427],[127.15856,36.67303],[127.16412,36.6785],[127.16138,36.69044],[127.15711,36.69566],[127.15622,36.69076],[127.14175,36.68998],[127.14291,36.69178],[127.13614,36.70504],[127.12773,36.70852],[127.14825,36.71989],[127.14993,36.72598],[127.15753,36.72746],[127.15964,36.73284],[127.16469,36.73382],[127.17206,36.73082]]]]}},{"type":"Feature","properties":{"code":"31011","name":"수원시장안구","slug":"suwonsijangangu","wide":"gyeonggi","center":[127.00192,37.31486]},"geometry":{"type":"MultiPolygon","coordinates":[[[[127.02513,37.34838],[127.03339,37.34455],[127.03151,37.3368],[127.03806,37.32833],[127.03706,37.3262],[127.03948,37.32272],[127.03841,37.31636],[127.03239,37.30964],[127.03271,37.30051],[127.03523,37.29419],[127.02048,37.28713],[127.01417,37.2891],[127.00948,37.28551],[127.00068,37.28965],[126.99049,37.28635],[126.9847,37.29103],[126.97734,37.28836],[126.9784,37.28664],[126.97537,37.2856],[126.96963,37.28663],[126.968,37.29425],[126.96081,37.30233],[126.96622,37.3078],[126.96707,37.3178],[126.96899,37.3201],[126.96761,37.32479],[126.97131,37.33176],[126.98292,37.32668],[126.98966,37.33014],[126.99163,37.33401],[127.00066,37.33857],[127.0089,37.3393],[127.01428,37.34943],[127.01976,37.35104],[127.02513,37.34838]]]]}},{"type":"Feature","properties":{"code":"31012","name":"수원시권선구","slug":"suwonsigwonseongu","wide":"gyeonggi","center":[126.98362,37.26]},"geometry":{"type":"MultiPolygon","coordinates":[[[[127.04011,37.24455],[127.02991,37.23207],[127.02329,37.23075],[127.02187,37.22454],[127.00844,37.22702],[127.00333,37.2302],[126.99877,37.22575],[126.997,37.22925],[126.98947,37.23169],[126.98767,37.23424],[126.97771,37.22968],[126.97048,37.22936],[126.96788,37.23482],[126.95757,37.24001],[126.95618,37.24676],[126.95289,37.24875],[126.95008,37.25571],[126.94676,37.25746],[126.93579,37.25686],[126.93079,37.26094],[126.92706,37.27134],[126.92802,37.28195],[126.93304,37.29158],[126.93961,37.2954],[126.93238,37.30086],[126.93293,37.30304],[126.94239,37.30034],[126.96081,37.30233],[126.968,37.29425],[126.96963,37.28663],[126.9784,37.28664],[126.98128,37.28366],[126.98693,37.28274],[126.98578,37.27756],[126.9875,37.27491],[126.99324,37.27736],[127.00117,37.2638],[127.00703,37.26389],[127.00983,37.26785],[127.01508,37.26442],[127.03181,37.26166],[127.03048,37.25819],[127.03668,37.25652],[127.04217,37.25098],[127.03916,37.24703],[127.04011,37.24455]]]]}},{"type":"Feature","properties":{"code":"31013","name":"수원시팔달구","slug":"suwonsipaldalgu","wide":"gyeonggi","center":[127.01776,37.27837]},"geometry":{"type":"MultiPolygon","coordinates":[[[[127.04115,37.29094],[127.0425,37.28841],[127.03867,37.28353],[127.04292,37.28598],[127.04182,37.28272],[127.04564,37.27417],[127.03726,37.27497],[127.03836,37.26947],[127.03326,37.26716],[127.04056,37.26516],[127.03668,37.25652],[127.03048,37.25819],[127.03181,37.26166],[127.01508,37.26442],[127.00983,37.26785],[127.00703,37.26389],[127.00117,37.2638],[126.99324,37.27736],[126.9875,37.27491],[126.98578,37.27756],[126.98697,37.2827],[126.98128,37.28366],[126.97734,37.28836],[126.9847,37.29103],[126.99049,37.28635],[127.00068,37.28965],[127.00948,37.28551],[127.01413,37.28909],[127.02048,37.28713],[127.02677,37.29141],[127.03408,37.29336],[127.04115,37.29094]]]]}},{"type":"Feature","properties":{"code":"31014","name":"수원시영통구","slug":"suwonsiyeongtonggu","wide":"gyeonggi","center":[127.05788,37.27366]},"geometry":{"type":"MultiPolygon","coordinates":[[[[127.04982,37.31585],[127.05763,37.31559],[127.06057,37.31096],[127.05817,37.30479],[127.06083,37.30356],[127.06025,37.29663],[127.07897,37.29328],[127.08281,37.29767],[127.08963,37.29825],[127.08799,37.29094],[127.08931,37.28687],[127.07111,37.28047],[127.06472,37.27041],[127.07479,37.2661],[127.0757,37.26128],[127.07732,37.26569],[127.08488,37.26991],[127.08621,37.26485],[127.08078,37.2599],[127.08469,37.25649],[127.08175,37.2527],[127.08232,37.24967],[127.08006,37.2474],[127.07003,37.24627],[127.06547,37.24369],[127.06692,37.24019],[127.0527,37.23128],[127.05313,37.23368],[127.0459,37.23278],[127.03917,37.23724],[127.04253,37.24702],[127.04023,37.24694],[127.04037,37.24357],[127.0391,37.24679],[127.04217,37.25098],[127.03668,37.25652],[127.04056,37.26516],[127.03318,37.267],[127.03836,37.26947],[127.03726,37.27497],[127.04564,37.27417],[127.04182,37.28272],[127.04292,37.28598],[127.03867,37.28353],[127.0425,37.28841],[127.04115,37.29094],[127.03408,37.29336],[127.03297,37.31169],[127.03841,37.31636],[127.03982,37.321],[127.04982,37.31585]]]]}},{"type":"Feature","properties":{"code":"31021","name":"성남시수정구","slug":"seongnamsisujeonggu","wide":"gyeonggi","center":[127.10462,37.43959]},"geometry":{"type":"MultiPolygon","coordinates":[[[[127.15743,37.47114],[127.16843,37.46877],[127.17693,37.4716],[127.1741,37.46615],[127.16093,37.45418],[127.15691,37.44501],[127.13485,37.43497],[127.11845,37.43234],[127.11698,37.42199],[127.11976,37.41903],[127.11668,37.40906],[127.10711,37.40706],[127.10245,37.40972],[127.09476,37.40698],[127.0838,37.39706],[127.07827,37.39916],[127.06319,37.39851],[127.05615,37.40243],[127.04325,37.40389],[127.04226,37.40729],[127.04711,37.41296],[127.04198,37.41572],[127.04247,37.42845],[127.04702,37.43076],[127.05346,37.42881],[127.06962,37.43061],[127.07384,37.43741],[127.07225,37.4422],[127.08144,37.44123],[127.08786,37.44489],[127.08882,37.44975],[127.09354,37.45589],[127.09931,37.45668],[127.10434,37.46217],[127.11182,37.46164],[127.11689,37.45864],[127.11747,37.4622],[127.12449,37.46664],[127.12488,37.4696],[127.1328,37.46839],[127.13286,37.47463],[127.1546,37.47352],[127.15449,37.47177],[127.15743,37.47114]]]]}},{"type":"Feature","properties":{"code":"31022","name":"성남시중원구","slug":"seongnamsijungwongu","wide":"gyeonggi","center":[127.16676,37.43705]},"geometry":{"type":"MultiPolygon","coordinates":[[[[127.18103,37.47323],[127.18205,37.46389],[127.18476,37.45883],[127.19166,37.45703],[127.19484,37.45117],[127.19582,37.44361],[127.19365,37.43916],[127.19543,37.43095],[127.19434,37.42467],[127.1856,37.41855],[127.18474,37.41555],[127.17776,37.41395],[127.17689,37.40907],[127.17258,37.40522],[127.16506,37.40646],[127.15564,37.4111],[127.14926,37.4108],[127.14181,37.41553],[127.1333,37.41704],[127.11921,37.41566],[127.11957,37.42069],[127.11698,37.42199],[127.11845,37.43234],[127.13485,37.43497],[127.15691,37.44501],[127.16093,37.45418],[127.1741,37.46615],[127.17693,37.4716],[127.17563,37.47196],[127.17875,37.47481],[127.18103,37.47323]]]]}},{"type":"Feature","properties":{"code":"31023","name":"성남시분당구","slug":"seongnamsibundanggu","wide":"gyeonggi","center":[127.10588,37.37866]},"geometry":{"type":"MultiPolygon","coordinates":[[[[127.14926,37.4108],[127.15564,37.4111],[127.16506,37.40646],[127.17421,37.40575],[127.16821,37.39554],[127.16825,37.39263],[127.17725,37.38709],[127.17324,37.38265],[127.16182,37.37969],[127.16059,37.37268],[127.15068,37.3619],[127.13484,37.35792],[127.1326,37.34954],[127.13737,37.34451],[127.13614,37.34242],[127.13787,37.33972],[127.12277,37.33702],[127.11744,37.33342],[127.1137,37.33567],[127.11091,37.33493],[127.10422,37.33841],[127.10187,37.34303],[127.09785,37.34289],[127.08593,37.35167],[127.07809,37.34961],[127.0706,37.35799],[127.06106,37.36069],[127.05429,37.36013],[127.05267,37.36379],[127.04608,37.3683],[127.02792,37.37196],[127.0282,37.37919],[127.03228,37.38142],[127.03536,37.38881],[127.03842,37.39051],[127.0371,37.4013],[127.04325,37.40389],[127.05615,37.40243],[127.06319,37.39851],[127.07827,37.39916],[127.0838,37.39706],[127.09476,37.40698],[127.10245,37.40972],[127.10711,37.40706],[127.11593,37.40865],[127.11829,37.41051],[127.11768,37.41487],[127.12208,37.4169],[127.14196,37.4155],[127.14926,37.4108]]]]}},{"type":"Feature","properties":{"code":"31030","name":"의정부시","slug":"uijeongbu-si","wide":"gyeonggi","center":[127.07127,37.73555]},"geometry":{"type":"MultiPolygon","coordinates":[[[[127.11595,37.77443],[127.12743,37.77147],[127.12908,37.76713],[127.12581,37.76365],[127.13371,37.76209],[127.13965,37.76402],[127.14726,37.75199],[127.14652,37.74985],[127.14178,37.74772],[127.13837,37.74742],[127.13634,37.74952],[127.12864,37.74808],[127.12369,37.73895],[127.12578,37.72747],[127.12123,37.72215],[127.11156,37.71724],[127.10841,37.70817],[127.09504,37.70273],[127.08398,37.70188],[127.08023,37.69951],[127.0811,37.69614],[127.07266,37.6938],[127.06273,37.69468],[127.05966,37.69033],[127.0518,37.68581],[127.04863,37.69406],[127.04509,37.69239],[127.04111,37.6953],[127.03241,37.69184],[127.02769,37.70094],[127.02532,37.69958],[127.01542,37.70146],[127.0182,37.70514],[127.01212,37.71369],[127.01333,37.71833],[127.01047,37.72192],[127.01223,37.72608],[127.00237,37.7408],[127.00251,37.74466],[127.00664,37.7477],[127.00242,37.75516],[127.00205,37.76262],[127.00851,37.7624],[127.01744,37.76886],[127.02724,37.76645],[127.03382,37.76843],[127.04178,37.76667],[127.05119,37.76111],[127.0603,37.76212],[127.08046,37.77031],[127.08443,37.77354],[127.10574,37.78034],[127.11512,37.77702],[127.11595,37.77443]]]]}},{"type":"Feature","properties":{"code":"31041","name":"안양시만안구","slug":"anyangsimanangu","wide":"gyeonggi","center":[126.91162,37.41057]},"geometry":{"type":"MultiPolygon","coordinates":[[[[126.93936,37.43603],[126.94816,37.43863],[126.94859,37.42203],[126.94183,37.41912],[126.93825,37.41444],[126.92976,37.41504],[126.9253,37.41055],[126.92737,37.40828],[126.92778,37.40109],[126.94134,37.39182],[126.93901,37.38111],[126.94171,37.37866],[126.94096,37.37712],[126.91845,37.37694],[126.91235,37.37348],[126.90644,37.36153],[126.90071,37.35889],[126.89638,37.35949],[126.89063,37.37543],[126.8813,37.37744],[126.87663,37.39337],[126.87763,37.40506],[126.87041,37.40704],[126.87116,37.41271],[126.87917,37.409],[126.88093,37.41085],[126.88899,37.41142],[126.88899,37.4189],[126.89643,37.42518],[126.89676,37.42757],[126.89458,37.42741],[126.89433,37.42909],[126.89814,37.43127],[126.89898,37.4387],[126.90299,37.43407],[126.90941,37.43386],[126.91231,37.43858],[126.91866,37.43998],[126.9284,37.45021],[126.93055,37.44547],[126.93735,37.44087],[126.93936,37.43603]]]]}},{"type":"Feature","properties":{"code":"31042","name":"안양시동안구","slug":"anyangsidongangu","wide":"gyeonggi","center":[126.9582,37.39824]},"geometry":{"type":"MultiPolygon","coordinates":[[[[126.96548,37.43922],[126.96093,37.42609],[126.96245,37.42091],[126.97375,37.41513],[126.97665,37.40614],[126.97864,37.4053],[126.97733,37.40304],[126.98012,37.40311],[126.98285,37.39992],[126.97977,37.3963],[126.98168,37.39399],[126.9742,37.38882],[126.97202,37.38008],[126.96501,37.37147],[126.96594,37.36848],[126.96438,37.36497],[126.96617,37.36223],[126.96206,37.36149],[126.95702,37.36603],[126.95353,37.36595],[126.94793,37.36931],[126.94574,37.37331],[126.9465,37.37576],[126.93927,37.38025],[126.94134,37.39182],[126.92778,37.40109],[126.92737,37.40828],[126.9253,37.41055],[126.92976,37.41504],[126.93825,37.41444],[126.94183,37.41912],[126.94859,37.42203],[126.94816,37.43863],[126.9638,37.44079],[126.96548,37.43922]]]]}},{"type":"Feature","properties":{"code":"31050","name":"부천시","slug":"bucheon-si","wide":"gyeonggi","center":[126.79364,37.50639]},"geometry":{"type":"MultiPolygon","coordinates":[[[[126.77155,37.54832],[126.77529,37.54897],[126.77791,37.54667],[126.78695,37.54598],[126.79302,37.54159],[126.79442,37.53583],[126.79946,37.53773],[126.79933,37.54064],[126.80185,37.54272],[126.80719,37.54372],[126.81233,37.54074],[126.82212,37.54068],[126.82193,37.53505],[126.82531,37.52996],[126.82821,37.52903],[126.82426,37.51447],[126.82419,37.51052],[126.82695,37.51039],[126.82699,37.50853],[126.82222,37.50769],[126.81964,37.49921],[126.81301,37.4964],[126.81457,37.49319],[126.82327,37.48791],[126.819,37.47916],[126.81466,37.47476],[126.81767,37.47324],[126.81942,37.47633],[126.83305,37.47725],[126.833,37.46586],[126.8278,37.46324],[126.8261,37.45948],[126.82319,37.45838],[126.8089,37.46213],[126.8038,37.46155],[126.79475,37.46573],[126.78921,37.46564],[126.7843,37.47239],[126.76775,37.47174],[126.76516,37.47518],[126.75916,37.47692],[126.75425,37.48373],[126.74241,37.48691],[126.7418,37.49448],[126.74376,37.50162],[126.74163,37.50883],[126.74593,37.51521],[126.75002,37.51419],[126.75216,37.51649],[126.7581,37.5158],[126.76014,37.51801],[126.76083,37.53906],[126.76232,37.5395],[126.7662,37.55424],[126.77155,37.54832]]]]}},{"type":"Feature","properties":{"code":"31060","name":"광명시","slug":"gwangmyeong-si","wide":"gyeonggi","center":[126.86824,37.44897]},"geometry":{"type":"MultiPolygon","coordinates":[[[[126.87033,37.48954],[126.87413,37.49134],[126.87275,37.48843],[126.87679,37.48857],[126.87456,37.48537],[126.87176,37.48527],[126.87274,37.48242],[126.88457,37.46565],[126.88286,37.46426],[126.88888,37.46095],[126.88544,37.46012],[126.88626,37.45636],[126.88964,37.45232],[126.89398,37.45272],[126.89578,37.44563],[126.89958,37.44037],[126.89961,37.435],[126.89811,37.43123],[126.89433,37.42909],[126.89458,37.42741],[126.89676,37.42757],[126.89643,37.42518],[126.88899,37.4189],[126.88899,37.41142],[126.88093,37.41085],[126.87917,37.409],[126.87116,37.41271],[126.87041,37.40704],[126.87586,37.40648],[126.87763,37.40506],[126.87691,37.40192],[126.85917,37.40179],[126.85511,37.40344],[126.85291,37.4083],[126.84637,37.41234],[126.84145,37.43469],[126.8378,37.43698],[126.83942,37.44793],[126.83803,37.45724],[126.83308,37.4603],[126.82915,37.45858],[126.8261,37.45948],[126.8278,37.46324],[126.833,37.46586],[126.83305,37.47725],[126.83461,37.47487],[126.84503,37.47356],[126.8466,37.48167],[126.8527,37.48182],[126.86759,37.49482],[126.8695,37.49433],[126.87033,37.48954]]]]}},{"type":"Feature","properties":{"code":"31070","name":"평택시","slug":"pyeongtaek-si","wide":"gyeonggi","center":[127.00235,37.03495]},"geometry":{"type":"MultiPolygon","coordinates":[[[[126.83704,36.94958],[126.8405,36.94374],[126.83215,36.94153],[126.82914,36.94754],[126.83704,36.94958]]],[[[127.12294,37.14449],[127.1206,37.13985],[127.12198,37.1365],[127.12072,37.12966],[127.11489,37.12984],[127.11012,37.12621],[127.10917,37.12321],[127.11074,37.1161],[127.12394,37.09005],[127.12637,37.08171],[127.12476,37.07798],[127.12076,37.07636],[127.10362,37.07589],[127.10202,37.06863],[127.10607,37.06509],[127.11367,37.06508],[127.11894,37.06204],[127.12498,37.06472],[127.13026,37.05876],[127.12756,37.05303],[127.1239,37.05211],[127.11444,37.04236],[127.10983,37.04089],[127.10556,37.03518],[127.11301,37.02691],[127.1168,37.02707],[127.12221,37.03514],[127.14381,37.03268],[127.15235,37.02838],[127.15233,37.02139],[127.14529,37.01686],[127.14444,37.01319],[127.14493,37.00928],[127.15144,37.00406],[127.1541,36.99784],[127.14457,36.99718],[127.13783,36.99394],[127.13287,36.98766],[127.14114,36.979],[127.12446,36.97684],[127.12021,36.97035],[127.11154,36.97128],[127.11085,36.96922],[127.09718,36.96012],[127.09641,36.95569],[127.103,36.95308],[127.097,36.94799],[127.09576,36.94237],[127.08621,36.94774],[127.07408,36.93862],[127.07277,36.94056],[127.06549,36.94193],[127.04954,36.93386],[127.03738,36.93233],[127.03104,36.92809],[127.0258,36.92875],[127.01557,36.93539],[127.00744,36.93573],[127.00079,36.9336],[126.99518,36.93536],[126.98555,36.93249],[126.97375,36.92586],[126.93963,36.91733],[126.90971,36.9016],[126.90628,36.91036],[126.90718,36.91241],[126.90358,36.91542],[126.90365,36.9247],[126.89919,36.92993],[126.88709,36.93627],[126.86743,36.93327],[126.86256,36.94882],[126.85896,36.9507],[126.8539,36.94831],[126.8598,36.94304],[126.85886,36.94209],[126.85385,36.94828],[126.84961,36.94647],[126.84526,36.95264],[126.84662,36.95485],[126.84419,36.95795],[126.84251,36.9572],[126.82484,36.98236],[126.82819,36.98301],[126.82603,36.98599],[126.82081,36.98476],[126.81295,36.98732],[126.82054,36.98555],[126.8234,36.99127],[126.81209,36.99497],[126.80972,36.98844],[126.80414,36.99026],[126.80926,36.99591],[126.80413,36.99764],[126.79466,36.99746],[126.79301,36.9945],[126.78959,36.9947],[126.7789,37.0072],[126.78716,37.01297],[126.83437,37.01342],[126.84211,37.01432],[126.85114,37.01839],[126.87744,37.05273],[126.88374,37.06699],[126.89708,37.06857],[126.9045,37.07337],[126.90557,37.06945],[126.91151,37.06875],[126.91496,37.06565],[126.92002,37.06508],[126.92849,37.0681],[126.93151,37.06262],[126.94002,37.06071],[126.94791,37.06175],[126.94905,37.06877],[126.96465,37.06784],[126.96914,37.07317],[126.9756,37.0707],[126.98474,37.07163],[126.99621,37.06969],[126.99686,37.07216],[126.99041,37.07682],[126.99627,37.07865],[126.99049,37.08749],[126.99649,37.08722],[126.99857,37.08453],[127.00016,37.08576],[126.99538,37.08986],[126.99844,37.09415],[126.99699,37.09683],[126.99822,37.10623],[126.9953,37.1091],[127.0003,37.11077],[126.99541,37.11164],[126.99421,37.11454],[126.99865,37.11463],[126.99508,37.11624],[126.99886,37.11978],[126.99754,37.12533],[127.00142,37.12801],[127.01694,37.12987],[127.0357,37.13649],[127.04512,37.12608],[127.04532,37.12861],[127.05205,37.12988],[127.05566,37.1336],[127.06649,37.13122],[127.06677,37.12671],[127.06889,37.12807],[127.07301,37.12532],[127.07913,37.12812],[127.07925,37.12605],[127.08645,37.12668],[127.09123,37.13115],[127.08775,37.13479],[127.09765,37.13679],[127.10015,37.14262],[127.10304,37.14386],[127.10434,37.14173],[127.11382,37.14451],[127.12294,37.14449]]]]}},{"type":"Feature","properties":{"code":"31080","name":"동두천시","slug":"dongducheon-si","wide":"gyeonggi","center":[127.07372,37.9211]},"geometry":{"type":"MultiPolygon","coordinates":[[[[127.06366,37.97598],[127.08084,37.97639],[127.09138,37.97163],[127.09418,37.96681],[127.09237,37.95881],[127.09927,37.95293],[127.09544,37.94426],[127.10858,37.93961],[127.11621,37.92919],[127.1215,37.91652],[127.13011,37.91666],[127.14665,37.91081],[127.14779,37.90256],[127.15006,37.90036],[127.14927,37.89813],[127.15502,37.89504],[127.14945,37.88569],[127.14684,37.87622],[127.12829,37.87395],[127.12357,37.86998],[127.12323,37.86698],[127.11162,37.86482],[127.10886,37.86038],[127.10151,37.86669],[127.09781,37.86649],[127.08836,37.8722],[127.07324,37.87211],[127.06122,37.86893],[127.04821,37.88318],[127.04525,37.89544],[127.0372,37.89541],[127.02878,37.89887],[127.02141,37.89865],[127.01858,37.9017],[127.01063,37.90483],[127.01043,37.90971],[127.00622,37.91522],[127.01337,37.91954],[127.0092,37.92506],[127.00972,37.92823],[127.01367,37.92984],[127.01686,37.93671],[127.02606,37.94126],[127.02893,37.94917],[127.02883,37.95588],[127.03893,37.95753],[127.04183,37.96006],[127.04543,37.97006],[127.04467,37.97249],[127.04954,37.97586],[127.04945,37.97886],[127.0533,37.98072],[127.06415,37.97917],[127.06366,37.97598]]]]}},{"type":"Feature","properties":{"code":"31091","name":"안산시상록구","slug":"ansansisangnokgu","wide":"gyeonggi","center":[126.8758,37.31482]},"geometry":{"type":"MultiPolygon","coordinates":[[[[126.8813,37.37744],[126.89063,37.37543],[126.89638,37.35949],[126.89169,37.35118],[126.88689,37.34694],[126.88545,37.3388],[126.88185,37.33436],[126.87344,37.32922],[126.87429,37.32108],[126.87801,37.31957],[126.88271,37.32106],[126.88737,37.31777],[126.89154,37.31991],[126.90765,37.32182],[126.91185,37.31834],[126.91024,37.31667],[126.91569,37.31551],[126.91496,37.30554],[126.93025,37.30724],[126.93293,37.30304],[126.93238,37.30086],[126.93959,37.29531],[126.93304,37.29158],[126.9313,37.28696],[126.92914,37.28597],[126.92729,37.27881],[126.91797,37.28531],[126.91425,37.29081],[126.90651,37.28996],[126.90093,37.29143],[126.88984,37.28199],[126.87871,37.2851],[126.87361,37.27977],[126.86324,37.28151],[126.86194,37.27945],[126.86313,37.27306],[126.85285,37.27238],[126.84909,37.26866],[126.84311,37.26772],[126.83868,37.27189],[126.8381,37.27613],[126.82898,37.2788],[126.82549,37.28679],[126.81633,37.2941],[126.81736,37.2998],[126.82227,37.30379],[126.83547,37.30367],[126.8418,37.30648],[126.84314,37.31753],[126.84097,37.32037],[126.84181,37.33356],[126.83675,37.33821],[126.84264,37.34388],[126.83895,37.34455],[126.83441,37.34999],[126.84147,37.3628],[126.84827,37.36477],[126.85098,37.36104],[126.85583,37.35945],[126.86503,37.36186],[126.88072,37.37474],[126.8813,37.37744]]]]}},{"type":"Feature","properties":{"code":"31092","name":"안산시단원구","slug":"ansansidanwongu","wide":"gyeonggi","center":[126.59483,37.24667]},"geometry":{"type":"MultiPolygon","coordinates":[[[[126.46054,37.08799],[126.45618,37.08903],[126.45544,37.09119],[126.45855,37.09302],[126.46054,37.08799]]],[[[126.44953,37.0953],[126.44708,37.09892],[126.44878,37.10449],[126.45043,37.09946],[126.45368,37.0972],[126.44953,37.0953]]],[[[126.38611,37.11647],[126.39485,37.11252],[126.39269,37.11192],[126.3952,37.10178],[126.39245,37.09916],[126.37978,37.10571],[126.37983,37.11378],[126.38611,37.11647]]],[[[126.54382,37.20592],[126.53815,37.19848],[126.53379,37.19914],[126.53973,37.20705],[126.54382,37.20592]]],[[[126.61758,37.22381],[126.61462,37.22386],[126.61666,37.22706],[126.61758,37.22381]]],[[[126.61251,37.27858],[126.62888,37.2841],[126.63006,37.28052],[126.62562,37.28269],[126.61251,37.27858]]],[[[126.58579,37.29097],[126.58217,37.28846],[126.58387,37.28455],[126.58903,37.29017],[126.59047,37.28963],[126.60979,37.27938],[126.58919,37.28998],[126.58554,37.28404],[126.58642,37.28605],[126.58855,37.28526],[126.59834,37.27756],[126.61172,37.27251],[126.62426,37.26405],[126.62517,37.2678],[126.63589,37.27057],[126.63679,37.2724],[126.64298,37.269],[126.63928,37.26447],[126.64148,37.2626],[126.6396,37.26467],[126.64355,37.26767],[126.64238,37.27185],[126.63117,37.28094],[126.64292,37.27147],[126.64374,37.26596],[126.63755,37.25792],[126.637,37.25306],[126.64262,37.24115],[126.65302,37.22854],[126.65536,37.21551],[126.65278,37.19975],[126.64653,37.19145],[126.64271,37.19579],[126.6416,37.20439],[126.64612,37.20699],[126.64684,37.21088],[126.64109,37.21503],[126.62922,37.21826],[126.62605,37.2024],[126.62899,37.21854],[126.62637,37.21914],[126.62345,37.22658],[126.62432,37.23502],[126.62213,37.23619],[126.61929,37.23326],[126.6188,37.2295],[126.61086,37.23394],[126.6103,37.22937],[126.60257,37.23044],[126.60029,37.22822],[126.59193,37.23368],[126.58835,37.23332],[126.60988,37.22056],[126.6152,37.20945],[126.6124,37.20835],[126.60488,37.21232],[126.59946,37.20151],[126.59536,37.19835],[126.59942,37.20162],[126.60482,37.21241],[126.6013,37.22146],[126.60031,37.21764],[126.59064,37.21349],[126.58674,37.22063],[126.576,37.22078],[126.5741,37.21259],[126.56832,37.20453],[126.56952,37.19923],[126.56266,37.19297],[126.55687,37.20199],[126.55367,37.20389],[126.55032,37.20275],[126.55129,37.2049],[126.54465,37.20599],[126.54403,37.21499],[126.55354,37.21443],[126.55711,37.21791],[126.552,37.22352],[126.54162,37.22459],[126.54082,37.2289],[126.54434,37.22932],[126.54439,37.23343],[126.55403,37.23345],[126.55977,37.23611],[126.56929,37.23699],[126.56099,37.24226],[126.563,37.25529],[126.55925,37.26071],[126.55864,37.2668],[126.55004,37.27406],[126.54828,37.28004],[126.5396,37.2825],[126.53897,37.28609],[126.53281,37.28895],[126.54993,37.2831],[126.55569,37.28353],[126.55757,37.28073],[126.55421,37.27977],[126.55641,37.27665],[126.56167,37.27734],[126.56653,37.27954],[126.5772,37.29015],[126.57175,37.29777],[126.57785,37.2931],[126.60514,37.30924],[126.60614,37.31262],[126.6144,37.31445],[126.61618,37.31377],[126.57805,37.29282],[126.58579,37.29097]]],[[[126.83014,37.36249],[126.84164,37.36322],[126.83441,37.34999],[126.83895,37.34455],[126.84264,37.34388],[126.83675,37.33821],[126.84181,37.33356],[126.84097,37.32037],[126.84314,37.31753],[126.84109,37.30571],[126.83521,37.30364],[126.82274,37.30397],[126.8168,37.29804],[126.80531,37.29953],[126.80126,37.29562],[126.79766,37.29494],[126.78451,37.29438],[126.78382,37.29258],[126.76764,37.29253],[126.7406,37.30086],[126.73934,37.29884],[126.73267,37.30076],[126.73155,37.30343],[126.71754,37.30828],[126.73854,37.32967],[126.74763,37.32483],[126.74967,37.3335],[126.76079,37.34103],[126.77236,37.34318],[126.78553,37.338],[126.7924,37.34324],[126.79029,37.35027],[126.79541,37.35507],[126.79679,37.35339],[126.81152,37.35563],[126.81656,37.35772],[126.82428,37.36591],[126.83014,37.36249]]]]}},{"type":"Feature","properties":{"code":"31101","name":"고양시덕양구","slug":"goyangsideogyanggu","wide":"gyeonggi","center":[126.89432,37.66817]},"geometry":{"type":"MultiPolygon","coordinates":[[[[126.93067,37.74749],[126.93307,37.74589],[126.93036,37.74415],[126.93063,37.73604],[126.92332,37.73286],[126.92163,37.73026],[126.92487,37.72019],[126.92153,37.71323],[126.92456,37.71184],[126.92535,37.70865],[126.91526,37.6882],[126.91279,37.67598],[126.90879,37.67383],[126.90546,37.67518],[126.90763,37.67039],[126.91122,37.66869],[126.92864,37.67153],[126.94089,37.67103],[126.94448,37.67625],[126.94304,37.67988],[126.94521,37.68582],[126.95139,37.68804],[126.95507,37.6931],[126.96579,37.69162],[126.97495,37.68665],[126.98241,37.68518],[126.9922,37.67963],[126.99407,37.67276],[126.99402,37.66678],[126.98827,37.66439],[126.98651,37.65944],[126.98286,37.65645],[126.97966,37.65604],[126.9851,37.64593],[126.98325,37.64368],[126.98586,37.64061],[126.9842,37.63634],[126.97537,37.6317],[126.95842,37.62947],[126.96333,37.63325],[126.95711,37.65284],[126.94788,37.65713],[126.94751,37.65919],[126.94034,37.65677],[126.93571,37.6512],[126.92408,37.6461],[126.91372,37.64476],[126.90481,37.64913],[126.91228,37.64432],[126.91121,37.63591],[126.9062,37.63322],[126.9088,37.62909],[126.90712,37.62194],[126.90336,37.61884],[126.9003,37.61119],[126.90211,37.60374],[126.90015,37.60312],[126.90121,37.5963],[126.89964,37.58982],[126.88761,37.58867],[126.88547,37.5911],[126.88734,37.59392],[126.88526,37.59389],[126.87754,37.58625],[126.87626,37.57819],[126.86342,37.57687],[126.85363,37.5738],[126.85363,37.57179],[126.80201,37.6054],[126.75952,37.62969],[126.76402,37.63533],[126.78298,37.63044],[126.79094,37.62562],[126.7946,37.62931],[126.79522,37.64043],[126.80001,37.64413],[126.80546,37.64369],[126.81187,37.64803],[126.81304,37.6446],[126.8165,37.64606],[126.81689,37.65625],[126.81076,37.6582],[126.81741,37.66428],[126.82273,37.66316],[126.82096,37.67157],[126.82716,37.67407],[126.82803,37.67681],[126.83355,37.6778],[126.83475,37.68316],[126.83929,37.68263],[126.84425,37.68666],[126.84816,37.68609],[126.84913,37.69043],[126.85384,37.68796],[126.85589,37.69428],[126.84814,37.70146],[126.84311,37.71486],[126.84072,37.71664],[126.84119,37.7204],[126.83676,37.72746],[126.8415,37.73154],[126.85547,37.73542],[126.86494,37.73264],[126.86792,37.7287],[126.87175,37.72971],[126.87366,37.72596],[126.88214,37.72586],[126.88853,37.72296],[126.90264,37.72867],[126.90314,37.73294],[126.90092,37.73721],[126.90352,37.7416],[126.91094,37.74654],[126.93067,37.74749]]]]}},{"type":"Feature","properties":{"code":"31103","name":"고양시일산동구","slug":"goyangsiilsandonggu","wide":"gyeonggi","center":[126.79917,37.68291]},"geometry":{"type":"MultiPolygon","coordinates":[[[[126.81136,37.72446],[126.81429,37.72343],[126.81641,37.72541],[126.8281,37.72661],[126.83206,37.72866],[126.83676,37.72746],[126.84119,37.7204],[126.84072,37.71664],[126.84311,37.71486],[126.84814,37.70146],[126.85607,37.69273],[126.85384,37.68796],[126.84913,37.69043],[126.84816,37.68609],[126.84425,37.68666],[126.83929,37.68263],[126.83475,37.68316],[126.83355,37.6778],[126.82803,37.67681],[126.82716,37.67407],[126.82096,37.67157],[126.82273,37.66316],[126.81741,37.66428],[126.81076,37.6582],[126.81689,37.65625],[126.8165,37.64606],[126.81304,37.6446],[126.81187,37.64803],[126.80546,37.64369],[126.80001,37.64413],[126.79522,37.64043],[126.7946,37.62931],[126.79094,37.62562],[126.78298,37.63044],[126.76402,37.63533],[126.75952,37.62969],[126.74604,37.63524],[126.73632,37.64311],[126.73247,37.64752],[126.74306,37.65508],[126.74542,37.65478],[126.74589,37.65713],[126.74332,37.65753],[126.74846,37.665],[126.75529,37.66203],[126.75809,37.66608],[126.76269,37.66329],[126.76945,37.66758],[126.77747,37.6787],[126.77716,37.69091],[126.77938,37.6976],[126.78183,37.69913],[126.77369,37.70274],[126.77383,37.70919],[126.77932,37.71731],[126.78437,37.71897],[126.78751,37.72287],[126.79383,37.72613],[126.79571,37.73026],[126.79405,37.73475],[126.79876,37.73661],[126.80134,37.73395],[126.80139,37.72948],[126.81136,37.72446]]]]}},{"type":"Feature","properties":{"code":"31104","name":"고양시일산서구","slug":"goyangsiilsanseogu","wide":"gyeonggi","center":[126.74293,37.68382]},"geometry":{"type":"MultiPolygon","coordinates":[[[[126.77342,37.70387],[126.77712,37.70024],[126.78183,37.69913],[126.77938,37.6976],[126.77716,37.69091],[126.77825,37.68016],[126.77347,37.67285],[126.76926,37.66741],[126.76269,37.66329],[126.75809,37.66608],[126.75529,37.66203],[126.74846,37.665],[126.74332,37.65753],[126.74589,37.65713],[126.74542,37.65478],[126.74306,37.65508],[126.73247,37.64752],[126.7189,37.65152],[126.67797,37.67152],[126.67045,37.68353],[126.67361,37.7003],[126.68288,37.69599],[126.68992,37.68861],[126.70072,37.69696],[126.71633,37.70012],[126.72549,37.70466],[126.74525,37.70526],[126.75023,37.703],[126.75475,37.70492],[126.75996,37.7033],[126.76521,37.7046],[126.76703,37.70717],[126.77342,37.70387]]]]}},{"type":"Feature","properties":{"code":"31110","name":"과천시","slug":"gwacheon-si","wide":"gyeonggi","center":[127.00277,37.4335]},"geometry":{"type":"MultiPolygon","coordinates":[[[[127.00425,37.46714],[127.00923,37.45722],[127.01451,37.45486],[127.026,37.45782],[127.02993,37.46535],[127.0346,37.46417],[127.03821,37.44586],[127.03557,37.439],[127.04109,37.43777],[127.04737,37.4307],[127.04205,37.42817],[127.04208,37.41554],[127.03865,37.41384],[127.02605,37.41199],[127.01332,37.41387],[126.99968,37.40462],[126.98824,37.40794],[126.98237,37.40069],[126.98012,37.40311],[126.97733,37.40304],[126.97864,37.4053],[126.97665,37.40614],[126.97375,37.41513],[126.96245,37.42091],[126.96093,37.42609],[126.96548,37.43922],[126.9638,37.44079],[126.96394,37.44525],[126.97458,37.45441],[126.99677,37.46187],[126.99675,37.46707],[127.00425,37.46714]]]]}},{"type":"Feature","properties":{"code":"31120","name":"구리시","slug":"guri-si","wide":"gyeonggi","center":[127.13025,37.60182]},"geometry":{"type":"MultiPolygon","coordinates":[[[[127.14652,37.64337],[127.1494,37.63938],[127.14916,37.63463],[127.14473,37.63006],[127.14283,37.62322],[127.14629,37.61705],[127.14553,37.61345],[127.1481,37.60603],[127.1506,37.59994],[127.15366,37.59743],[127.16827,37.59343],[127.16847,37.59083],[127.16262,37.58969],[127.16049,37.58677],[127.1706,37.58103],[127.14895,37.56843],[127.13427,37.56795],[127.12296,37.56349],[127.11523,37.55676],[127.11296,37.55879],[127.10493,37.55642],[127.10112,37.56105],[127.10423,37.57139],[127.10166,37.5724],[127.10114,37.57607],[127.10344,37.5806],[127.10897,37.58338],[127.11334,37.59326],[127.11666,37.59402],[127.1141,37.60013],[127.11805,37.6046],[127.11619,37.61895],[127.10407,37.62165],[127.10596,37.62733],[127.1122,37.63264],[127.11126,37.64238],[127.11254,37.64362],[127.13159,37.64191],[127.14042,37.64608],[127.14652,37.64337]]]]}},{"type":"Feature","properties":{"code":"31130","name":"남양주시","slug":"namyangju-si","wide":"gyeonggi","center":[127.2186,37.67527]},"geometry":{"type":"MultiPolygon","coordinates":[[[[127.27341,37.77392],[127.29434,37.77517],[127.30508,37.77182],[127.31113,37.76781],[127.3158,37.76899],[127.32046,37.76612],[127.33395,37.75272],[127.3325,37.75008],[127.33517,37.74402],[127.34224,37.7383],[127.3429,37.72921],[127.35545,37.72361],[127.35423,37.70588],[127.35873,37.69924],[127.35865,37.69457],[127.37206,37.69224],[127.36649,37.68967],[127.36651,37.68773],[127.37432,37.6821],[127.37368,37.67872],[127.37665,37.67528],[127.38099,37.67726],[127.37559,37.65524],[127.37126,37.64663],[127.36732,37.64052],[127.35818,37.63428],[127.3502,37.62453],[127.34537,37.61303],[127.34186,37.59326],[127.33645,37.58085],[127.3253,37.56069],[127.31043,37.54041],[127.30642,37.52825],[127.30676,37.51471],[127.30215,37.50864],[127.29262,37.5055],[127.28734,37.50673],[127.28463,37.52106],[127.28128,37.52511],[127.24217,37.54292],[127.23813,37.54624],[127.23223,37.55987],[127.22068,37.56616],[127.21981,37.57372],[127.21352,37.57677],[127.20216,37.58911],[127.18333,37.59172],[127.1706,37.58103],[127.16126,37.58537],[127.16112,37.58854],[127.16787,37.59048],[127.16886,37.5925],[127.16665,37.59482],[127.15612,37.59629],[127.1506,37.59994],[127.14553,37.61345],[127.14595,37.61815],[127.1429,37.62246],[127.14473,37.63006],[127.14916,37.63463],[127.1494,37.63938],[127.14652,37.64337],[127.14042,37.64608],[127.12666,37.64144],[127.11254,37.64362],[127.1099,37.64249],[127.10658,37.64538],[127.09457,37.64457],[127.09247,37.64971],[127.09401,37.65273],[127.09113,37.65824],[127.09541,37.66389],[127.09458,37.66617],[127.09645,37.66969],[127.09194,37.67869],[127.09642,37.68564],[127.096,37.68907],[127.08518,37.69039],[127.08023,37.69951],[127.08398,37.70188],[127.09815,37.7036],[127.10895,37.70862],[127.10903,37.71335],[127.11156,37.71724],[127.12123,37.72215],[127.12578,37.72747],[127.12369,37.73895],[127.12864,37.74808],[127.13634,37.74952],[127.13837,37.74742],[127.14267,37.74793],[127.14652,37.74985],[127.14677,37.75602],[127.15797,37.74922],[127.16594,37.74734],[127.17286,37.75005],[127.17124,37.75109],[127.17333,37.75336],[127.17253,37.75773],[127.17672,37.75941],[127.17904,37.76272],[127.18532,37.7645],[127.19669,37.76166],[127.20211,37.76529],[127.20514,37.76324],[127.21027,37.76944],[127.21325,37.76774],[127.21287,37.76154],[127.22257,37.75783],[127.22251,37.75513],[127.22512,37.75346],[127.2389,37.7631],[127.25994,37.7683],[127.26081,37.77401],[127.26574,37.78053],[127.27341,37.77392]]]]}},{"type":"Feature","properties":{"code":"31140","name":"오산시","slug":"osan-si","wide":"gyeonggi","center":[127.04668,37.16293]},"geometry":{"type":"MultiPolygon","coordinates":[[[[127.04147,37.19748],[127.05006,37.196],[127.06052,37.19945],[127.06444,37.19905],[127.06685,37.19117],[127.06554,37.18529],[127.07174,37.1832],[127.0713,37.16824],[127.07573,37.16272],[127.09386,37.15913],[127.0981,37.15573],[127.10038,37.14635],[127.10304,37.14386],[127.10015,37.14262],[127.09765,37.13679],[127.08775,37.13479],[127.09123,37.13115],[127.08893,37.1279],[127.07997,37.12594],[127.07913,37.12812],[127.07301,37.12532],[127.06889,37.12807],[127.06677,37.12671],[127.06649,37.13122],[127.05566,37.1336],[127.05205,37.12988],[127.04532,37.12861],[127.04442,37.12632],[127.03215,37.14073],[127.03128,37.14674],[127.0278,37.15286],[127.03053,37.15677],[127.02528,37.16482],[127.01748,37.16768],[127.00585,37.16884],[127.00143,37.17279],[126.99514,37.17495],[126.99513,37.17715],[126.99923,37.18065],[127.00041,37.17966],[126.99895,37.17776],[127.00251,37.17834],[127.00507,37.18128],[127.00254,37.18272],[127.00595,37.18649],[127.00978,37.1873],[127.00832,37.19322],[127.01955,37.19593],[127.02771,37.20055],[127.0368,37.19995],[127.04147,37.19748]]]]}},{"type":"Feature","properties":{"code":"31150","name":"시흥시","slug":"siheung-si","wide":"gyeonggi","center":[126.77714,37.39179]},"geometry":{"type":"MultiPolygon","coordinates":[[[[126.77913,37.39384],[126.78002,37.39478],[126.78427,37.39159],[126.78951,37.39547],[126.79157,37.39311],[126.78887,37.40381],[126.79199,37.4053],[126.7886,37.40425],[126.78837,37.40207],[126.78601,37.40289],[126.78785,37.40776],[126.78592,37.403],[126.78861,37.40103],[126.78904,37.39635],[126.78448,37.39214],[126.78014,37.39523],[126.77851,37.39368],[126.76648,37.39496],[126.7639,37.3993],[126.75052,37.40067],[126.749,37.40359],[126.7554,37.41344],[126.75325,37.4227],[126.75998,37.42646],[126.76916,37.42747],[126.77071,37.43031],[126.7712,37.43648],[126.76872,37.44317],[126.77068,37.44847],[126.77904,37.45106],[126.78043,37.45498],[126.77806,37.457],[126.77982,37.46583],[126.7782,37.47179],[126.7843,37.47239],[126.78921,37.46564],[126.79883,37.46458],[126.8034,37.46164],[126.8089,37.46213],[126.82319,37.45838],[126.83308,37.4603],[126.83723,37.45825],[126.83942,37.44793],[126.8378,37.43698],[126.84145,37.43469],[126.84637,37.41234],[126.85291,37.4083],[126.85738,37.40228],[126.87692,37.40193],[126.87708,37.39007],[126.88118,37.37887],[126.88072,37.37474],[126.86503,37.36186],[126.85583,37.35945],[126.85098,37.36104],[126.84827,37.36477],[126.83245,37.36217],[126.82428,37.36591],[126.81656,37.35772],[126.81152,37.35563],[126.79679,37.35339],[126.79541,37.35507],[126.79029,37.35027],[126.7924,37.34324],[126.78553,37.338],[126.77236,37.34318],[126.76079,37.34103],[126.74967,37.3335],[126.74763,37.32483],[126.73854,37.32967],[126.71754,37.30828],[126.70557,37.31076],[126.69218,37.31891],[126.67645,37.3202],[126.67124,37.32904],[126.6144,37.31445],[126.6913,37.33577],[126.69121,37.3393],[126.68571,37.34116],[126.68851,37.34876],[126.69357,37.34835],[126.7032,37.35125],[126.70071,37.3548],[126.73097,37.38657],[126.74201,37.38257],[126.7431,37.38423],[126.7409,37.387],[126.73748,37.38834],[126.73522,37.3872],[126.73392,37.38908],[126.74393,37.39836],[126.76213,37.3974],[126.76432,37.39411],[126.77279,37.39414],[126.77704,37.39187],[126.77913,37.39384]]]]}},{"type":"Feature","properties":{"code":"31160","name":"군포시","slug":"gunpo-si","wide":"gyeonggi","center":[126.91979,37.34363]},"geometry":{"type":"MultiPolygon","coordinates":[[[[126.94171,37.37866],[126.9465,37.37576],[126.94574,37.37331],[126.94793,37.36931],[126.95353,37.36595],[126.95702,37.36603],[126.96206,37.36164],[126.96118,37.35125],[126.95444,37.34131],[126.94832,37.34032],[126.94803,37.32674],[126.94527,37.3202],[126.93579,37.32285],[126.92931,37.31675],[126.93234,37.30788],[126.91496,37.30554],[126.91569,37.31551],[126.91024,37.31667],[126.91185,37.31834],[126.90765,37.32182],[126.89154,37.31991],[126.88737,37.31777],[126.88271,37.32106],[126.87801,37.31957],[126.87429,37.32108],[126.87344,37.32922],[126.88185,37.33436],[126.88545,37.3388],[126.88689,37.34694],[126.89169,37.35118],[126.89583,37.35897],[126.90071,37.35889],[126.90644,37.36153],[126.91235,37.37348],[126.91954,37.37706],[126.9328,37.3776],[126.93993,37.37592],[126.94171,37.37866]]]]}},{"type":"Feature","properties":{"code":"31170","name":"의왕시","slug":"uiwang-si","wide":"gyeonggi","center":[126.98829,37.36089]},"geometry":{"type":"MultiPolygon","coordinates":[[[[127.04548,37.41398],[127.04693,37.41137],[127.04226,37.40729],[127.04325,37.40389],[127.0371,37.4013],[127.03842,37.39051],[127.03536,37.38881],[127.03228,37.38142],[127.0282,37.37919],[127.02789,37.36941],[127.0177,37.35968],[127.01649,37.35621],[127.01819,37.35095],[127.01428,37.34943],[127.0089,37.3393],[127.00066,37.33857],[126.99163,37.33401],[126.98966,37.33014],[126.98292,37.32668],[126.97131,37.33176],[126.96761,37.32479],[126.96899,37.3201],[126.96707,37.3178],[126.96622,37.3078],[126.96203,37.30241],[126.94239,37.30034],[126.93137,37.30397],[126.93025,37.30724],[126.93291,37.3084],[126.92931,37.31675],[126.93579,37.32285],[126.94527,37.3202],[126.94803,37.32674],[126.94832,37.34032],[126.95444,37.34131],[126.95768,37.34437],[126.96118,37.35125],[126.962,37.36142],[126.96617,37.36223],[126.96438,37.36497],[126.96594,37.36848],[126.96501,37.37147],[126.97202,37.38008],[126.9742,37.38882],[126.98168,37.39399],[126.97977,37.3963],[126.9858,37.40667],[126.98997,37.40821],[126.99427,37.40501],[126.99968,37.40462],[127.01332,37.41387],[127.02788,37.41199],[127.04208,37.41554],[127.04548,37.41398]]]]}},{"type":"Feature","properties":{"code":"31180","name":"하남시","slug":"hanam-si","wide":"gyeonggi","center":[127.19574,37.51484]},"geometry":{"type":"MultiPolygon","coordinates":[[[[127.18525,37.59175],[127.20216,37.58911],[127.21352,37.57677],[127.21981,37.57372],[127.22068,37.56616],[127.23223,37.55987],[127.23782,37.54662],[127.24088,37.5439],[127.28128,37.52511],[127.28437,37.52158],[127.2857,37.5144],[127.28028,37.51314],[127.27461,37.50841],[127.2683,37.50636],[127.25462,37.50631],[127.25324,37.50323],[127.25919,37.49105],[127.2536,37.48506],[127.24854,37.48631],[127.24443,37.4851],[127.24702,37.48052],[127.2446,37.47665],[127.22839,37.47748],[127.21555,37.4823],[127.20502,37.4803],[127.20183,37.48409],[127.1984,37.4796],[127.18858,37.48034],[127.17772,37.48721],[127.17568,37.48534],[127.17527,37.47752],[127.17875,37.47481],[127.17068,37.46947],[127.15449,37.47177],[127.1546,37.47352],[127.14353,37.47393],[127.14437,37.47733],[127.14715,37.47722],[127.14868,37.48404],[127.1574,37.48909],[127.16143,37.50002],[127.15773,37.50318],[127.15644,37.50186],[127.15082,37.50406],[127.1455,37.50331],[127.14113,37.50546],[127.14024,37.50985],[127.14211,37.51466],[127.14544,37.51606],[127.14578,37.52194],[127.1478,37.52215],[127.15316,37.52911],[127.15402,37.53451],[127.16316,37.54499],[127.17933,37.54657],[127.18354,37.54517],[127.18134,37.55296],[127.182,37.56099],[127.17568,37.5749],[127.17715,37.5812],[127.16865,37.579],[127.18525,37.59175]]]]}},{"type":"Feature","properties":{"code":"31191","name":"용인시처인구","slug":"yonginsicheoingu","wide":"gyeonggi","center":[127.26385,37.19832]},"geometry":{"type":"MultiPolygon","coordinates":[[[[127.23872,37.35927],[127.24085,37.35428],[127.24721,37.35564],[127.26141,37.34826],[127.26483,37.34256],[127.27501,37.34261],[127.28055,37.34588],[127.28311,37.3451],[127.28343,37.3382],[127.27936,37.32994],[127.28301,37.31587],[127.27722,37.30847],[127.28148,37.29762],[127.27764,37.29],[127.28173,37.27794],[127.27584,37.27429],[127.27924,37.26974],[127.28482,37.26906],[127.29207,37.27164],[127.29836,37.26502],[127.30218,37.26618],[127.30418,37.27088],[127.31896,37.27457],[127.32993,37.27033],[127.339,37.27042],[127.3409,37.26487],[127.3366,37.26115],[127.33596,37.2576],[127.3382,37.25227],[127.33329,37.24931],[127.331,37.24319],[127.33485,37.23868],[127.33031,37.22041],[127.3375,37.21683],[127.34176,37.20839],[127.34969,37.20358],[127.36123,37.20023],[127.36985,37.20434],[127.37853,37.19523],[127.37525,37.19037],[127.37255,37.18959],[127.37216,37.18581],[127.38417,37.18201],[127.40159,37.17995],[127.4093,37.18383],[127.41169,37.18227],[127.41319,37.17289],[127.40966,37.1644],[127.41194,37.15495],[127.41663,37.15145],[127.42418,37.15163],[127.42775,37.14644],[127.42547,37.14195],[127.42678,37.13729],[127.42395,37.13115],[127.42101,37.12613],[127.41454,37.12275],[127.41252,37.11952],[127.41306,37.11627],[127.41652,37.11464],[127.42016,37.11569],[127.42413,37.11188],[127.42102,37.10636],[127.4241,37.10002],[127.41604,37.09603],[127.41532,37.08894],[127.40745,37.09378],[127.39886,37.09539],[127.39387,37.10583],[127.39014,37.10792],[127.37926,37.1051],[127.37687,37.10116],[127.37312,37.10586],[127.35906,37.10759],[127.35426,37.10075],[127.35183,37.10044],[127.34739,37.10381],[127.34341,37.10423],[127.33972,37.10958],[127.33362,37.11198],[127.33008,37.11856],[127.32708,37.11965],[127.31059,37.10531],[127.30784,37.10575],[127.30407,37.1083],[127.30333,37.11111],[127.30101,37.11148],[127.29748,37.11924],[127.29303,37.1233],[127.29245,37.12704],[127.28918,37.1279],[127.28797,37.13171],[127.2735,37.13445],[127.27184,37.14099],[127.27357,37.1432],[127.26886,37.14716],[127.26885,37.15431],[127.26419,37.15573],[127.26009,37.15196],[127.25536,37.15129],[127.25069,37.1454],[127.25382,37.13801],[127.25165,37.13473],[127.25301,37.12993],[127.25082,37.12312],[127.23648,37.12114],[127.23361,37.11747],[127.22953,37.11721],[127.22329,37.11289],[127.20832,37.11106],[127.20985,37.10779],[127.20834,37.10437],[127.19836,37.0965],[127.19502,37.08929],[127.18837,37.0869],[127.18595,37.08365],[127.17633,37.08771],[127.17303,37.08586],[127.1661,37.08629],[127.15443,37.09126],[127.14487,37.09101],[127.14249,37.08774],[127.13719,37.08908],[127.13486,37.09212],[127.12304,37.09043],[127.11074,37.1161],[127.10917,37.12321],[127.11012,37.12621],[127.11489,37.12984],[127.12072,37.12966],[127.12109,37.1417],[127.12314,37.14468],[127.12831,37.14639],[127.12991,37.1511],[127.12832,37.16099],[127.13408,37.16509],[127.13302,37.16897],[127.14871,37.16989],[127.15389,37.17587],[127.16066,37.17988],[127.15946,37.18501],[127.16093,37.19029],[127.152,37.19918],[127.15733,37.20695],[127.15149,37.21433],[127.15201,37.21817],[127.14979,37.22173],[127.15621,37.22763],[127.14917,37.24079],[127.1581,37.24778],[127.1593,37.25405],[127.17015,37.25502],[127.17539,37.25861],[127.17169,37.26905],[127.17713,37.28226],[127.17494,37.28874],[127.17027,37.29186],[127.17136,37.29667],[127.16987,37.29969],[127.16803,37.29942],[127.1676,37.30227],[127.14845,37.30599],[127.14307,37.31288],[127.14268,37.31702],[127.13724,37.31965],[127.13753,37.3242],[127.14244,37.32571],[127.14226,37.33662],[127.1632,37.34338],[127.17392,37.34461],[127.17883,37.34318],[127.19182,37.34724],[127.1982,37.34115],[127.1973,37.33362],[127.20193,37.32832],[127.20829,37.33075],[127.21722,37.341],[127.21993,37.34706],[127.22234,37.34636],[127.21719,37.35536],[127.22263,37.35447],[127.22783,37.35798],[127.23872,37.35927]]]]}},{"type":"Feature","properties":{"code":"31192","name":"용인시기흥구","slug":"yonginsigiheunggu","wide":"gyeonggi","center":[127.11873,37.27545]},"geometry":{"type":"MultiPolygon","coordinates":[[[[127.13743,37.31945],[127.14268,37.31702],[127.14307,37.31288],[127.14845,37.30599],[127.16331,37.30424],[127.1676,37.30227],[127.16803,37.29942],[127.16987,37.29969],[127.17171,37.29527],[127.17027,37.29186],[127.17446,37.28956],[127.17713,37.28226],[127.17169,37.26905],[127.17539,37.25861],[127.17015,37.25502],[127.15942,37.25413],[127.1581,37.24778],[127.14957,37.24195],[127.15021,37.2366],[127.15463,37.2323],[127.15621,37.22763],[127.15018,37.22236],[127.15025,37.21973],[127.13668,37.21553],[127.11758,37.22002],[127.10464,37.21983],[127.08823,37.2166],[127.07841,37.22263],[127.07457,37.22815],[127.06891,37.22984],[127.06547,37.24369],[127.08173,37.24876],[127.0822,37.25397],[127.08469,37.25649],[127.08078,37.2599],[127.08621,37.26485],[127.08551,37.2688],[127.08488,37.26991],[127.07732,37.26569],[127.0757,37.26128],[127.07485,37.26605],[127.06477,37.27029],[127.06566,37.27256],[127.07129,37.28059],[127.08931,37.28687],[127.08799,37.29094],[127.08904,37.29717],[127.09249,37.30157],[127.09332,37.31162],[127.09542,37.3144],[127.09912,37.31378],[127.10024,37.31876],[127.09773,37.32086],[127.09869,37.32188],[127.11189,37.32368],[127.11319,37.32095],[127.12436,37.32118],[127.12727,37.31844],[127.13654,37.32471],[127.13743,37.31945]]]]}},{"type":"Feature","properties":{"code":"31193","name":"용인시수지구","slug":"yonginsisujigu","wide":"gyeonggi","center":[127.07908,37.3309]},"geometry":{"type":"MultiPolygon","coordinates":[[[[127.05524,37.35996],[127.06106,37.36069],[127.0706,37.35799],[127.07809,37.34961],[127.08593,37.35167],[127.09785,37.34289],[127.10187,37.34303],[127.10464,37.33809],[127.11692,37.33338],[127.12113,37.33457],[127.12277,37.33702],[127.1387,37.33972],[127.14226,37.33662],[127.14244,37.32571],[127.13573,37.32448],[127.12727,37.31844],[127.12436,37.32118],[127.11319,37.32095],[127.11189,37.32368],[127.09869,37.32188],[127.09773,37.32086],[127.10024,37.31876],[127.09912,37.31378],[127.09542,37.3144],[127.09332,37.31162],[127.09249,37.30157],[127.08965,37.29826],[127.08281,37.29767],[127.07897,37.29328],[127.06025,37.29663],[127.06083,37.30356],[127.05817,37.30479],[127.06057,37.31096],[127.05769,37.31555],[127.04982,37.31585],[127.0397,37.32095],[127.03705,37.32624],[127.03806,37.32833],[127.03151,37.3368],[127.03339,37.34455],[127.01819,37.35095],[127.01649,37.35621],[127.0177,37.35968],[127.02789,37.36941],[127.02792,37.37196],[127.04608,37.3683],[127.05524,37.35996]]]]}},{"type":"Feature","properties":{"code":"31200","name":"파주시","slug":"paju-si","wide":"gyeonggi","center":[126.81933,37.87388]},"geometry":{"type":"MultiPolygon","coordinates":[[[[126.99008,38.00704],[127.00392,37.99429],[127.01557,37.99235],[127.017,37.98669],[127.01209,37.98261],[127.01054,37.97537],[127.00742,37.97387],[127.00411,37.97497],[127.00172,37.96829],[126.99092,37.96768],[126.98822,37.9619],[126.98851,37.95646],[126.97728,37.95156],[126.9763,37.94455],[126.96468,37.93843],[126.96484,37.92873],[126.96155,37.9242],[126.96163,37.92105],[126.94954,37.9184],[126.95479,37.9113],[126.94587,37.9009],[126.94823,37.89684],[126.94541,37.88877],[126.94743,37.88443],[126.94437,37.87067],[126.94624,37.86776],[126.93849,37.85516],[126.9394,37.85263],[126.93366,37.84608],[126.93667,37.84133],[126.93414,37.83887],[126.92775,37.83766],[126.92402,37.84138],[126.91237,37.84047],[126.91101,37.82855],[126.90281,37.82671],[126.90195,37.82484],[126.90998,37.81666],[126.90856,37.81149],[126.91171,37.80816],[126.9119,37.80498],[126.90602,37.80239],[126.90358,37.79071],[126.91866,37.7902],[126.92643,37.78518],[126.93194,37.78901],[126.93795,37.78697],[126.93455,37.78195],[126.93526,37.77356],[126.9324,37.77044],[126.93336,37.76771],[126.92797,37.75703],[126.9318,37.75364],[126.9291,37.74849],[126.91094,37.74654],[126.90352,37.7416],[126.90092,37.73721],[126.90314,37.73294],[126.90264,37.72867],[126.88853,37.72296],[126.88214,37.72586],[126.87366,37.72596],[126.87175,37.72971],[126.86792,37.7287],[126.86494,37.73264],[126.85547,37.73542],[126.84169,37.73163],[126.83713,37.72754],[126.83206,37.72866],[126.81373,37.72348],[126.80139,37.72948],[126.80134,37.73395],[126.79876,37.73661],[126.79393,37.73458],[126.79571,37.73026],[126.79383,37.72613],[126.78751,37.72287],[126.78437,37.71897],[126.77932,37.71731],[126.77459,37.71156],[126.77342,37.70387],[126.76703,37.70717],[126.76521,37.7046],[126.75996,37.7033],[126.75475,37.70492],[126.75023,37.703],[126.74525,37.70526],[126.72549,37.70466],[126.71633,37.70012],[126.70072,37.69696],[126.68992,37.68861],[126.68288,37.69599],[126.67395,37.7003],[126.67484,37.71148],[126.6782,37.71747],[126.68029,37.73169],[126.67543,37.75295],[126.66511,37.76933],[126.66262,37.7807],[126.67135,37.83478],[126.65932,37.8403],[126.66094,37.84366],[126.66498,37.84325],[126.67066,37.84623],[126.67618,37.84404],[126.67957,37.84603],[126.67988,37.85175],[126.69213,37.86851],[126.68342,37.87406],[126.68011,37.8704],[126.67259,37.87012],[126.6752,37.87449],[126.67204,37.87805],[126.67549,37.87724],[126.68204,37.87978],[126.67872,37.88158],[126.67971,37.88467],[126.67647,37.88467],[126.67562,37.8817],[126.67252,37.88221],[126.67445,37.88596],[126.67014,37.88803],[126.67218,37.88875],[126.67735,37.89779],[126.67684,37.90768],[126.68278,37.91286],[126.68191,37.91483],[126.67248,37.91423],[126.666,37.91906],[126.66786,37.9266],[126.66729,37.93414],[126.67211,37.93951],[126.66911,37.9418],[126.67197,37.94823],[126.67099,37.95518],[126.67622,37.95376],[126.6813,37.95811],[126.68731,37.9572],[126.6923,37.96613],[126.69972,37.96946],[126.70315,37.97467],[126.70885,37.97516],[126.70948,37.97059],[126.71236,37.96819],[126.71665,37.96886],[126.71939,37.96495],[126.72778,37.96868],[126.73688,37.96604],[126.7401,37.97285],[126.7447,37.97383],[126.75171,37.98062],[126.76244,37.98467],[126.77315,37.97842],[126.77535,37.98042],[126.77216,37.98194],[126.77246,37.98388],[126.77587,37.98446],[126.78357,37.98173],[126.79307,37.99226],[126.79639,37.9937],[126.80075,37.99175],[126.80021,37.9875],[126.80274,37.98266],[126.80625,37.98024],[126.80837,37.9748],[126.81074,37.97421],[126.80665,37.97269],[126.80706,37.97146],[126.80919,37.969],[126.81269,37.9693],[126.8163,37.96685],[126.81876,37.9641],[126.81687,37.96098],[126.82074,37.95746],[126.82831,37.95983],[126.83275,37.96405],[126.83578,37.96379],[126.83579,37.96019],[126.84013,37.97899],[126.84909,37.98662],[126.85588,37.98416],[126.87383,37.97024],[126.88698,37.96624],[126.89551,37.96974],[126.89218,37.98468],[126.89243,37.99188],[126.89562,37.9949],[126.90402,37.99439],[126.90971,37.99122],[126.90972,37.9883],[126.93818,37.98087],[126.95525,37.98957],[126.96016,37.99643],[126.96943,38.00274],[126.97222,38.00753],[126.98938,38.01059],[126.99008,38.00704]]]]}},{"type":"Feature","properties":{"code":"31210","name":"이천시","slug":"icheon-si","wide":"gyeonggi","center":[127.48732,37.19489]},"geometry":{"type":"MultiPolygon","coordinates":[[[[127.47287,37.35884],[127.48524,37.34979],[127.48963,37.3427],[127.49812,37.34126],[127.50204,37.33819],[127.51392,37.33912],[127.52085,37.3298],[127.52599,37.32985],[127.52795,37.32765],[127.52504,37.32405],[127.52791,37.32088],[127.52814,37.31712],[127.54609,37.31067],[127.54623,37.30135],[127.54236,37.29428],[127.53537,37.28942],[127.52886,37.27413],[127.53246,37.25754],[127.53735,37.25228],[127.53599,37.24519],[127.52548,37.23936],[127.52603,37.22761],[127.52788,37.22598],[127.53148,37.20812],[127.5299,37.20355],[127.53129,37.19994],[127.52014,37.18842],[127.51714,37.18243],[127.52322,37.18044],[127.52782,37.17289],[127.53659,37.17348],[127.53928,37.17547],[127.54675,37.17386],[127.55285,37.17536],[127.55775,37.17743],[127.55906,37.18077],[127.56675,37.17602],[127.57083,37.17018],[127.5778,37.17628],[127.57249,37.18453],[127.57383,37.18717],[127.578,37.1894],[127.58044,37.18747],[127.5876,37.18705],[127.59568,37.18988],[127.59925,37.18313],[127.61281,37.17338],[127.61515,37.16398],[127.61947,37.16218],[127.62825,37.16593],[127.633,37.16198],[127.62731,37.15226],[127.63777,37.14119],[127.6331,37.12016],[127.63617,37.11393],[127.63429,37.09904],[127.61194,37.08725],[127.59511,37.08799],[127.59955,37.08583],[127.60109,37.07988],[127.60494,37.07615],[127.60472,37.06878],[127.59627,37.07371],[127.58927,37.07282],[127.58305,37.07547],[127.57798,37.07534],[127.56496,37.06059],[127.56954,37.04817],[127.55691,37.04126],[127.54112,37.05067],[127.5347,37.05199],[127.52937,37.05548],[127.52236,37.05563],[127.51826,37.0584],[127.51251,37.05635],[127.50889,37.04942],[127.50469,37.04813],[127.49665,37.04812],[127.4882,37.0534],[127.48816,37.05541],[127.49787,37.05727],[127.50603,37.06153],[127.50993,37.06643],[127.50804,37.06606],[127.50692,37.0696],[127.51302,37.07215],[127.51389,37.07823],[127.51659,37.08162],[127.51486,37.09343],[127.51176,37.09839],[127.51544,37.1029],[127.51355,37.10569],[127.50834,37.10588],[127.50374,37.10953],[127.50418,37.11257],[127.49986,37.11635],[127.49894,37.12318],[127.45846,37.13033],[127.44742,37.14514],[127.44226,37.14821],[127.43237,37.14892],[127.42745,37.1468],[127.42418,37.15163],[127.41445,37.15215],[127.41002,37.16089],[127.41032,37.16744],[127.41319,37.17289],[127.41083,37.18326],[127.40159,37.17995],[127.38417,37.18201],[127.37216,37.18581],[127.37255,37.18959],[127.37525,37.19037],[127.37853,37.19523],[127.36985,37.20434],[127.36123,37.20023],[127.34969,37.20358],[127.34176,37.20839],[127.3375,37.21683],[127.33031,37.22041],[127.33485,37.23868],[127.331,37.24319],[127.33329,37.24931],[127.3382,37.25227],[127.33596,37.2576],[127.3366,37.26115],[127.3409,37.26487],[127.33873,37.27068],[127.34912,37.27694],[127.34003,37.28805],[127.34298,37.29117],[127.34852,37.29011],[127.35692,37.29433],[127.35736,37.29766],[127.35438,37.30146],[127.35781,37.30584],[127.36481,37.3086],[127.36333,37.31592],[127.36986,37.31518],[127.37595,37.32065],[127.37865,37.31917],[127.39093,37.31977],[127.40006,37.32741],[127.40509,37.32731],[127.40809,37.33104],[127.42049,37.3382],[127.42143,37.34294],[127.4297,37.3464],[127.43511,37.35427],[127.4425,37.35836],[127.4496,37.35255],[127.4705,37.3617],[127.47287,37.35884]]]]}},{"type":"Feature","properties":{"code":"31220","name":"안성시","slug":"anseong-si","wide":"gyeonggi","center":[127.29994,37.04467]},"geometry":{"type":"MultiPolygon","coordinates":[[[[127.26926,37.15267],[127.26886,37.14716],[127.27357,37.1432],[127.27184,37.14099],[127.2735,37.13445],[127.28797,37.13171],[127.28918,37.1279],[127.29245,37.12704],[127.29303,37.1233],[127.29748,37.11924],[127.30101,37.11148],[127.30839,37.10552],[127.31059,37.10531],[127.32708,37.11965],[127.33008,37.11856],[127.33362,37.11198],[127.33972,37.10958],[127.34341,37.10423],[127.34739,37.10381],[127.35183,37.10044],[127.35426,37.10075],[127.35906,37.10759],[127.37312,37.10586],[127.37687,37.10116],[127.37926,37.1051],[127.39014,37.10792],[127.39387,37.10583],[127.39886,37.09539],[127.40745,37.09378],[127.41532,37.08894],[127.41604,37.09603],[127.4241,37.10002],[127.42102,37.10636],[127.42413,37.11188],[127.42016,37.11569],[127.41652,37.11464],[127.41306,37.11627],[127.41252,37.11952],[127.41454,37.12275],[127.42101,37.12613],[127.42678,37.13729],[127.42547,37.14195],[127.42745,37.1468],[127.43264,37.14892],[127.44173,37.14839],[127.44742,37.14514],[127.45846,37.13033],[127.49813,37.12386],[127.50002,37.11603],[127.50356,37.11427],[127.50374,37.10953],[127.50834,37.10588],[127.51355,37.10569],[127.51569,37.10136],[127.51176,37.09839],[127.51486,37.09343],[127.51659,37.08162],[127.51389,37.07823],[127.51302,37.07215],[127.50692,37.0696],[127.50804,37.06606],[127.50993,37.06643],[127.50603,37.06153],[127.49787,37.05727],[127.48342,37.05361],[127.46821,37.05349],[127.46838,37.05035],[127.4612,37.04685],[127.45686,37.04221],[127.4597,37.03813],[127.45686,37.03003],[127.45974,37.02506],[127.45837,37.02047],[127.45371,37.02125],[127.45093,37.0193],[127.44833,37.01654],[127.44709,37.01089],[127.44083,37.01211],[127.43654,37.0056],[127.42882,37.00219],[127.42124,37.00396],[127.41496,36.99997],[127.39311,36.99743],[127.39131,36.99165],[127.38497,36.98364],[127.39667,36.97461],[127.40153,36.96768],[127.39747,36.96465],[127.38727,36.96446],[127.38482,36.95962],[127.37872,36.95789],[127.37821,36.95208],[127.37566,36.94866],[127.36176,36.9495],[127.35761,36.94769],[127.354,36.95267],[127.34963,36.95279],[127.34061,36.94312],[127.32681,36.93594],[127.31621,36.93472],[127.30899,36.92939],[127.30019,36.9294],[127.29563,36.93129],[127.29844,36.92273],[127.30336,36.91639],[127.29737,36.90396],[127.29032,36.8977],[127.2903,36.89433],[127.28803,36.89378],[127.27921,36.90055],[127.27884,36.90625],[127.27457,36.90868],[127.27345,36.91145],[127.25861,36.91587],[127.25313,36.92244],[127.24405,36.9176],[127.23766,36.92056],[127.23635,36.92372],[127.22838,36.92451],[127.22033,36.93045],[127.21045,36.93054],[127.21156,36.93781],[127.20626,36.94291],[127.20687,36.94613],[127.20358,36.95055],[127.19075,36.95249],[127.1805,36.95667],[127.1782,36.96252],[127.16553,36.96166],[127.1554,36.96443],[127.15442,36.96623],[127.15918,36.96976],[127.1439,36.9711],[127.12966,36.96642],[127.12118,36.96835],[127.12021,36.97035],[127.12446,36.97684],[127.14114,36.979],[127.13287,36.98766],[127.13783,36.99394],[127.14457,36.99718],[127.1541,36.99784],[127.15144,37.00406],[127.14493,37.00928],[127.14444,37.01319],[127.14529,37.01686],[127.15233,37.02139],[127.15269,37.02782],[127.14381,37.03268],[127.12221,37.03514],[127.1168,37.02707],[127.11301,37.02691],[127.10572,37.0361],[127.10983,37.04089],[127.11932,37.04615],[127.1239,37.05211],[127.12756,37.05303],[127.13026,37.05876],[127.12498,37.06472],[127.11894,37.06204],[127.11367,37.06508],[127.10607,37.06509],[127.10202,37.06863],[127.10362,37.07589],[127.12076,37.07636],[127.12476,37.07798],[127.12637,37.08171],[127.12348,37.09124],[127.13486,37.09212],[127.13719,37.08908],[127.14249,37.08774],[127.14487,37.09101],[127.15443,37.09126],[127.1661,37.08629],[127.17303,37.08586],[127.17633,37.08771],[127.18595,37.08365],[127.18837,37.0869],[127.19502,37.08929],[127.19836,37.0965],[127.20834,37.10437],[127.20985,37.10779],[127.20832,37.11106],[127.22329,37.11289],[127.22953,37.11721],[127.23361,37.11747],[127.23648,37.12114],[127.25082,37.12312],[127.25301,37.12993],[127.25165,37.13473],[127.25382,37.13801],[127.25069,37.1454],[127.25536,37.15129],[127.26009,37.15196],[127.26419,37.15573],[127.26926,37.15267]]]]}},{"type":"Feature","properties":{"code":"31230","name":"김포시","slug":"gimpo-si","wide":"gyeonggi","center":[126.63753,37.65197]},"geometry":{"type":"MultiPolygon","coordinates":[[[[126.54992,37.59611],[126.54721,37.60227],[126.54866,37.60636],[126.55056,37.6015],[126.54992,37.59611]]],[[[126.57535,37.7627],[126.59378,37.76116],[126.60812,37.76657],[126.61921,37.77586],[126.63208,37.78094],[126.66303,37.78068],[126.66511,37.76933],[126.67543,37.75295],[126.68029,37.73169],[126.67036,37.68512],[126.67564,37.67356],[126.71452,37.6535],[126.73468,37.64636],[126.74604,37.63524],[126.76856,37.62516],[126.80258,37.60503],[126.79708,37.59774],[126.80074,37.58784],[126.79344,37.58452],[126.7937,37.58159],[126.78705,37.58558],[126.78411,37.58259],[126.77275,37.5851],[126.76767,37.58823],[126.76318,37.58496],[126.75798,37.58533],[126.75573,37.58033],[126.75218,37.57971],[126.74432,37.5925],[126.73789,37.59345],[126.73625,37.59048],[126.72546,37.59187],[126.7163,37.59949],[126.71407,37.60385],[126.7096,37.60513],[126.70468,37.60247],[126.70545,37.61205],[126.69447,37.62034],[126.68337,37.62508],[126.67913,37.62959],[126.67471,37.62988],[126.67242,37.63384],[126.65401,37.63821],[126.64711,37.62748],[126.64464,37.62852],[126.63719,37.6267],[126.63657,37.62049],[126.63217,37.61763],[126.62574,37.60259],[126.61691,37.60355],[126.61436,37.60629],[126.59156,37.59303],[126.59024,37.59674],[126.5918,37.59909],[126.58155,37.6003],[126.58204,37.60231],[126.57795,37.60501],[126.57259,37.59891],[126.56585,37.60395],[126.56117,37.60366],[126.55983,37.60114],[126.55489,37.60822],[126.55532,37.61496],[126.5473,37.63427],[126.54416,37.63797],[126.53923,37.63965],[126.53563,37.6502],[126.53148,37.6548],[126.54182,37.65899],[126.54416,37.66292],[126.5396,37.66594],[126.53972,37.66926],[126.52683,37.67425],[126.53396,37.68539],[126.53347,37.69396],[126.53099,37.70474],[126.52327,37.7111],[126.52171,37.7171],[126.531,37.74824],[126.52646,37.75557],[126.51834,37.76279],[126.51967,37.76582],[126.5245,37.76846],[126.51705,37.77103],[126.52278,37.7901],[126.55468,37.77762],[126.57535,37.7627]]]]}},{"type":"Feature","properties":{"code":"31240","name":"화성시","slug":"hwaseongsi","wide":"gyeonggi","center":[126.8735,37.19197]},"geometry":{"type":"MultiPolygon","coordinates":[[[[126.74252,37.03808],[126.73953,37.03947],[126.73399,37.03828],[126.73954,37.03952],[126.74252,37.03808]]],[[[126.55596,37.05986],[126.54963,37.05278],[126.55522,37.0622],[126.55755,37.0633],[126.56053,37.06096],[126.55596,37.05986]]],[[[126.54195,37.10369],[126.53939,37.09866],[126.53822,37.11134],[126.53554,37.11454],[126.54081,37.11173],[126.54195,37.10369]]],[[[126.61948,37.12181],[126.63976,37.12047],[126.65215,37.11612],[126.64999,37.11452],[126.64434,37.1181],[126.64349,37.1148],[126.64037,37.11504],[126.63668,37.11774],[126.62834,37.11744],[126.62677,37.11951],[126.61188,37.11711],[126.61066,37.11806],[126.61435,37.12511],[126.61948,37.12181]]],[[[126.65671,37.15215],[126.65243,37.14637],[126.64415,37.14152],[126.65313,37.14716],[126.65671,37.15215]]],[[[126.62557,37.17548],[126.63106,37.17415],[126.61895,37.15784],[126.61636,37.17356],[126.62207,37.17963],[126.62557,37.17548]]],[[[126.76578,37.26092],[126.76641,37.25923],[126.7627,37.26108],[126.76578,37.26092]]],[[[126.7437,37.28341],[126.73497,37.28399],[126.73672,37.28783],[126.74187,37.29027],[126.74154,37.2872],[126.74478,37.28653],[126.7437,37.28341]]],[[[126.74268,37.038],[126.74528,37.03799],[126.74928,37.04902],[126.75668,37.05546],[126.68404,37.11214],[126.68094,37.11732],[126.67415,37.11716],[126.68333,37.11738],[126.68472,37.11914],[126.68242,37.12777],[126.67568,37.13826],[126.67951,37.14091],[126.67957,37.14314],[126.66605,37.14243],[126.6603,37.13799],[126.66608,37.1425],[126.68074,37.14424],[126.68565,37.15011],[126.69466,37.15227],[126.69621,37.15105],[126.69122,37.15719],[126.68251,37.16047],[126.65792,37.1539],[126.65867,37.15504],[126.64982,37.15464],[126.66109,37.16299],[126.6536,37.18104],[126.65706,37.17989],[126.6554,37.17971],[126.65697,37.1762],[126.66002,37.17642],[126.66748,37.1881],[126.66992,37.18924],[126.66639,37.19149],[126.65995,37.19077],[126.65292,37.18293],[126.64961,37.18354],[126.65477,37.1904],[126.65058,37.19111],[126.6546,37.19806],[126.66087,37.22092],[126.65936,37.22907],[126.64784,37.24402],[126.6472,37.25],[126.64883,37.25062],[126.64638,37.25813],[126.65273,37.26463],[126.6539,37.26901],[126.65143,37.27346],[126.63273,37.28698],[126.64648,37.27855],[126.64684,37.28041],[126.65757,37.28282],[126.66112,37.28732],[126.66138,37.29131],[126.64796,37.29257],[126.63316,37.28889],[126.62964,37.2848],[126.63292,37.28907],[126.6487,37.29295],[126.66165,37.29256],[126.66175,37.27791],[126.66906,37.27635],[126.67504,37.28169],[126.6842,37.281],[126.6806,37.27527],[126.67529,37.27257],[126.67196,37.27318],[126.67716,37.2595],[126.67979,37.25713],[126.6832,37.25743],[126.68714,37.26148],[126.69639,37.26126],[126.71573,37.25519],[126.72535,37.25632],[126.73402,37.24939],[126.74067,37.25439],[126.74533,37.25507],[126.74667,37.25352],[126.75728,37.25386],[126.75772,37.24891],[126.76368,37.24914],[126.7651,37.24517],[126.76706,37.24516],[126.76741,37.2482],[126.77383,37.24823],[126.77599,37.24587],[126.77638,37.23649],[126.78297,37.22975],[126.78665,37.23296],[126.77834,37.23937],[126.7783,37.2458],[126.78956,37.24413],[126.78831,37.25519],[126.79337,37.25923],[126.79066,37.26709],[126.79628,37.27073],[126.80888,37.26639],[126.81122,37.26763],[126.80407,37.27682],[126.80476,37.2937],[126.81361,37.29297],[126.81921,37.29046],[126.82403,37.28551],[126.82753,37.27735],[126.83561,37.27657],[126.84006,37.26892],[126.84499,37.2668],[126.84308,37.26495],[126.8454,37.25989],[126.8496,37.25702],[126.8488,37.26158],[126.85142,37.26433],[126.84984,37.266],[126.8542,37.26809],[126.85744,37.27267],[126.86473,37.27241],[126.87531,37.27701],[126.86392,37.27281],[126.86222,37.27538],[126.86313,37.28146],[126.87361,37.27977],[126.87871,37.2851],[126.88984,37.28199],[126.90093,37.29143],[126.90651,37.28996],[126.91425,37.29081],[126.91797,37.28531],[126.92845,37.27678],[126.92706,37.27134],[126.93079,37.26094],[126.93579,37.25686],[126.94676,37.25746],[126.95008,37.25571],[126.95289,37.24875],[126.95618,37.24676],[126.95757,37.24001],[126.96788,37.23482],[126.97134,37.22904],[126.97771,37.22968],[126.98107,37.23253],[126.9851,37.23179],[126.98767,37.23424],[126.98947,37.23169],[126.997,37.22925],[126.99877,37.22575],[127.00333,37.2302],[127.00844,37.22702],[127.02187,37.22454],[127.02329,37.23075],[127.02991,37.23207],[127.03463,37.23649],[127.04071,37.24393],[127.0411,37.24745],[127.04253,37.24702],[127.03917,37.23724],[127.04142,37.23549],[127.04595,37.23277],[127.05153,37.23433],[127.05359,37.2334],[127.0527,37.23128],[127.06692,37.24019],[127.06891,37.22984],[127.07457,37.22815],[127.07841,37.22263],[127.08823,37.2166],[127.10464,37.21983],[127.11758,37.22002],[127.13668,37.21553],[127.15069,37.22001],[127.15149,37.21433],[127.15721,37.20737],[127.152,37.19918],[127.16093,37.19029],[127.15946,37.18501],[127.16066,37.17988],[127.15389,37.17587],[127.14871,37.16989],[127.13302,37.16897],[127.13408,37.16509],[127.12832,37.16099],[127.12991,37.1511],[127.1277,37.14547],[127.11382,37.14451],[127.10434,37.14173],[127.10038,37.14635],[127.09835,37.15535],[127.09486,37.15855],[127.07573,37.16272],[127.0713,37.16824],[127.07174,37.1832],[127.06554,37.18529],[127.06685,37.19117],[127.06444,37.19905],[127.04648,37.19605],[127.03693,37.19992],[127.02771,37.20055],[127.02506,37.19803],[127.00796,37.19302],[127.00978,37.1873],[127.00595,37.18649],[127.00254,37.18272],[127.00507,37.18128],[127.00251,37.17834],[126.99895,37.17776],[127.00041,37.17966],[126.99923,37.18065],[126.99498,37.17526],[127.00585,37.16884],[127.01748,37.16768],[127.02528,37.16482],[127.02992,37.15884],[127.0306,37.15628],[127.0278,37.15286],[127.03128,37.14674],[127.03215,37.14073],[127.0357,37.13649],[127.01694,37.12987],[127.00142,37.12801],[126.99754,37.12533],[126.99886,37.11978],[126.99508,37.11624],[126.99868,37.11469],[126.99423,37.1144],[126.99541,37.11164],[127.00035,37.11026],[126.9953,37.1091],[126.99822,37.10623],[126.99699,37.09683],[126.99844,37.09415],[126.99536,37.0901],[127.00022,37.08602],[126.9988,37.08449],[126.99649,37.08722],[126.99049,37.08749],[126.99627,37.07865],[126.99041,37.07682],[126.99686,37.07216],[126.99586,37.06954],[126.98474,37.07163],[126.9756,37.0707],[126.96914,37.07317],[126.96465,37.06784],[126.94905,37.06877],[126.94791,37.06175],[126.94035,37.0607],[126.93151,37.06262],[126.92849,37.0681],[126.92002,37.06508],[126.91496,37.06565],[126.91151,37.06875],[126.90557,37.06945],[126.9053,37.07348],[126.89708,37.06857],[126.88374,37.06699],[126.87744,37.05273],[126.8566,37.02393],[126.85114,37.01839],[126.84211,37.01432],[126.79771,37.01342],[126.79517,37.02563],[126.78964,37.02964],[126.75058,37.02971],[126.74877,37.03113],[126.7488,37.03517],[126.74268,37.038]],[[126.77089,37.06439],[126.76318,37.06304],[126.76164,37.06813],[126.76451,37.06876],[126.76348,37.07921],[126.77081,37.1016],[126.76999,37.10398],[126.7664,37.10393],[126.75829,37.11142],[126.76041,37.11793],[126.76886,37.12728],[126.77145,37.12915],[126.77213,37.12749],[126.77435,37.12818],[126.77656,37.13222],[126.78262,37.13489],[126.78655,37.13253],[126.78722,37.12961],[126.795,37.12875],[126.79612,37.13431],[126.80137,37.13836],[126.81178,37.13911],[126.8166,37.14335],[126.80804,37.14484],[126.8045,37.1524],[126.80009,37.1539],[126.79106,37.14989],[126.78174,37.15225],[126.7946,37.15739],[126.79781,37.16233],[126.79495,37.17163],[126.7923,37.17324],[126.79315,37.17678],[126.79611,37.17831],[126.79716,37.18923],[126.80065,37.19617],[126.79786,37.19273],[126.79475,37.18153],[126.78385,37.16973],[126.77997,37.16981],[126.7775,37.1652],[126.74717,37.16758],[126.74693,37.16166],[126.74161,37.15296],[126.73082,37.14934],[126.73171,37.14623],[126.72695,37.13873],[126.7214,37.13679],[126.71899,37.13222],[126.71446,37.13053],[126.70617,37.13174],[126.70136,37.12718],[126.70236,37.12378],[126.70486,37.12317],[126.69811,37.11958],[126.69776,37.12241],[126.69336,37.12221],[126.69139,37.12132],[126.69004,37.11602],[126.68405,37.11461],[126.75628,37.05627],[126.77002,37.06007],[126.77089,37.06439]]]]}},{"type":"Feature","properties":{"code":"31250","name":"광주시","slug":"gwangju","wide":"gyeonggi","center":[127.28531,37.38737]},"geometry":{"type":"MultiPolygon","coordinates":[[[[127.35523,37.53481],[127.36396,37.53066],[127.36968,37.52424],[127.38552,37.49825],[127.38038,37.49004],[127.38885,37.47535],[127.38544,37.45999],[127.36911,37.45684],[127.37246,37.45185],[127.37239,37.44497],[127.3829,37.44287],[127.38514,37.43379],[127.40124,37.42024],[127.39889,37.41424],[127.41149,37.40623],[127.41476,37.39371],[127.42024,37.38686],[127.42437,37.38575],[127.42955,37.38782],[127.44233,37.38737],[127.44464,37.38563],[127.44372,37.36928],[127.44577,37.36205],[127.43511,37.35427],[127.4297,37.3464],[127.42143,37.34294],[127.42049,37.3382],[127.40809,37.33104],[127.40509,37.32731],[127.40006,37.32741],[127.3938,37.32356],[127.39093,37.31977],[127.37865,37.31917],[127.37595,37.32065],[127.36986,37.31518],[127.36333,37.31592],[127.36481,37.3086],[127.35781,37.30584],[127.35438,37.30146],[127.35736,37.29766],[127.35692,37.29433],[127.34852,37.29011],[127.34298,37.29117],[127.34003,37.28805],[127.34517,37.28086],[127.34839,37.27922],[127.34905,37.27678],[127.34495,37.27395],[127.33869,37.27055],[127.33039,37.27024],[127.32253,37.27411],[127.31337,37.2736],[127.30373,37.27066],[127.30218,37.26618],[127.29836,37.26502],[127.29207,37.27164],[127.28166,37.26867],[127.27599,37.27349],[127.28173,37.27794],[127.27764,37.29],[127.28146,37.29787],[127.27722,37.30847],[127.28301,37.31587],[127.27936,37.32994],[127.28343,37.3382],[127.28311,37.3451],[127.28055,37.34588],[127.27501,37.34261],[127.26483,37.34256],[127.26141,37.34826],[127.24721,37.35564],[127.24085,37.35428],[127.23774,37.3601],[127.23494,37.35796],[127.22783,37.35798],[127.22263,37.35447],[127.21719,37.35536],[127.22234,37.34636],[127.21993,37.34706],[127.21722,37.341],[127.20829,37.33075],[127.20193,37.32832],[127.1973,37.33362],[127.1982,37.34115],[127.19182,37.34724],[127.17883,37.34318],[127.17392,37.34461],[127.1632,37.34338],[127.14434,37.33675],[127.14144,37.33685],[127.13642,37.34113],[127.13737,37.34451],[127.1326,37.34954],[127.13484,37.35792],[127.15068,37.3619],[127.16059,37.37268],[127.16182,37.37969],[127.16792,37.3803],[127.17656,37.38521],[127.17724,37.3871],[127.16826,37.39259],[127.16821,37.39554],[127.17732,37.40984],[127.17776,37.41395],[127.18474,37.41555],[127.1856,37.41855],[127.19434,37.42467],[127.19484,37.45117],[127.19166,37.45703],[127.18476,37.45883],[127.18205,37.46389],[127.18093,37.47344],[127.17533,37.47712],[127.17568,37.48534],[127.17772,37.48721],[127.18858,37.48034],[127.1984,37.4796],[127.20183,37.48409],[127.20502,37.4803],[127.21555,37.4823],[127.22839,37.47748],[127.24436,37.47658],[127.24702,37.48052],[127.24443,37.4851],[127.24854,37.48631],[127.2536,37.48506],[127.25919,37.49105],[127.25324,37.50323],[127.25462,37.50631],[127.2683,37.50636],[127.2857,37.5144],[127.28734,37.50673],[127.29484,37.50568],[127.30215,37.50864],[127.3054,37.51223],[127.30669,37.51944],[127.30932,37.5207],[127.30893,37.52713],[127.31668,37.52936],[127.32424,37.53505],[127.35523,37.53481]]]]}},{"type":"Feature","properties":{"code":"31260","name":"양주시","slug":"yangjusi","wide":"gyeonggi","center":[126.98401,37.80537]},"geometry":{"type":"MultiPolygon","coordinates":[[[[126.97833,37.93782],[126.98612,37.93855],[126.98738,37.93645],[126.99648,37.93358],[127.00136,37.93606],[127.00112,37.9335],[127.00972,37.92823],[127.0092,37.92506],[127.01357,37.92089],[127.01293,37.91866],[127.00622,37.91522],[127.01043,37.90971],[127.01063,37.90483],[127.01858,37.9017],[127.02141,37.89865],[127.02878,37.89887],[127.0372,37.89541],[127.04525,37.89544],[127.04821,37.88318],[127.0605,37.86927],[127.07324,37.87211],[127.08836,37.8722],[127.10727,37.86251],[127.11474,37.85005],[127.11718,37.83456],[127.12179,37.8283],[127.12013,37.81711],[127.12196,37.81205],[127.11733,37.80555],[127.11771,37.79599],[127.11273,37.78818],[127.10595,37.78325],[127.10574,37.78034],[127.10295,37.77841],[127.09076,37.77597],[127.0603,37.76212],[127.05119,37.76111],[127.04178,37.76667],[127.03382,37.76843],[127.02724,37.76645],[127.01744,37.76886],[127.00851,37.7624],[127.00205,37.76262],[127.00242,37.75516],[127.00664,37.7477],[127.00251,37.74466],[127.00237,37.7408],[127.01223,37.72608],[127.01047,37.72192],[127.01333,37.71833],[127.01212,37.71369],[127.0182,37.70514],[127.01388,37.6988],[127.00967,37.6967],[127.00866,37.68445],[127.00459,37.68507],[126.99079,37.67985],[126.98241,37.68518],[126.97495,37.68665],[126.96579,37.69162],[126.95507,37.6931],[126.95139,37.68804],[126.94521,37.68582],[126.94288,37.67199],[126.91122,37.66869],[126.90775,37.67023],[126.90546,37.67518],[126.90879,37.67383],[126.91279,37.67598],[126.91526,37.6882],[126.92535,37.70865],[126.92456,37.71184],[126.92153,37.71323],[126.92487,37.72019],[126.92163,37.73026],[126.93114,37.73765],[126.93036,37.74415],[126.93307,37.74589],[126.9291,37.74849],[126.9318,37.75364],[126.92797,37.75703],[126.93336,37.76771],[126.9324,37.77044],[126.93526,37.77356],[126.93455,37.78195],[126.93795,37.78697],[126.93194,37.78901],[126.92643,37.78518],[126.91866,37.7902],[126.90358,37.79071],[126.90602,37.80239],[126.9119,37.80498],[126.91171,37.80816],[126.90856,37.81149],[126.90998,37.81666],[126.90195,37.82484],[126.90281,37.82671],[126.91101,37.82855],[126.91237,37.84047],[126.92402,37.84138],[126.92775,37.83766],[126.93414,37.83887],[126.93667,37.84133],[126.93366,37.84608],[126.9394,37.85263],[126.93849,37.85516],[126.94624,37.86776],[126.94437,37.87067],[126.94743,37.88443],[126.94541,37.88877],[126.94823,37.89684],[126.94587,37.9009],[126.95479,37.9113],[126.94954,37.9184],[126.96163,37.92105],[126.96155,37.9242],[126.96484,37.92873],[126.96468,37.93843],[126.9725,37.94208],[126.97833,37.93782]]]]}},{"type":"Feature","properties":{"code":"31270","name":"포천시","slug":"pocheonsi","wide":"gyeonggi","center":[127.24144,37.98145]},"geometry":{"type":"MultiPolygon","coordinates":[[[[127.18918,38.18621],[127.18586,38.17358],[127.18924,38.16132],[127.20297,38.15348],[127.20826,38.14718],[127.22204,38.13743],[127.22437,38.14167],[127.22382,38.14704],[127.22634,38.14837],[127.23444,38.14714],[127.23939,38.1566],[127.25628,38.16317],[127.25883,38.16954],[127.26448,38.17174],[127.26647,38.17585],[127.26468,38.17852],[127.26644,38.18044],[127.28357,38.18285],[127.28825,38.17685],[127.29774,38.17628],[127.29619,38.17248],[127.289,38.16946],[127.287,38.16139],[127.28405,38.15949],[127.28641,38.15264],[127.28426,38.14685],[127.27484,38.13671],[127.27678,38.1288],[127.27581,38.12418],[127.28068,38.1254],[127.28288,38.11814],[127.28634,38.11463],[127.30489,38.11566],[127.30744,38.11863],[127.30953,38.11828],[127.31681,38.09835],[127.32067,38.09468],[127.32872,38.09438],[127.33696,38.08977],[127.33977,38.10129],[127.34813,38.10483],[127.35377,38.10413],[127.35634,38.10596],[127.36594,38.10693],[127.37184,38.1105],[127.37339,38.1146],[127.37861,38.11843],[127.38383,38.11513],[127.40345,38.11296],[127.40552,38.10295],[127.41341,38.10201],[127.42262,38.10677],[127.43093,38.11536],[127.4335,38.11102],[127.44045,38.10883],[127.44517,38.09747],[127.4448,38.08798],[127.44708,38.08073],[127.44448,38.07478],[127.44674,38.07122],[127.44448,38.05823],[127.44672,38.05422],[127.4388,38.04125],[127.4315,38.03541],[127.42467,38.03345],[127.42672,38.02575],[127.41984,38.01745],[127.41876,38.01194],[127.4148,38.00698],[127.41284,37.99782],[127.40891,37.99608],[127.40524,37.99034],[127.39838,37.98918],[127.38975,37.98286],[127.3876,37.98395],[127.38486,37.98233],[127.38484,37.97545],[127.37669,37.96162],[127.37945,37.95821],[127.37665,37.95319],[127.38519,37.94694],[127.38458,37.94327],[127.35654,37.92111],[127.35015,37.92131],[127.34535,37.9264],[127.33832,37.92309],[127.33023,37.92557],[127.32851,37.92112],[127.32991,37.91632],[127.32662,37.91157],[127.32957,37.90932],[127.32643,37.90237],[127.32649,37.89693],[127.32848,37.89401],[127.32243,37.8873],[127.32293,37.87869],[127.3251,37.87715],[127.32289,37.87137],[127.31917,37.87144],[127.31263,37.86578],[127.30602,37.86862],[127.296,37.86881],[127.29224,37.87487],[127.28787,37.86917],[127.28533,37.86174],[127.28041,37.85569],[127.28601,37.84783],[127.27896,37.84226],[127.27443,37.82988],[127.27427,37.82629],[127.27694,37.82447],[127.27933,37.81634],[127.27851,37.80469],[127.27101,37.79462],[127.27305,37.78996],[127.26804,37.78436],[127.26831,37.78154],[127.26228,37.77666],[127.25994,37.7683],[127.2389,37.7631],[127.22512,37.75346],[127.22251,37.75513],[127.22257,37.75783],[127.21287,37.76154],[127.21325,37.76774],[127.21164,37.76937],[127.20792,37.76734],[127.2072,37.76389],[127.20175,37.76522],[127.19669,37.76166],[127.18282,37.7644],[127.17253,37.75773],[127.17333,37.75336],[127.17124,37.75109],[127.17286,37.75005],[127.16381,37.74693],[127.14831,37.75611],[127.14431,37.75599],[127.13965,37.76402],[127.13371,37.76209],[127.12581,37.76365],[127.12908,37.76713],[127.12743,37.77147],[127.11595,37.77443],[127.11512,37.77702],[127.10574,37.78034],[127.10595,37.78325],[127.11273,37.78818],[127.11771,37.79599],[127.11733,37.80555],[127.12196,37.81205],[127.12013,37.81711],[127.12179,37.8283],[127.11718,37.83456],[127.11474,37.85005],[127.10886,37.86039],[127.11162,37.86482],[127.12323,37.86698],[127.12357,37.86998],[127.12829,37.87395],[127.14684,37.87622],[127.14945,37.88569],[127.155,37.89559],[127.14927,37.89813],[127.14992,37.90095],[127.14779,37.90256],[127.14547,37.91202],[127.13467,37.91388],[127.13011,37.91666],[127.1215,37.91652],[127.11621,37.92919],[127.10858,37.93961],[127.09544,37.94426],[127.09927,37.95293],[127.09237,37.95881],[127.09418,37.96681],[127.09123,37.97163],[127.09276,37.97453],[127.0898,37.98329],[127.09695,37.98531],[127.1008,37.98924],[127.11144,37.98888],[127.1174,37.98522],[127.12027,37.97894],[127.13074,37.98455],[127.1316,37.98745],[127.13492,37.98952],[127.14419,37.99216],[127.14733,37.99684],[127.14548,37.9995],[127.14731,38.00704],[127.14665,38.01448],[127.13948,38.02104],[127.13526,38.02961],[127.13748,38.03809],[127.12573,38.03745],[127.11464,38.03979],[127.11807,38.04356],[127.11189,38.05112],[127.11572,38.06029],[127.12029,38.06165],[127.12828,38.06028],[127.13819,38.06645],[127.13847,38.07014],[127.14248,38.07302],[127.14749,38.0695],[127.14635,38.06072],[127.14891,38.0578],[127.15677,38.06333],[127.16636,38.06162],[127.17286,38.06631],[127.18354,38.06378],[127.1888,38.06454],[127.18953,38.0764],[127.19209,38.08338],[127.1841,38.09158],[127.1825,38.11506],[127.18063,38.11837],[127.1713,38.12183],[127.17525,38.12847],[127.17289,38.14118],[127.17702,38.15247],[127.17248,38.16991],[127.1752,38.17634],[127.17458,38.18038],[127.18055,38.18613],[127.18924,38.18823],[127.18918,38.18621]]]]}},{"type":"Feature","properties":{"code":"31280","name":"여주시","slug":"yeoju-si","wide":"gyeonggi","center":[127.59915,37.3102]},"geometry":{"type":"MultiPolygon","coordinates":[[[[127.52527,37.43283],[127.53137,37.42589],[127.53662,37.4117],[127.5433,37.40987],[127.5501,37.41142],[127.55157,37.41429],[127.55631,37.41673],[127.56255,37.4155],[127.56496,37.41264],[127.57185,37.41173],[127.58302,37.41694],[127.58448,37.41388],[127.58836,37.41736],[127.58727,37.42112],[127.59039,37.42226],[127.59383,37.42023],[127.60132,37.42106],[127.61767,37.41383],[127.61994,37.40975],[127.62622,37.41302],[127.63535,37.41346],[127.64585,37.40477],[127.65235,37.40794],[127.65429,37.41301],[127.65829,37.41684],[127.66878,37.41218],[127.68339,37.4143],[127.68791,37.4118],[127.68653,37.406],[127.68486,37.4061],[127.68398,37.39822],[127.70809,37.41031],[127.71411,37.4049],[127.71493,37.40002],[127.70425,37.3921],[127.70311,37.38074],[127.70015,37.37925],[127.70159,37.37347],[127.70706,37.37042],[127.71636,37.37006],[127.72584,37.37229],[127.72987,37.37624],[127.74573,37.36889],[127.75226,37.36946],[127.7596,37.36706],[127.76122,37.3636],[127.75935,37.35973],[127.76076,37.35264],[127.75835,37.35079],[127.75788,37.34641],[127.76273,37.33435],[127.75899,37.33123],[127.76832,37.30669],[127.76768,37.30289],[127.76554,37.30145],[127.76214,37.30224],[127.75461,37.29774],[127.74988,37.29716],[127.75004,37.29196],[127.75435,37.2877],[127.76048,37.2729],[127.75761,37.25825],[127.74997,37.24821],[127.74688,37.23997],[127.74893,37.21834],[127.74636,37.21448],[127.74351,37.21458],[127.73526,37.20807],[127.7325,37.1958],[127.72946,37.19234],[127.72641,37.18254],[127.7228,37.18157],[127.7169,37.18343],[127.70678,37.17033],[127.70459,37.16651],[127.70427,37.15765],[127.69473,37.14998],[127.69548,37.14042],[127.68859,37.13554],[127.67021,37.13611],[127.66522,37.13933],[127.65994,37.13992],[127.65536,37.14543],[127.6468,37.15114],[127.62988,37.15413],[127.62831,37.15529],[127.633,37.16198],[127.63052,37.16525],[127.62674,37.16601],[127.61947,37.16218],[127.61603,37.16333],[127.61281,37.17338],[127.59925,37.18313],[127.59568,37.18988],[127.5876,37.18705],[127.58044,37.18747],[127.578,37.1894],[127.57383,37.18717],[127.57249,37.18453],[127.5778,37.17628],[127.57083,37.17018],[127.56675,37.17602],[127.55906,37.18077],[127.55775,37.17743],[127.55285,37.17536],[127.54675,37.17386],[127.53928,37.17547],[127.53659,37.17348],[127.52782,37.17289],[127.52322,37.18044],[127.51714,37.18243],[127.52014,37.18842],[127.53129,37.19994],[127.5299,37.20355],[127.53148,37.20812],[127.52788,37.22598],[127.52603,37.22761],[127.52548,37.23936],[127.53599,37.24519],[127.53735,37.25228],[127.53246,37.25754],[127.52886,37.27413],[127.53537,37.28942],[127.54236,37.29428],[127.54623,37.30135],[127.54592,37.31114],[127.52814,37.31712],[127.52791,37.32088],[127.52504,37.32405],[127.52795,37.32765],[127.52599,37.32985],[127.52085,37.3298],[127.51392,37.33912],[127.50204,37.33819],[127.49812,37.34126],[127.48963,37.3427],[127.48524,37.34979],[127.4705,37.3617],[127.44865,37.35259],[127.4425,37.35836],[127.44585,37.36284],[127.44372,37.36928],[127.44464,37.38563],[127.44233,37.38737],[127.42955,37.38782],[127.42437,37.38575],[127.42024,37.38686],[127.41476,37.39371],[127.41118,37.40665],[127.39822,37.41572],[127.40128,37.4194],[127.40027,37.42142],[127.40263,37.4252],[127.40723,37.43015],[127.415,37.43208],[127.42281,37.43945],[127.43554,37.4344],[127.4476,37.4327],[127.45549,37.42844],[127.46794,37.42642],[127.47322,37.42229],[127.47981,37.42402],[127.48271,37.42998],[127.48697,37.43318],[127.49692,37.4323],[127.50685,37.44043],[127.52527,37.43283]]]]}},{"type":"Feature","properties":{"code":"31350","name":"연천군","slug":"yeoncheon-gun","wide":"gyeonggi","center":[127.0003,38.07795]},"geometry":{"type":"MultiPolygon","coordinates":[[[[127.09513,38.28138],[127.10396,38.28038],[127.1014,38.27368],[127.11073,38.27098],[127.10809,38.26841],[127.10933,38.26576],[127.10807,38.2583],[127.11157,38.24739],[127.1099,38.24184],[127.11357,38.23682],[127.1168,38.237],[127.12305,38.2328],[127.1267,38.23409],[127.13116,38.23275],[127.13453,38.23365],[127.13573,38.23648],[127.14634,38.23933],[127.14892,38.24234],[127.16329,38.23848],[127.16007,38.226],[127.1618,38.22275],[127.15971,38.21955],[127.17117,38.21349],[127.17514,38.20548],[127.1697,38.19765],[127.18055,38.18613],[127.17458,38.18038],[127.1752,38.17634],[127.17248,38.16991],[127.17702,38.15247],[127.17289,38.14118],[127.17525,38.12847],[127.1713,38.12183],[127.18063,38.11837],[127.1825,38.11506],[127.1841,38.09158],[127.19209,38.08338],[127.18953,38.0764],[127.1888,38.06454],[127.18354,38.06378],[127.17286,38.06631],[127.16636,38.06162],[127.15677,38.06333],[127.14891,38.0578],[127.14635,38.06072],[127.14749,38.0695],[127.14248,38.07302],[127.13847,38.07014],[127.13819,38.06645],[127.12828,38.06028],[127.12029,38.06165],[127.11572,38.06029],[127.11189,38.05112],[127.11807,38.04356],[127.11507,38.03927],[127.12712,38.03736],[127.13748,38.03809],[127.13526,38.02961],[127.13948,38.02104],[127.14665,38.01448],[127.14731,38.00704],[127.14548,37.9995],[127.14733,37.99684],[127.14419,37.99216],[127.13492,37.98952],[127.1316,37.98745],[127.13074,37.98455],[127.12027,37.97894],[127.1174,37.98522],[127.11215,37.98876],[127.1008,37.98924],[127.09695,37.98531],[127.0898,37.98329],[127.09276,37.97453],[127.09123,37.97163],[127.08084,37.97639],[127.06614,37.97523],[127.06366,37.97598],[127.06415,37.97917],[127.0533,37.98072],[127.04945,37.97886],[127.04954,37.97586],[127.04497,37.97309],[127.04183,37.96006],[127.03893,37.95753],[127.02883,37.95588],[127.02893,37.94917],[127.02606,37.94126],[127.01686,37.93671],[127.01367,37.92984],[127.00972,37.92823],[127.00112,37.9335],[127.0009,37.93632],[126.99417,37.93396],[126.98738,37.93645],[126.98612,37.93855],[126.97833,37.93782],[126.9725,37.94208],[126.9763,37.94455],[126.97728,37.95156],[126.98851,37.95646],[126.98822,37.9619],[126.99092,37.96768],[127.00172,37.96829],[127.00375,37.97112],[127.00275,37.97347],[127.00469,37.9753],[127.00742,37.97387],[127.01054,37.97537],[127.01209,37.98261],[127.01711,37.98696],[127.01484,37.99277],[127.00488,37.99395],[127.00047,37.9964],[126.98914,38.00781],[126.98938,38.01059],[126.97222,38.00753],[126.96943,38.00274],[126.96016,37.99643],[126.95525,37.98957],[126.93818,37.98087],[126.90972,37.9883],[126.90971,37.99122],[126.90402,37.99439],[126.89562,37.9949],[126.89243,37.99188],[126.89218,37.98468],[126.89551,37.96974],[126.88698,37.96624],[126.87383,37.97024],[126.8528,37.986],[126.84711,37.98608],[126.84013,37.97899],[126.83579,37.96019],[126.83578,37.96379],[126.83275,37.96405],[126.82831,37.95983],[126.82074,37.95746],[126.81687,37.96098],[126.81876,37.9641],[126.8163,37.96685],[126.81269,37.9693],[126.80919,37.969],[126.80706,37.97146],[126.80665,37.97269],[126.81074,37.97421],[126.80837,37.9748],[126.80625,37.98024],[126.80274,37.98266],[126.80021,37.9875],[126.80075,37.99175],[126.79639,37.9937],[126.79012,37.98814],[126.7868,37.98802],[126.78678,37.99374],[126.79008,37.99895],[126.81122,37.99945],[126.81976,38.00508],[126.82328,38.00884],[126.82089,38.01159],[126.82242,38.01515],[126.82621,38.01776],[126.82465,38.02029],[126.826,38.02424],[126.82945,38.02415],[126.82567,38.01988],[126.82769,38.01953],[126.84073,38.03291],[126.85541,38.03209],[126.85238,38.03509],[126.85481,38.04043],[126.85269,38.04309],[126.85253,38.0531],[126.85836,38.05397],[126.85814,38.06174],[126.86591,38.06803],[126.86957,38.07777],[126.8689,38.08012],[126.86026,38.08594],[126.85907,38.09182],[126.86324,38.09438],[126.85767,38.09697],[126.85607,38.09966],[126.86237,38.10833],[126.88267,38.11589],[126.88893,38.1288],[126.90207,38.13413],[126.9047,38.13789],[126.91706,38.13672],[126.92785,38.12731],[126.93128,38.12775],[126.93235,38.13165],[126.9403,38.13393],[126.95753,38.13465],[126.96086,38.13607],[126.96086,38.13968],[126.96641,38.13739],[126.96945,38.14347],[126.96798,38.14746],[126.9511,38.15814],[126.94944,38.16234],[126.95304,38.16528],[126.952,38.16236],[126.95396,38.16232],[126.9656,38.1711],[126.96521,38.17684],[126.96904,38.18191],[126.96488,38.18873],[126.96653,38.19895],[126.97493,38.19943],[126.9744,38.20455],[126.97952,38.20514],[126.98365,38.2106],[126.98365,38.21329],[126.98008,38.2175],[126.98122,38.21972],[126.97883,38.22215],[126.98174,38.22735],[126.98907,38.22538],[126.99159,38.22947],[127.00471,38.22151],[127.00598,38.22545],[127.00984,38.22673],[127.01391,38.23692],[127.02351,38.24161],[127.02045,38.24583],[127.02813,38.24499],[127.03657,38.2498],[127.0418,38.25911],[127.05472,38.25879],[127.0604,38.26313],[127.06621,38.26365],[127.07648,38.27218],[127.07577,38.27803],[127.08299,38.28019],[127.09212,38.28016],[127.09221,38.28221],[127.09513,38.28138]]]]}},{"type":"Feature","properties":{"code":"31370","name":"가평군","slug":"gapyeong-gun","wide":"gyeonggi","center":[127.4526,37.80309]},"geometry":{"type":"MultiPolygon","coordinates":[[[[127.45187,38.0346],[127.4562,38.02732],[127.45524,38.02521],[127.45753,38.01699],[127.47156,38.00645],[127.4974,38.00371],[127.49806,38.00128],[127.50392,37.99795],[127.5089,38.00131],[127.51237,38.00021],[127.53109,38.00239],[127.53988,38.00057],[127.54717,37.97828],[127.54425,37.97411],[127.54523,37.96773],[127.55984,37.96288],[127.57133,37.964],[127.57934,37.96114],[127.58472,37.96175],[127.59344,37.95754],[127.60042,37.95654],[127.60244,37.955],[127.60252,37.94633],[127.61207,37.9406],[127.61658,37.92827],[127.61207,37.92279],[127.61714,37.90636],[127.6074,37.88966],[127.6091,37.88352],[127.60585,37.87649],[127.60321,37.8742],[127.58519,37.87615],[127.57789,37.87401],[127.5686,37.86697],[127.56684,37.85922],[127.56329,37.85645],[127.55745,37.85628],[127.55009,37.85193],[127.54965,37.84654],[127.53703,37.84502],[127.52732,37.83646],[127.52459,37.825],[127.53494,37.81771],[127.53735,37.81054],[127.52081,37.79254],[127.52226,37.78895],[127.54092,37.77088],[127.54499,37.76363],[127.54488,37.76007],[127.54209,37.75466],[127.53408,37.7486],[127.51121,37.73643],[127.50648,37.72781],[127.50707,37.72059],[127.5118,37.71572],[127.5247,37.72647],[127.52962,37.72642],[127.53389,37.72193],[127.54017,37.71946],[127.54927,37.72393],[127.55375,37.72879],[127.55991,37.72858],[127.55935,37.72493],[127.56181,37.71963],[127.55805,37.71391],[127.55825,37.70732],[127.5558,37.70436],[127.55064,37.68704],[127.54905,37.66861],[127.55282,37.66153],[127.54622,37.65786],[127.54385,37.65173],[127.53566,37.65069],[127.53524,37.64716],[127.53794,37.64148],[127.54717,37.63736],[127.54826,37.63321],[127.5594,37.6285],[127.5597,37.62287],[127.5704,37.6136],[127.57016,37.60948],[127.56268,37.60461],[127.5629,37.59942],[127.55936,37.59459],[127.56155,37.58767],[127.55992,37.58349],[127.55337,37.58668],[127.53894,37.58473],[127.52202,37.58638],[127.51118,37.57654],[127.50786,37.57676],[127.49709,37.57115],[127.4883,37.5748],[127.47284,37.57757],[127.47041,37.58001],[127.46963,37.5925],[127.47201,37.59643],[127.47316,37.60738],[127.47122,37.61134],[127.471,37.62198],[127.46853,37.62483],[127.46242,37.62509],[127.45845,37.62925],[127.45511,37.64091],[127.44052,37.64407],[127.4411,37.64668],[127.43808,37.6481],[127.43485,37.65372],[127.44147,37.65965],[127.43981,37.66199],[127.42815,37.67079],[127.4251,37.66558],[127.40733,37.6596],[127.39811,37.6513],[127.37993,37.65164],[127.37124,37.64767],[127.37559,37.65524],[127.38099,37.67726],[127.37665,37.67528],[127.37368,37.67872],[127.37432,37.6821],[127.36651,37.68773],[127.36649,37.68967],[127.37206,37.69224],[127.35865,37.69457],[127.35873,37.69924],[127.35423,37.70588],[127.35545,37.72361],[127.3429,37.72921],[127.34224,37.7383],[127.33517,37.74402],[127.3325,37.75008],[127.33395,37.75272],[127.3162,37.76891],[127.31113,37.76781],[127.30508,37.77182],[127.29434,37.77517],[127.2735,37.7738],[127.26691,37.77987],[127.26871,37.7855],[127.27305,37.78996],[127.27101,37.79462],[127.27851,37.80469],[127.27933,37.81634],[127.27694,37.82447],[127.27427,37.82629],[127.27443,37.82988],[127.27896,37.84226],[127.28601,37.84783],[127.28041,37.85569],[127.28533,37.86174],[127.28787,37.86917],[127.29224,37.87487],[127.296,37.86881],[127.30602,37.86862],[127.31263,37.86578],[127.31917,37.87144],[127.32289,37.87137],[127.3251,37.87715],[127.32293,37.87869],[127.32243,37.8873],[127.32848,37.89401],[127.32649,37.89693],[127.32643,37.90237],[127.32957,37.90932],[127.32662,37.91157],[127.32991,37.91632],[127.32851,37.92112],[127.33023,37.92557],[127.33832,37.92309],[127.34535,37.9264],[127.35015,37.92131],[127.35654,37.92111],[127.38458,37.94327],[127.38519,37.94694],[127.37665,37.95319],[127.37945,37.95821],[127.37669,37.96162],[127.38484,37.97545],[127.38486,37.98233],[127.3876,37.98395],[127.38975,37.98286],[127.39838,37.98918],[127.40524,37.99034],[127.40891,37.99608],[127.41284,37.99782],[127.4148,38.00698],[127.41876,38.01194],[127.41984,38.01745],[127.42672,38.02575],[127.42467,38.03345],[127.43569,38.03836],[127.44624,38.05121],[127.45291,38.04719],[127.45187,38.0346]]]]}},{"type":"Feature","properties":{"code":"31380","name":"양평군","slug":"yangpyeong-gun","wide":"gyeonggi","center":[127.59892,37.51351]},"geometry":{"type":"MultiPolygon","coordinates":[[[[127.37151,37.64763],[127.37993,37.65164],[127.39811,37.6513],[127.40733,37.6596],[127.4251,37.66558],[127.42815,37.67079],[127.44147,37.65965],[127.43485,37.65372],[127.43808,37.6481],[127.4411,37.64668],[127.44052,37.64407],[127.45511,37.64091],[127.45845,37.62925],[127.46242,37.62509],[127.46853,37.62483],[127.471,37.62198],[127.47122,37.61134],[127.47316,37.60738],[127.47201,37.59643],[127.46963,37.5925],[127.47041,37.58001],[127.47284,37.57757],[127.4883,37.5748],[127.49709,37.57115],[127.50786,37.57676],[127.51118,37.57654],[127.52202,37.58638],[127.53894,37.58473],[127.55337,37.58668],[127.55992,37.58349],[127.56155,37.58767],[127.55936,37.59459],[127.5629,37.59942],[127.56268,37.60461],[127.56955,37.60843],[127.57047,37.61336],[127.5597,37.62287],[127.56016,37.62984],[127.56468,37.63316],[127.57142,37.632],[127.58065,37.6334],[127.58349,37.63559],[127.58486,37.6423],[127.59882,37.64688],[127.60219,37.65153],[127.60903,37.64988],[127.61278,37.64603],[127.61683,37.64669],[127.62198,37.64214],[127.62732,37.64273],[127.63943,37.63264],[127.64699,37.63274],[127.65153,37.62294],[127.66385,37.6238],[127.66752,37.61725],[127.69168,37.60133],[127.69619,37.60079],[127.70084,37.59612],[127.6982,37.59089],[127.7079,37.58635],[127.72313,37.59063],[127.7447,37.58788],[127.75411,37.59206],[127.75798,37.58681],[127.76128,37.58759],[127.76657,37.58267],[127.78444,37.57812],[127.78786,37.57891],[127.79408,37.58525],[127.80408,37.57931],[127.80487,37.57506],[127.80961,37.57345],[127.81413,37.56415],[127.83951,37.55922],[127.84039,37.55679],[127.84808,37.5523],[127.84514,37.54773],[127.84595,37.54409],[127.84202,37.5389],[127.83363,37.53921],[127.82891,37.53713],[127.80958,37.53786],[127.80623,37.53492],[127.80647,37.53117],[127.79634,37.52858],[127.79577,37.52417],[127.78879,37.51855],[127.7855,37.51331],[127.78112,37.51306],[127.77179,37.50519],[127.76544,37.50276],[127.7599,37.50327],[127.76003,37.49289],[127.77469,37.49175],[127.77607,37.48854],[127.78019,37.48865],[127.7819,37.48213],[127.78485,37.47869],[127.78958,37.4748],[127.79979,37.47238],[127.80097,37.47004],[127.79943,37.46556],[127.79627,37.46304],[127.79938,37.45177],[127.79839,37.44259],[127.80335,37.43433],[127.80401,37.42885],[127.79457,37.42435],[127.79023,37.4091],[127.78223,37.39242],[127.78409,37.38883],[127.77666,37.38333],[127.77579,37.37896],[127.77894,37.37077],[127.76287,37.36998],[127.75676,37.36701],[127.75226,37.36946],[127.74573,37.36889],[127.72987,37.37624],[127.72584,37.37229],[127.71636,37.37006],[127.70706,37.37042],[127.7022,37.37296],[127.70015,37.37925],[127.70311,37.38074],[127.70383,37.39121],[127.71493,37.40002],[127.71411,37.4049],[127.70809,37.41031],[127.68398,37.39822],[127.68486,37.4061],[127.68653,37.406],[127.68791,37.4118],[127.68339,37.4143],[127.66878,37.41218],[127.65829,37.41684],[127.65429,37.41301],[127.65235,37.40794],[127.64585,37.40477],[127.63535,37.41346],[127.62622,37.41302],[127.61994,37.40975],[127.61767,37.41383],[127.60132,37.42106],[127.59383,37.42023],[127.59039,37.42226],[127.58727,37.42112],[127.58836,37.41736],[127.58448,37.41388],[127.58302,37.41694],[127.57185,37.41173],[127.56496,37.41264],[127.56255,37.4155],[127.55631,37.41673],[127.55157,37.41429],[127.5501,37.41142],[127.5433,37.40987],[127.53662,37.4117],[127.52786,37.43069],[127.51913,37.43647],[127.50685,37.44043],[127.49692,37.4323],[127.48697,37.43318],[127.48271,37.42998],[127.47981,37.42402],[127.47322,37.42229],[127.46794,37.42642],[127.45549,37.42844],[127.4476,37.4327],[127.43554,37.4344],[127.42281,37.43945],[127.415,37.43208],[127.40723,37.43015],[127.40126,37.42181],[127.39901,37.42177],[127.39742,37.4248],[127.3893,37.42926],[127.38435,37.43477],[127.38252,37.44324],[127.37239,37.44497],[127.37246,37.45185],[127.36911,37.45684],[127.38544,37.45999],[127.38885,37.47535],[127.38038,37.49004],[127.38552,37.49825],[127.37261,37.51997],[127.36404,37.53058],[127.34961,37.53586],[127.32641,37.53567],[127.31497,37.52852],[127.30893,37.52713],[127.30903,37.52005],[127.30676,37.51951],[127.30592,37.52187],[127.31043,37.54041],[127.32805,37.56515],[127.34156,37.5924],[127.34537,37.61303],[127.3502,37.62453],[127.35818,37.63428],[127.36732,37.64052],[127.37151,37.64763]]]]}},{"type":"Feature","properties":{"code":"32010","name":"춘천시","slug":"chuncheon-si","wide":"gangwon","center":[127.74737,37.88998]},"geometry":{"type":"MultiPolygon","coordinates":[[[[127.58509,38.08062],[127.59684,38.0799],[127.59817,38.07686],[127.60776,38.07167],[127.6054,38.06105],[127.61252,38.05672],[127.61803,38.05718],[127.62366,38.05155],[127.63381,38.05018],[127.6412,38.05198],[127.64614,38.05661],[127.65199,38.05451],[127.65332,38.05091],[127.6489,38.04457],[127.64811,38.0334],[127.65412,38.02383],[127.65598,38.02734],[127.66537,38.03039],[127.67094,38.03484],[127.67844,38.03589],[127.68723,38.03433],[127.70022,38.0382],[127.70943,38.03233],[127.71353,38.02393],[127.72538,38.02514],[127.72892,38.03247],[127.73276,38.03564],[127.73803,38.0383],[127.74473,38.0377],[127.74725,38.03946],[127.75022,38.03544],[127.7583,38.03475],[127.76093,38.02985],[127.77,38.02785],[127.77517,38.01858],[127.77337,38.01431],[127.77916,38.01366],[127.78785,37.99828],[127.78821,37.99429],[127.81324,38.00367],[127.82031,38.00388],[127.8271,38.00078],[127.83038,38.00838],[127.83513,38.00962],[127.83981,38.01383],[127.8474,38.01432],[127.84985,38.01671],[127.8581,38.01882],[127.85415,38.02526],[127.85559,38.02862],[127.85081,38.03085],[127.84919,38.03626],[127.85516,38.05231],[127.85913,38.04998],[127.86725,38.05025],[127.879,38.04734],[127.88827,38.05017],[127.90267,38.05065],[127.90371,38.04185],[127.90186,38.03822],[127.90407,38.03033],[127.91338,38.02286],[127.9292,38.01883],[127.93447,38.01382],[127.94043,38.01505],[127.94493,38.01837],[127.94714,38.02258],[127.94701,38.03133],[127.95175,38.0382],[127.95543,38.03868],[127.96611,38.03205],[127.98686,38.02551],[127.98716,38.02024],[127.98397,38.01452],[127.98382,38.0103],[127.99333,38.00162],[127.99797,38.00273],[128.00774,38.01574],[128.01296,38.01901],[128.02494,38.01953],[128.02961,38.01465],[128.01997,38.00614],[128.01878,38.00057],[128.0153,37.99664],[128.00664,37.99645],[127.99732,37.9905],[127.99156,37.99104],[127.98402,37.98876],[127.98179,37.9835],[127.98428,37.97703],[127.9845,37.96599],[127.97751,37.95707],[127.98728,37.95182],[127.98964,37.94521],[127.99511,37.9412],[127.9948,37.93613],[127.99241,37.93015],[127.98363,37.92342],[127.98448,37.91393],[127.98633,37.91231],[127.97964,37.90816],[127.97105,37.89869],[127.97001,37.89266],[127.97278,37.88248],[127.95753,37.87378],[127.95292,37.86488],[127.95005,37.86321],[127.94297,37.84775],[127.9456,37.84578],[127.9461,37.84108],[127.94412,37.83835],[127.93705,37.83558],[127.93401,37.82709],[127.92927,37.82771],[127.92536,37.83701],[127.91849,37.84422],[127.90567,37.84941],[127.90832,37.85544],[127.89067,37.86312],[127.88075,37.86069],[127.87651,37.85649],[127.8782,37.84949],[127.87272,37.84462],[127.8716,37.83744],[127.86931,37.83656],[127.84826,37.83563],[127.83633,37.84001],[127.83227,37.84364],[127.82519,37.8437],[127.82213,37.84566],[127.81548,37.84099],[127.81362,37.83329],[127.82079,37.8253],[127.82558,37.82434],[127.82761,37.82046],[127.82501,37.81569],[127.82716,37.80864],[127.82489,37.79825],[127.83733,37.79042],[127.84324,37.78969],[127.8466,37.78077],[127.85181,37.77719],[127.85608,37.77102],[127.85486,37.7634],[127.84812,37.75843],[127.84031,37.75619],[127.84524,37.75217],[127.84481,37.74946],[127.83599,37.74567],[127.83231,37.74133],[127.82835,37.74088],[127.81628,37.74855],[127.80671,37.74633],[127.80631,37.74259],[127.80176,37.74184],[127.80076,37.7376],[127.79486,37.73501],[127.78749,37.73668],[127.78773,37.73886],[127.78181,37.74232],[127.77146,37.73772],[127.75942,37.73633],[127.75472,37.73246],[127.75127,37.7342],[127.74904,37.74026],[127.74299,37.74164],[127.7273,37.73211],[127.72175,37.73338],[127.71177,37.72758],[127.70749,37.72123],[127.70104,37.71908],[127.70099,37.71655],[127.68746,37.71628],[127.67952,37.71137],[127.68414,37.70192],[127.67783,37.69515],[127.67271,37.69695],[127.67033,37.69569],[127.65839,37.70005],[127.65272,37.69952],[127.65103,37.69828],[127.65216,37.6859],[127.64944,37.68022],[127.64523,37.67888],[127.64261,37.68034],[127.64149,37.69463],[127.63817,37.6985],[127.63562,37.69828],[127.62614,37.69481],[127.62335,37.69122],[127.62367,37.68385],[127.62109,37.6791],[127.60939,37.67576],[127.60788,37.67686],[127.60794,37.68766],[127.61033,37.69223],[127.61047,37.69848],[127.60571,37.70444],[127.59617,37.70319],[127.59419,37.70474],[127.59154,37.71299],[127.59458,37.71974],[127.58921,37.7254],[127.57365,37.73267],[127.56755,37.73269],[127.5643,37.72785],[127.55375,37.72879],[127.54927,37.72393],[127.54017,37.71946],[127.53389,37.72193],[127.52962,37.72642],[127.5247,37.72647],[127.5118,37.71572],[127.50798,37.71923],[127.50615,37.72415],[127.50711,37.73136],[127.51121,37.73643],[127.53408,37.7486],[127.54209,37.75466],[127.54488,37.76007],[127.54499,37.76363],[127.54092,37.77088],[127.52226,37.78895],[127.52081,37.79254],[127.53735,37.81054],[127.53494,37.81771],[127.52459,37.825],[127.52732,37.83646],[127.53703,37.84502],[127.54965,37.84654],[127.55009,37.85193],[127.55745,37.85628],[127.56329,37.85645],[127.56684,37.85922],[127.5686,37.86697],[127.57789,37.87401],[127.58519,37.87615],[127.60366,37.87453],[127.60883,37.88217],[127.6074,37.88966],[127.61714,37.90636],[127.61658,37.9119],[127.61214,37.92092],[127.61205,37.92406],[127.61658,37.92827],[127.61597,37.93091],[127.61207,37.9406],[127.60252,37.94633],[127.60244,37.955],[127.58574,37.96152],[127.57787,37.9614],[127.57443,37.9637],[127.55838,37.96314],[127.54738,37.96646],[127.54431,37.96939],[127.54466,37.9757],[127.54717,37.97828],[127.53988,38.00057],[127.54476,38.01953],[127.56385,38.02199],[127.56695,38.03192],[127.57864,38.03977],[127.57398,38.04712],[127.57411,38.05091],[127.57957,38.05577],[127.57622,38.06227],[127.56565,38.06771],[127.56417,38.07168],[127.5667,38.07929],[127.56559,38.08301],[127.57558,38.08481],[127.58509,38.08062]]]]}},{"type":"Feature","properties":{"code":"32020","name":"원주시","slug":"wonju-si","wide":"gangwon","center":[127.96156,37.3124]},"geometry":{"type":"MultiPolygon","coordinates":[[[[127.93573,37.49242],[127.93246,37.49046],[127.93289,37.48705],[127.93794,37.48281],[127.93697,37.47629],[127.93901,37.47555],[127.9493,37.45444],[127.96358,37.45355],[127.96498,37.45088],[127.97427,37.45763],[127.98318,37.4594],[127.9925,37.4564],[128.00262,37.45684],[128.00748,37.45093],[128.01202,37.44977],[128.01386,37.44645],[128.0164,37.44586],[128.02741,37.44859],[128.03358,37.44637],[128.03837,37.44712],[128.04272,37.44332],[128.05893,37.44513],[128.06261,37.44077],[128.06346,37.43592],[128.07118,37.43085],[128.08424,37.42673],[128.08858,37.41429],[128.09605,37.41024],[128.09743,37.40636],[128.08815,37.40119],[128.07882,37.39997],[128.0719,37.39187],[128.07631,37.38462],[128.07652,37.38156],[128.07447,37.37965],[128.07679,37.37374],[128.07268,37.36742],[128.06548,37.36441],[128.06004,37.36601],[128.05556,37.364],[128.04965,37.36601],[128.04616,37.36341],[128.0458,37.35926],[128.03837,37.35407],[128.03686,37.34661],[128.0394,37.34352],[128.03368,37.33248],[128.03971,37.31956],[128.04831,37.31104],[128.05198,37.30846],[128.06811,37.3085],[128.07365,37.30439],[128.08654,37.30136],[128.10452,37.30091],[128.10773,37.29934],[128.10895,37.2967],[128.10727,37.29134],[128.10989,37.28066],[128.1142,37.2783],[128.11459,37.27349],[128.11662,37.27226],[128.12141,37.27222],[128.12555,37.27522],[128.14256,37.27104],[128.16341,37.27392],[128.17328,37.27921],[128.17783,37.27952],[128.17882,37.29186],[128.18964,37.29326],[128.19608,37.29742],[128.20657,37.28783],[128.21412,37.28815],[128.21643,37.28322],[128.21688,37.2778],[128.21139,37.27424],[128.21293,37.26384],[128.20932,37.25012],[128.20118,37.24897],[128.19301,37.24497],[128.1741,37.23261],[128.17307,37.21906],[128.16448,37.21346],[128.15802,37.21631],[128.15416,37.21586],[128.15086,37.22074],[128.14232,37.22434],[128.14055,37.22955],[128.1329,37.2298],[128.12957,37.23375],[128.12532,37.23454],[128.12151,37.22933],[128.12236,37.2252],[128.11551,37.22027],[128.11417,37.21305],[128.1087,37.20567],[128.07431,37.19309],[128.07202,37.19449],[128.06047,37.19409],[128.04981,37.18958],[128.04377,37.19089],[128.04107,37.18899],[128.03391,37.19141],[128.03162,37.19934],[128.0283,37.20232],[128.03308,37.21081],[128.03875,37.21604],[128.03284,37.22012],[128.03122,37.22382],[128.02302,37.22563],[128.01826,37.24571],[128.01259,37.24769],[128.00797,37.25212],[127.999,37.25486],[127.99423,37.25357],[127.98694,37.25784],[127.97191,37.25638],[127.96455,37.25101],[127.95268,37.24792],[127.94519,37.24056],[127.93888,37.24074],[127.92662,37.2316],[127.92172,37.22538],[127.92246,37.22215],[127.9271,37.22015],[127.93247,37.20699],[127.93092,37.20113],[127.93296,37.19308],[127.93626,37.18877],[127.9326,37.18237],[127.93363,37.1758],[127.9273,37.16978],[127.92633,37.16553],[127.92464,37.16453],[127.91505,37.16888],[127.90863,37.16712],[127.90408,37.16022],[127.90189,37.1522],[127.89889,37.1498],[127.8951,37.15619],[127.88657,37.16107],[127.87198,37.16434],[127.86196,37.16105],[127.8613,37.15535],[127.85588,37.15648],[127.85529,37.15995],[127.85323,37.16028],[127.85007,37.15418],[127.84739,37.15294],[127.82537,37.15226],[127.81685,37.147],[127.80694,37.14706],[127.80165,37.14426],[127.79291,37.14533],[127.78952,37.14341],[127.76549,37.15914],[127.75707,37.1692],[127.75078,37.18376],[127.74891,37.19676],[127.74426,37.20755],[127.74475,37.21365],[127.74893,37.21834],[127.74688,37.23997],[127.74997,37.24821],[127.75761,37.25825],[127.76019,37.26825],[127.75908,37.27705],[127.75553,37.28189],[127.75435,37.2877],[127.75004,37.29196],[127.74988,37.29716],[127.75461,37.29774],[127.76214,37.30224],[127.76554,37.30145],[127.76768,37.30289],[127.76832,37.30669],[127.75899,37.33123],[127.76273,37.33435],[127.75788,37.34641],[127.75835,37.35079],[127.76076,37.35264],[127.75935,37.35973],[127.76122,37.3636],[127.75948,37.36729],[127.76287,37.36998],[127.77894,37.37077],[127.77579,37.37896],[127.77666,37.38333],[127.78409,37.38883],[127.78223,37.39242],[127.79023,37.4091],[127.79457,37.42435],[127.80401,37.42885],[127.80335,37.43433],[127.80047,37.43864],[127.8105,37.44139],[127.81344,37.44527],[127.82058,37.44628],[127.8345,37.434],[127.84002,37.43382],[127.85127,37.40858],[127.84764,37.40079],[127.85105,37.39551],[127.8565,37.39865],[127.868,37.39963],[127.87078,37.4176],[127.86394,37.42533],[127.86509,37.43196],[127.86339,37.43625],[127.86595,37.44014],[127.86565,37.44695],[127.87093,37.45342],[127.87465,37.45501],[127.87699,37.46692],[127.88452,37.4702],[127.88423,37.46777],[127.88895,37.46619],[127.89708,37.46865],[127.89587,37.47235],[127.90611,37.47327],[127.90969,37.48644],[127.91913,37.49287],[127.91875,37.49797],[127.92765,37.50649],[127.93967,37.50115],[127.93573,37.49242]]]]}},{"type":"Feature","properties":{"code":"32030","name":"강릉시","slug":"gangneung-si","wide":"gangwon","center":[128.80672,37.69807]},"geometry":{"type":"MultiPolygon","coordinates":[[[[128.87722,37.84096],[128.87944,37.83424],[128.87593,37.83745],[128.87546,37.83439],[128.88191,37.82678],[128.94668,37.77358],[128.94981,37.77187],[128.9547,37.77319],[128.95722,37.77118],[128.95195,37.77282],[128.95141,37.76738],[128.98881,37.74002],[128.989,37.73609],[128.99596,37.72555],[129.01099,37.7134],[129.01414,37.70737],[129.03644,37.6891],[129.04593,37.68396],[129.05702,37.67291],[129.05407,37.66472],[129.05698,37.65875],[129.05429,37.65353],[129.0479,37.65026],[129.04412,37.64287],[129.04454,37.63857],[129.05152,37.62696],[129.06377,37.6233],[129.05393,37.62575],[129.05419,37.62137],[129.05953,37.62034],[129.06344,37.61432],[129.07488,37.60486],[129.06874,37.5989],[129.05567,37.59711],[129.05501,37.5947],[129.05961,37.58853],[129.05103,37.5764],[129.04822,37.5583],[129.04985,37.55423],[129.04707,37.54663],[129.04032,37.5473],[129.03803,37.54971],[129.02586,37.54552],[129.01856,37.53828],[128.99848,37.5428],[128.98674,37.53412],[128.98069,37.53308],[128.97338,37.53374],[128.96278,37.54316],[128.96123,37.54875],[128.95513,37.54144],[128.94925,37.53967],[128.94593,37.54084],[128.94046,37.53814],[128.93276,37.53885],[128.93085,37.54278],[128.92806,37.54309],[128.92395,37.54706],[128.91622,37.54801],[128.91292,37.55285],[128.90574,37.55262],[128.90417,37.56356],[128.90573,37.5671],[128.90407,37.57144],[128.90102,37.57189],[128.89776,37.58669],[128.89025,37.58855],[128.88879,37.59223],[128.88448,37.59292],[128.87771,37.58849],[128.87354,37.58967],[128.86938,37.58011],[128.86379,37.57522],[128.86195,37.57046],[128.86255,37.56465],[128.85879,37.56122],[128.85918,37.5559],[128.86203,37.55363],[128.85937,37.54127],[128.85551,37.53729],[128.85426,37.5242],[128.8486,37.52117],[128.85012,37.51978],[128.84894,37.51558],[128.84042,37.51203],[128.83396,37.51314],[128.81439,37.50348],[128.81169,37.50993],[128.79762,37.51845],[128.79774,37.52762],[128.79203,37.53276],[128.79296,37.53717],[128.78,37.54377],[128.76201,37.5415],[128.74869,37.5469],[128.74237,37.54589],[128.73765,37.54751],[128.72289,37.53489],[128.71978,37.52871],[128.71716,37.53101],[128.7071,37.53219],[128.69901,37.53665],[128.69269,37.54312],[128.68776,37.55432],[128.6835,37.55715],[128.68358,37.56341],[128.67888,37.56706],[128.68144,37.57383],[128.684,37.59384],[128.69197,37.59204],[128.69892,37.59352],[128.70344,37.59],[128.71207,37.58864],[128.71207,37.59087],[128.71635,37.59338],[128.71665,37.60427],[128.72302,37.61132],[128.73656,37.60975],[128.73583,37.6287],[128.7287,37.6368],[128.73308,37.64614],[128.73177,37.64978],[128.73294,37.65348],[128.74367,37.65883],[128.74576,37.66503],[128.75189,37.66758],[128.75247,37.66978],[128.76503,37.67292],[128.76395,37.6807],[128.76071,37.68284],[128.7589,37.69233],[128.75456,37.69965],[128.75318,37.71071],[128.74783,37.7141],[128.74691,37.71835],[128.74848,37.71995],[128.74455,37.72344],[128.74567,37.72677],[128.74403,37.72879],[128.7438,37.74143],[128.73966,37.74163],[128.73188,37.7477],[128.72536,37.7495],[128.72236,37.75513],[128.7187,37.75614],[128.71358,37.76253],[128.7101,37.76373],[128.71153,37.76505],[128.7089,37.76805],[128.69837,37.77133],[128.69097,37.76972],[128.68485,37.77305],[128.67984,37.77303],[128.67085,37.76688],[128.66606,37.77026],[128.6557,37.77143],[128.64309,37.77732],[128.63734,37.78246],[128.63386,37.78027],[128.63047,37.77295],[128.62706,37.77274],[128.62363,37.76959],[128.61403,37.77054],[128.6104,37.76621],[128.60167,37.76993],[128.5988,37.77448],[128.60141,37.78133],[128.59979,37.79161],[128.60159,37.79377],[128.60094,37.80174],[128.59815,37.80438],[128.59996,37.80882],[128.59192,37.81604],[128.5855,37.81854],[128.58048,37.82615],[128.58161,37.83773],[128.58606,37.84514],[128.58493,37.84815],[128.58826,37.85673],[128.58802,37.86203],[128.59197,37.8656],[128.5977,37.86596],[128.60118,37.87071],[128.62077,37.87235],[128.62351,37.87496],[128.62436,37.88165],[128.64294,37.89489],[128.64777,37.89093],[128.66419,37.89078],[128.66682,37.88588],[128.66918,37.88582],[128.67634,37.88982],[128.68283,37.88991],[128.69124,37.89291],[128.70217,37.89841],[128.70881,37.89729],[128.71337,37.89875],[128.71857,37.90339],[128.73241,37.89988],[128.73894,37.90373],[128.74466,37.90421],[128.74643,37.90777],[128.7537,37.91225],[128.76242,37.90982],[128.77554,37.91012],[128.77796,37.91299],[128.7828,37.91426],[128.80343,37.91301],[128.81,37.91753],[128.82457,37.90748],[128.8301,37.90605],[128.8318,37.90374],[128.82957,37.90457],[128.82983,37.9024],[128.83431,37.89945],[128.83264,37.89133],[128.835,37.88594],[128.83302,37.88777],[128.83297,37.89463],[128.83166,37.8944],[128.82896,37.88899],[128.83024,37.88417],[128.85134,37.8617],[128.87722,37.84096]]]]}},{"type":"Feature","properties":{"code":"32040","name":"동해시","slug":"donghae-si","wide":"gangwon","center":[129.05975,37.50748]},"geometry":{"type":"MultiPolygon","coordinates":[[[[129.11149,37.58162],[129.11679,37.57626],[129.11637,37.57078],[129.12176,37.55821],[129.11778,37.54952],[129.11812,37.54369],[129.12062,37.53923],[129.11722,37.54514],[129.11708,37.5517],[129.11388,37.55166],[129.11221,37.54939],[129.11378,37.5405],[129.11548,37.54024],[129.11473,37.53618],[129.12585,37.52526],[129.12222,37.52174],[129.12305,37.51885],[129.1351,37.50492],[129.14901,37.49756],[129.13559,37.50407],[129.13122,37.5014],[129.13618,37.49642],[129.12441,37.49069],[129.12677,37.48762],[129.14488,37.4968],[129.14134,37.49288],[129.14801,37.49092],[129.15765,37.48158],[129.15977,37.47648],[129.15582,37.47422],[129.1508,37.46571],[129.1412,37.4662],[129.13479,37.45319],[129.11789,37.46051],[129.1074,37.4558],[129.09585,37.46343],[129.0833,37.46042],[129.07687,37.45644],[129.06521,37.46029],[129.05063,37.45604],[129.0482,37.45695],[129.03722,37.4528],[129.03556,37.44953],[129.0102,37.43593],[129.00444,37.4268],[128.98463,37.43393],[128.97524,37.43324],[128.96866,37.44008],[128.95856,37.44425],[128.95762,37.44664],[128.96434,37.45475],[128.96454,37.45756],[128.97378,37.46339],[128.97737,37.46862],[128.98471,37.47041],[128.9881,37.47932],[128.9857,37.48277],[128.98966,37.48451],[128.98596,37.49299],[128.97096,37.49266],[128.97002,37.49473],[128.97439,37.50344],[128.97252,37.50572],[128.96514,37.50541],[128.96185,37.50952],[128.96098,37.51258],[128.96776,37.52057],[128.96873,37.53023],[128.97391,37.53391],[128.98674,37.53412],[128.99848,37.5428],[129.01856,37.53828],[129.02586,37.54552],[129.03803,37.54971],[129.04032,37.5473],[129.04707,37.54663],[129.04985,37.55423],[129.04822,37.5583],[129.05103,37.5764],[129.05961,37.58853],[129.05501,37.5947],[129.05567,37.59711],[129.06874,37.5989],[129.07488,37.60486],[129.11149,37.58162]],[[129.11352,37.53788],[129.11493,37.53729],[129.11536,37.54019],[129.11241,37.54019],[129.11352,37.53788]]]]}},{"type":"Feature","properties":{"code":"32050","name":"태백시","slug":"taebaek-si","wide":"gangwon","center":[128.98137,37.17873]},"geometry":{"type":"MultiPolygon","coordinates":[[[[129.01243,37.3359],[128.998,37.32456],[128.99844,37.31899],[129.0028,37.31792],[129.01843,37.30351],[129.00622,37.29291],[129.00385,37.28837],[129.00667,37.28345],[129.01272,37.27909],[129.01438,37.27486],[129.00799,37.26939],[129.0056,37.26425],[129.00993,37.25956],[129.01045,37.25548],[129.0065,37.25059],[129.00162,37.25056],[129.00177,37.24466],[128.99851,37.24316],[128.99395,37.24462],[128.98995,37.24128],[128.99319,37.23526],[129.00425,37.23527],[129.00792,37.23264],[129.0081,37.22913],[129.00438,37.22706],[129.01049,37.22082],[128.99998,37.21792],[129.00118,37.21503],[128.99888,37.20777],[129.00214,37.20249],[129.00888,37.19857],[129.00827,37.19375],[129.01134,37.18653],[129.02722,37.17498],[129.03655,37.17589],[129.04506,37.17171],[129.04819,37.17267],[129.05128,37.16994],[129.07183,37.16992],[129.07466,37.16473],[129.07192,37.16019],[129.08496,37.16002],[129.08857,37.15821],[129.0887,37.14394],[129.09345,37.14216],[129.09537,37.13843],[129.08906,37.12357],[129.09105,37.12025],[129.08792,37.11408],[129.09566,37.10031],[129.09128,37.09725],[129.07695,37.09299],[129.07042,37.08822],[129.07081,37.08401],[129.0656,37.07875],[129.06737,37.07445],[129.06395,37.06844],[129.05944,37.06525],[129.05651,37.06519],[129.05707,37.0679],[129.05343,37.07019],[129.05132,37.06783],[129.04187,37.07106],[129.03667,37.07617],[129.03241,37.07492],[129.02435,37.07835],[129.02038,37.07656],[129.01517,37.07953],[129.00958,37.07855],[128.98861,37.08437],[128.9834,37.08462],[128.97763,37.08156],[128.95927,37.07758],[128.9533,37.08125],[128.95343,37.08492],[128.94566,37.09378],[128.93206,37.09087],[128.92178,37.09143],[128.91506,37.08371],[128.91693,37.0787],[128.91032,37.06832],[128.90512,37.06597],[128.89876,37.06666],[128.89162,37.06204],[128.8871,37.06213],[128.88531,37.06586],[128.8767,37.07183],[128.87482,37.07547],[128.8756,37.07847],[128.885,37.08403],[128.88565,37.08936],[128.88856,37.09171],[128.88741,37.10171],[128.8788,37.10447],[128.87528,37.10819],[128.86996,37.10779],[128.86932,37.11212],[128.87615,37.11459],[128.88924,37.12471],[128.88692,37.13632],[128.89068,37.14412],[128.89487,37.14662],[128.91194,37.14926],[128.91632,37.15715],[128.91775,37.16233],[128.91185,37.17726],[128.91486,37.18078],[128.91151,37.19689],[128.91555,37.20462],[128.91607,37.21185],[128.90797,37.21655],[128.91707,37.22553],[128.91811,37.24005],[128.92389,37.24275],[128.9296,37.24072],[128.93538,37.24536],[128.92904,37.26761],[128.92436,37.27296],[128.93658,37.27412],[128.94104,37.27937],[128.93959,37.28389],[128.94154,37.28889],[128.94645,37.29023],[128.94231,37.29765],[128.94328,37.30554],[128.95097,37.30779],[128.958,37.32231],[128.96875,37.33342],[128.97811,37.33641],[128.99529,37.33603],[129.00336,37.34407],[129.00745,37.34559],[129.00983,37.34008],[129.01254,37.33884],[129.01243,37.3359]]]]}},{"type":"Feature","properties":{"code":"32060","name":"속초시","slug":"sokcho-si","wide":"gangwon","center":[128.53926,38.18427]},"geometry":{"type":"MultiPolygon","coordinates":[[[[128.59953,38.20655],[128.59609,38.20634],[128.59598,38.2023],[128.59328,38.20152],[128.59481,38.20582],[128.59953,38.20655]]],[[[128.6027,38.20769],[128.60139,38.21134],[128.59451,38.21067],[128.59244,38.20261],[128.58349,38.1994],[128.58213,38.19332],[128.5935,38.19155],[128.59342,38.20059],[128.60023,38.20205],[128.59709,38.20068],[128.59795,38.19742],[128.60939,38.18346],[128.61482,38.18106],[128.60978,38.17692],[128.61047,38.17365],[128.60612,38.17387],[128.60847,38.16888],[128.60805,38.16066],[128.6034,38.15895],[128.58408,38.16162],[128.57116,38.16124],[128.57028,38.15433],[128.55985,38.14834],[128.53506,38.14855],[128.53545,38.14504],[128.53171,38.14244],[128.52987,38.13609],[128.52189,38.13732],[128.50048,38.13495],[128.49129,38.13649],[128.46693,38.11895],[128.46486,38.11921],[128.46596,38.13692],[128.44306,38.1496],[128.43792,38.15487],[128.43848,38.1627],[128.43319,38.16861],[128.42114,38.17669],[128.42651,38.18915],[128.43845,38.19256],[128.44236,38.20375],[128.45446,38.19812],[128.46266,38.19694],[128.46663,38.19862],[128.47711,38.1928],[128.47804,38.18826],[128.48455,38.18797],[128.4921,38.1957],[128.49776,38.19793],[128.49924,38.20221],[128.50142,38.20326],[128.52206,38.20755],[128.53807,38.21737],[128.5525,38.21747],[128.56123,38.22095],[128.57432,38.22179],[128.58032,38.22753],[128.58444,38.22871],[128.58493,38.23077],[128.58866,38.22682],[128.59027,38.22115],[128.59804,38.21476],[128.60207,38.21464],[128.6027,38.20769]]]]}},{"type":"Feature","properties":{"code":"32070","name":"삼척시","slug":"samcheok-si","wide":"gangwon","center":[129.10432,37.26567]},"geometry":{"type":"MultiPolygon","coordinates":[[[[129.36567,37.16516],[129.36545,37.17051],[129.3577,37.17931],[129.36565,37.17056],[129.36567,37.16516]]],[[[129.15827,37.47624],[129.17316,37.46589],[129.17934,37.46362],[129.18752,37.45591],[129.19003,37.45137],[129.18952,37.44574],[129.19744,37.43227],[129.19195,37.43812],[129.188,37.43797],[129.19276,37.42963],[129.19247,37.42659],[129.19765,37.41991],[129.19752,37.41598],[129.20214,37.41118],[129.22421,37.395],[129.2513,37.38039],[129.25731,37.37984],[129.25528,37.37743],[129.25367,37.37852],[129.25108,37.37325],[129.25082,37.36302],[129.25955,37.35294],[129.26232,37.34554],[129.267,37.34331],[129.2666,37.3311],[129.27065,37.32924],[129.27199,37.32652],[129.27169,37.3253],[129.27005,37.32779],[129.26861,37.3266],[129.27034,37.32159],[129.28865,37.30952],[129.29729,37.31109],[129.30215,37.30209],[129.30043,37.29287],[129.31116,37.28612],[129.31708,37.28677],[129.31855,37.28975],[129.32022,37.2889],[129.32041,37.28243],[129.32912,37.2804],[129.32773,37.26344],[129.34075,37.25468],[129.34198,37.2487],[129.34871,37.24776],[129.35006,37.23888],[129.35666,37.23564],[129.34691,37.22985],[129.34342,37.2296],[129.34137,37.22595],[129.34102,37.22163],[129.34748,37.21211],[129.34277,37.19594],[129.34532,37.19439],[129.3452,37.18579],[129.34756,37.17684],[129.34325,37.17487],[129.3451,37.17137],[129.34976,37.17395],[129.35624,37.16601],[129.35845,37.16659],[129.35189,37.16421],[129.35869,37.1568],[129.36394,37.14624],[129.35664,37.14483],[129.34784,37.14645],[129.34099,37.1446],[129.33951,37.14683],[129.33835,37.14346],[129.33324,37.14071],[129.32483,37.14229],[129.31815,37.13295],[129.3112,37.13065],[129.30889,37.12794],[129.30113,37.12658],[129.29523,37.1203],[129.29459,37.11437],[129.28539,37.11725],[129.282,37.1161],[129.27629,37.11798],[129.27124,37.11638],[129.26886,37.10628],[129.26599,37.10232],[129.24903,37.09615],[129.24046,37.08504],[129.22538,37.07372],[129.23086,37.0689],[129.23293,37.06427],[129.22852,37.05723],[129.23282,37.05024],[129.23267,37.04422],[129.23821,37.04079],[129.23801,37.03867],[129.22531,37.04456],[129.21341,37.04299],[129.20505,37.04497],[129.19475,37.04063],[129.18541,37.04172],[129.18368,37.04886],[129.17705,37.05672],[129.1704,37.06036],[129.16614,37.06916],[129.16177,37.06883],[129.14427,37.07658],[129.13947,37.08227],[129.13358,37.08178],[129.12719,37.08444],[129.12642,37.08804],[129.12289,37.09128],[129.10778,37.0935],[129.10302,37.09854],[129.09566,37.10031],[129.08792,37.11408],[129.09105,37.12025],[129.08906,37.12357],[129.09537,37.13843],[129.09345,37.14216],[129.0887,37.14394],[129.08857,37.15821],[129.08496,37.16002],[129.07192,37.16019],[129.07466,37.16473],[129.07183,37.16992],[129.05128,37.16994],[129.04819,37.17267],[129.04506,37.17171],[129.03655,37.17589],[129.02722,37.17498],[129.01134,37.18653],[129.00827,37.19375],[129.00888,37.19857],[129.00214,37.20249],[128.99888,37.20777],[129.00118,37.21503],[128.99998,37.21792],[129.01049,37.22082],[129.00438,37.22706],[129.0081,37.22913],[129.00792,37.23264],[129.00425,37.23527],[128.99319,37.23526],[128.98995,37.24128],[128.99395,37.24462],[128.99851,37.24316],[129.00177,37.24466],[129.00162,37.25056],[129.0065,37.25059],[129.0103,37.25517],[129.00993,37.25956],[129.0056,37.26425],[129.00799,37.26939],[129.01438,37.27486],[129.01272,37.27909],[129.00667,37.28345],[129.00385,37.28837],[129.01801,37.3047],[129.0028,37.31792],[128.99831,37.31926],[128.99823,37.32488],[129.01243,37.3359],[129.01254,37.33884],[129.00983,37.34008],[129.00826,37.34554],[129.00336,37.34407],[128.99529,37.33603],[128.97811,37.33641],[128.96875,37.33342],[128.958,37.32231],[128.95097,37.30779],[128.94328,37.30554],[128.94231,37.29765],[128.94645,37.29023],[128.94154,37.28889],[128.93959,37.28389],[128.94104,37.27937],[128.93658,37.27412],[128.92436,37.27296],[128.92904,37.26761],[128.93538,37.24536],[128.9296,37.24072],[128.92389,37.24275],[128.91811,37.24005],[128.91707,37.22553],[128.90797,37.21655],[128.90546,37.21792],[128.90394,37.22803],[128.89865,37.23595],[128.9008,37.24291],[128.89793,37.24869],[128.88778,37.2599],[128.87995,37.26478],[128.88207,37.27185],[128.88763,37.27306],[128.88874,37.27593],[128.8746,37.28065],[128.87169,37.28445],[128.87223,37.29038],[128.86166,37.29647],[128.85879,37.30017],[128.85973,37.30723],[128.86752,37.31242],[128.86702,37.31486],[128.87013,37.31901],[128.87795,37.32381],[128.86998,37.3294],[128.86685,37.33896],[128.85176,37.34143],[128.84603,37.33973],[128.85163,37.36564],[128.85447,37.3667],[128.85798,37.38093],[128.86175,37.38353],[128.8654,37.39038],[128.86896,37.39145],[128.87072,37.4003],[128.88473,37.40625],[128.88973,37.40529],[128.89543,37.40956],[128.8979,37.41512],[128.89786,37.43029],[128.90123,37.43554],[128.90407,37.43807],[128.91061,37.43634],[128.92756,37.44856],[128.93429,37.4476],[128.93711,37.45109],[128.95508,37.44942],[128.95856,37.44425],[128.96866,37.44008],[128.97524,37.43324],[128.98463,37.43393],[129.00444,37.4268],[129.0102,37.43593],[129.03556,37.44953],[129.03722,37.4528],[129.0482,37.45695],[129.05063,37.45604],[129.06521,37.46029],[129.07687,37.45644],[129.0833,37.46042],[129.09585,37.46343],[129.1074,37.4558],[129.11789,37.46051],[129.13479,37.45319],[129.13941,37.46477],[129.14176,37.4665],[129.1508,37.46571],[129.15827,37.47624]]]]}},{"type":"Feature","properties":{"code":"32310","name":"홍천군","slug":"hongcheon-gun","wide":"gangwon","center":[128.02997,37.74791]},"geometry":{"type":"MultiPolygon","coordinates":[[[[128.02723,37.94477],[128.03274,37.94195],[128.03941,37.92775],[128.04291,37.92637],[128.04549,37.92252],[128.04973,37.92197],[128.06442,37.91075],[128.07722,37.9067],[128.08261,37.90171],[128.0919,37.89808],[128.10155,37.89754],[128.10725,37.90012],[128.12305,37.89562],[128.14495,37.89286],[128.1608,37.89513],[128.1638,37.88771],[128.17426,37.88492],[128.17444,37.87923],[128.16883,37.87076],[128.16844,37.86279],[128.17169,37.85696],[128.1687,37.85125],[128.17819,37.84637],[128.18114,37.8428],[128.18011,37.83501],[128.18455,37.82999],[128.18661,37.82998],[128.2015,37.81623],[128.21204,37.81208],[128.22433,37.82051],[128.23471,37.82217],[128.23869,37.82524],[128.2426,37.83209],[128.2561,37.83962],[128.25611,37.8435],[128.26067,37.84996],[128.26293,37.85798],[128.26753,37.86101],[128.27308,37.86071],[128.27747,37.86518],[128.28494,37.86626],[128.28752,37.86486],[128.29107,37.8693],[128.29706,37.86781],[128.29785,37.86465],[128.30325,37.86012],[128.30689,37.85279],[128.30541,37.84959],[128.30758,37.84354],[128.31176,37.84101],[128.32012,37.8307],[128.32835,37.83388],[128.33607,37.82793],[128.34746,37.82629],[128.35356,37.83072],[128.36516,37.83356],[128.36636,37.83641],[128.36281,37.83863],[128.36614,37.84705],[128.37818,37.85234],[128.3824,37.85862],[128.3904,37.85885],[128.39715,37.8623],[128.40059,37.86124],[128.40272,37.86716],[128.40966,37.87215],[128.41287,37.87993],[128.41233,37.88469],[128.42153,37.88288],[128.42839,37.8751],[128.43171,37.8667],[128.44043,37.86398],[128.44423,37.86489],[128.44873,37.87342],[128.45875,37.87936],[128.46632,37.88096],[128.47073,37.88573],[128.47536,37.88529],[128.48142,37.893],[128.49393,37.88777],[128.49659,37.88485],[128.50593,37.88687],[128.51176,37.88006],[128.52522,37.88259],[128.53076,37.88895],[128.54101,37.89109],[128.54407,37.8872],[128.55746,37.88003],[128.55949,37.8756],[128.56681,37.87563],[128.57214,37.87052],[128.57376,37.86464],[128.58797,37.86209],[128.58878,37.85992],[128.58508,37.84923],[128.58606,37.84514],[128.58161,37.83773],[128.58048,37.82615],[128.58274,37.82139],[128.56909,37.80751],[128.55638,37.80946],[128.54437,37.8009],[128.54252,37.78834],[128.53959,37.78322],[128.53339,37.77886],[128.53323,37.77096],[128.52395,37.76401],[128.52406,37.75535],[128.52711,37.75281],[128.52406,37.74263],[128.5277,37.73652],[128.52643,37.73156],[128.52222,37.72971],[128.51606,37.73221],[128.50962,37.73055],[128.4787,37.73466],[128.47113,37.73279],[128.46619,37.72849],[128.45781,37.73081],[128.44492,37.71766],[128.44614,37.71099],[128.44395,37.70073],[128.43593,37.69527],[128.43523,37.69239],[128.41549,37.68798],[128.40852,37.69079],[128.40443,37.68833],[128.39471,37.69134],[128.37608,37.69161],[128.35989,37.69935],[128.34616,37.6956],[128.3369,37.69555],[128.32337,37.69004],[128.31246,37.70318],[128.30445,37.6912],[128.2978,37.68763],[128.29507,37.6835],[128.29078,37.68164],[128.27658,37.66888],[128.27883,37.66396],[128.27311,37.65254],[128.27503,37.64025],[128.27151,37.6369],[128.27034,37.63266],[128.26631,37.63353],[128.24824,37.62584],[128.23583,37.62522],[128.23074,37.62804],[128.2195,37.63943],[128.2157,37.64087],[128.21391,37.64509],[128.2065,37.64978],[128.19956,37.65167],[128.18651,37.64441],[128.18577,37.64964],[128.16591,37.65929],[128.1641,37.6647],[128.15424,37.66169],[128.15256,37.65914],[128.14617,37.67249],[128.13951,37.67619],[128.13669,37.67993],[128.12606,37.67747],[128.11872,37.67862],[128.11168,37.67149],[128.11247,37.66488],[128.10559,37.65941],[128.1081,37.65624],[128.11412,37.65454],[128.10408,37.64978],[128.09328,37.65308],[128.07954,37.64918],[128.07458,37.64413],[128.06707,37.64101],[128.06462,37.63542],[128.04998,37.63104],[128.04996,37.62761],[128.03113,37.62223],[128.02012,37.61317],[128.01444,37.61472],[128.01421,37.62369],[128.01165,37.6265],[127.99244,37.62771],[127.97928,37.63185],[127.97708,37.63624],[127.97121,37.63808],[127.96749,37.62694],[127.9592,37.62563],[127.95122,37.61114],[127.94524,37.60878],[127.93319,37.60982],[127.927,37.60415],[127.92261,37.6057],[127.90752,37.59842],[127.89338,37.59779],[127.89379,37.58508],[127.88907,37.58093],[127.88902,37.5769],[127.88427,37.57534],[127.88415,37.57127],[127.87241,37.56217],[127.87374,37.55745],[127.86627,37.5563],[127.85955,37.55772],[127.8552,37.55399],[127.84808,37.5523],[127.83636,37.56041],[127.82623,37.56071],[127.81413,37.56415],[127.80961,37.57345],[127.80487,37.57506],[127.80408,37.57931],[127.79408,37.58525],[127.78786,37.57891],[127.78444,37.57812],[127.76657,37.58267],[127.76128,37.58759],[127.75798,37.58681],[127.75411,37.59206],[127.7447,37.58788],[127.72313,37.59063],[127.7079,37.58635],[127.6982,37.59089],[127.70084,37.59612],[127.69619,37.60079],[127.69168,37.60133],[127.66752,37.61725],[127.66385,37.6238],[127.65153,37.62294],[127.64699,37.63274],[127.63943,37.63264],[127.62732,37.64273],[127.62198,37.64214],[127.61683,37.64669],[127.61278,37.64603],[127.60622,37.65079],[127.60219,37.65153],[127.59882,37.64688],[127.58486,37.6423],[127.58349,37.63559],[127.58065,37.6334],[127.57142,37.632],[127.56468,37.63316],[127.5594,37.6285],[127.54826,37.63321],[127.54717,37.63736],[127.53794,37.64148],[127.53568,37.64502],[127.53566,37.65069],[127.54385,37.65173],[127.54622,37.65786],[127.55282,37.66153],[127.54905,37.66861],[127.55085,37.68834],[127.5558,37.70436],[127.55825,37.70732],[127.55805,37.71391],[127.56181,37.71963],[127.55935,37.72493],[127.55991,37.72858],[127.5643,37.72785],[127.56755,37.73269],[127.57365,37.73267],[127.58921,37.7254],[127.59348,37.72122],[127.59435,37.71803],[127.59154,37.71299],[127.59419,37.70474],[127.59617,37.70319],[127.60571,37.70444],[127.60956,37.70066],[127.61058,37.69484],[127.60794,37.68766],[127.60788,37.67686],[127.61266,37.67564],[127.62303,37.68123],[127.62335,37.69122],[127.62609,37.69477],[127.63562,37.69828],[127.63817,37.6985],[127.64149,37.69463],[127.64261,37.68034],[127.64523,37.67888],[127.6495,37.68025],[127.65216,37.6859],[127.65103,37.69828],[127.65272,37.69952],[127.65839,37.70005],[127.67033,37.69569],[127.67271,37.69695],[127.67783,37.69515],[127.68414,37.70192],[127.67952,37.71137],[127.68746,37.71628],[127.70099,37.71655],[127.70104,37.71908],[127.70749,37.72123],[127.71177,37.72758],[127.72175,37.73338],[127.7273,37.73211],[127.74299,37.74164],[127.74904,37.74026],[127.75127,37.7342],[127.75472,37.73246],[127.75942,37.73633],[127.77146,37.73772],[127.78181,37.74232],[127.78773,37.73886],[127.78749,37.73668],[127.79491,37.73502],[127.80076,37.7376],[127.80176,37.74184],[127.80631,37.74259],[127.80671,37.74633],[127.8139,37.74837],[127.81979,37.74717],[127.8271,37.74127],[127.83325,37.74188],[127.83599,37.74567],[127.84481,37.74946],[127.84524,37.75217],[127.84031,37.75619],[127.84812,37.75843],[127.85486,37.7634],[127.85645,37.76936],[127.85181,37.77719],[127.8466,37.78077],[127.84324,37.78969],[127.83733,37.79042],[127.82489,37.79825],[127.82716,37.80864],[127.82501,37.81569],[127.82761,37.82046],[127.82558,37.82434],[127.82079,37.8253],[127.81362,37.83329],[127.81548,37.84099],[127.82213,37.84566],[127.82519,37.8437],[127.83227,37.84364],[127.83633,37.84001],[127.84826,37.83563],[127.86931,37.83656],[127.8716,37.83744],[127.87272,37.84462],[127.8782,37.84949],[127.87651,37.85649],[127.88075,37.86069],[127.89067,37.86312],[127.90832,37.85544],[127.90567,37.84941],[127.91849,37.84422],[127.92536,37.83701],[127.92927,37.82771],[127.93279,37.82636],[127.93523,37.82851],[127.93705,37.83558],[127.94412,37.83835],[127.9461,37.84108],[127.9456,37.84578],[127.94297,37.84772],[127.94469,37.85301],[127.95753,37.87378],[127.97278,37.88248],[127.97001,37.89266],[127.97105,37.89869],[127.97964,37.90816],[127.98633,37.91231],[127.98448,37.91393],[127.98363,37.92342],[127.99292,37.9309],[127.99511,37.9412],[128.00122,37.93727],[128.01272,37.93832],[128.01614,37.94269],[128.02723,37.94477]]]]}},{"type":"Feature","properties":{"code":"32320","name":"횡성군","slug":"hoengseong-gun","wide":"gangwon","center":[128.04482,37.49108]},"geometry":{"type":"MultiPolygon","coordinates":[[[[128.13783,37.67921],[128.13951,37.67619],[128.14617,37.67249],[128.15256,37.65914],[128.15424,37.66169],[128.1641,37.6647],[128.16591,37.65929],[128.18577,37.64964],[128.18651,37.64441],[128.19956,37.65167],[128.20872,37.64907],[128.22766,37.63002],[128.23583,37.62522],[128.2539,37.62737],[128.27449,37.62078],[128.28304,37.62056],[128.27938,37.61054],[128.28081,37.60541],[128.28599,37.60187],[128.28011,37.59854],[128.27929,37.59187],[128.28167,37.58648],[128.28476,37.58541],[128.28433,37.57831],[128.29089,37.57308],[128.29486,37.56563],[128.29565,37.55797],[128.29786,37.555],[128.29431,37.54397],[128.30227,37.53796],[128.29958,37.5344],[128.30199,37.53037],[128.30082,37.52409],[128.29632,37.51784],[128.29756,37.51183],[128.29099,37.51124],[128.28982,37.507],[128.28571,37.50703],[128.28287,37.50391],[128.27682,37.50252],[128.26386,37.48463],[128.24353,37.47972],[128.24458,37.46919],[128.24667,37.46622],[128.24475,37.45453],[128.24628,37.44599],[128.24865,37.44103],[128.25773,37.4385],[128.2562,37.42958],[128.25409,37.42796],[128.25788,37.42403],[128.2592,37.41688],[128.26548,37.40844],[128.25915,37.40507],[128.25379,37.39324],[128.2447,37.39562],[128.23618,37.38794],[128.22075,37.39423],[128.21395,37.39286],[128.20811,37.39499],[128.20061,37.39097],[128.19346,37.39032],[128.18503,37.39254],[128.17981,37.38723],[128.18119,37.38186],[128.17804,37.37506],[128.18467,37.35911],[128.18306,37.35524],[128.18654,37.34143],[128.17475,37.33762],[128.16803,37.33805],[128.17288,37.32706],[128.16863,37.32244],[128.15841,37.32363],[128.15268,37.32727],[128.14844,37.3248],[128.14183,37.32486],[128.12946,37.32847],[128.11995,37.32363],[128.11588,37.31823],[128.11451,37.31131],[128.11802,37.30404],[128.10857,37.29878],[128.10452,37.30091],[128.08654,37.30136],[128.07365,37.30439],[128.06811,37.3085],[128.05198,37.30846],[128.04831,37.31104],[128.03971,37.31956],[128.03368,37.33248],[128.0394,37.34352],[128.03686,37.34661],[128.03837,37.35407],[128.0458,37.35926],[128.04616,37.36341],[128.04965,37.36601],[128.05556,37.364],[128.06004,37.36601],[128.06548,37.36441],[128.07268,37.36742],[128.07679,37.37374],[128.07447,37.37965],[128.07652,37.38156],[128.07631,37.38462],[128.0719,37.39187],[128.07882,37.39997],[128.08815,37.40119],[128.09743,37.40636],[128.09605,37.41024],[128.08858,37.41429],[128.08424,37.42673],[128.07118,37.43085],[128.06346,37.43592],[128.06261,37.44077],[128.05893,37.44513],[128.04272,37.44332],[128.03837,37.44712],[128.03358,37.44637],[128.02741,37.44859],[128.0164,37.44586],[128.01386,37.44645],[128.01202,37.44977],[128.00748,37.45093],[128.00262,37.45684],[127.9925,37.4564],[127.98318,37.4594],[127.97427,37.45763],[127.96498,37.45088],[127.96358,37.45355],[127.9493,37.45444],[127.93901,37.47555],[127.93697,37.47629],[127.93794,37.48281],[127.93289,37.48705],[127.93246,37.49046],[127.93573,37.49242],[127.93967,37.50115],[127.92915,37.50691],[127.91875,37.49797],[127.91913,37.49287],[127.90969,37.48644],[127.90535,37.47268],[127.89587,37.47235],[127.89708,37.46865],[127.88895,37.46619],[127.88423,37.46777],[127.88452,37.4702],[127.87699,37.46692],[127.87465,37.45501],[127.87093,37.45342],[127.86565,37.44695],[127.86595,37.44014],[127.86339,37.43625],[127.86509,37.43196],[127.86394,37.42533],[127.87078,37.4176],[127.868,37.39963],[127.8565,37.39865],[127.85105,37.39551],[127.84764,37.40079],[127.85127,37.40858],[127.84002,37.43382],[127.8345,37.434],[127.81983,37.44658],[127.81344,37.44527],[127.8105,37.44139],[127.79993,37.4387],[127.79839,37.44259],[127.79938,37.45177],[127.79627,37.46304],[127.80071,37.46786],[127.79979,37.47238],[127.78958,37.4748],[127.78217,37.48168],[127.78019,37.48865],[127.77607,37.48854],[127.77469,37.49175],[127.76003,37.49289],[127.7599,37.50327],[127.76544,37.50276],[127.77179,37.50519],[127.78112,37.51306],[127.7855,37.51331],[127.78879,37.51855],[127.79577,37.52417],[127.79634,37.52858],[127.80647,37.53117],[127.80623,37.53492],[127.80958,37.53786],[127.82891,37.53713],[127.83363,37.53921],[127.84202,37.5389],[127.84595,37.54409],[127.84514,37.54773],[127.84986,37.55348],[127.8552,37.55399],[127.85955,37.55772],[127.86627,37.5563],[127.87374,37.55745],[127.87241,37.56217],[127.88415,37.57127],[127.88427,37.57534],[127.88902,37.5769],[127.88907,37.58093],[127.89379,37.58508],[127.89263,37.59721],[127.90752,37.59842],[127.92261,37.6057],[127.927,37.60415],[127.93319,37.60982],[127.94524,37.60878],[127.95122,37.61114],[127.9592,37.62563],[127.96749,37.62694],[127.97121,37.63808],[127.97708,37.63624],[127.97928,37.63185],[127.99244,37.62771],[128.01165,37.6265],[128.01421,37.62369],[128.01444,37.61472],[128.02012,37.61317],[128.03113,37.62223],[128.04996,37.62761],[128.04998,37.63104],[128.06462,37.63542],[128.06707,37.64101],[128.07458,37.64413],[128.07954,37.64918],[128.09328,37.65308],[128.10408,37.64978],[128.10938,37.65142],[128.11412,37.65454],[128.1081,37.65624],[128.10559,37.65941],[128.11247,37.66488],[128.11168,37.67149],[128.11419,37.67472],[128.11872,37.67862],[128.12606,37.67747],[128.13425,37.68012],[128.13783,37.67921]]]]}},{"type":"Feature","properties":{"code":"32330","name":"영월군","slug":"yeongwol-gun","wide":"gangwon","center":[128.49081,37.20101]},"geometry":{"type":"MultiPolygon","coordinates":[[[[128.27483,37.40741],[128.28282,37.40666],[128.29327,37.40213],[128.29341,37.39678],[128.29751,37.3887],[128.30701,37.38683],[128.31685,37.37792],[128.31942,37.37965],[128.32594,37.37807],[128.32711,37.37565],[128.32062,37.36634],[128.31648,37.35349],[128.32277,37.34374],[128.32115,37.33921],[128.32352,37.33372],[128.32448,37.32137],[128.33038,37.32261],[128.34313,37.31171],[128.35759,37.30857],[128.36382,37.29911],[128.37107,37.29438],[128.37134,37.29154],[128.38091,37.28869],[128.39715,37.29727],[128.40609,37.29401],[128.40885,37.29466],[128.4081,37.29941],[128.40566,37.3016],[128.40663,37.30542],[128.41076,37.30873],[128.40735,37.3113],[128.40469,37.32085],[128.41196,37.33038],[128.41121,37.33409],[128.41396,37.33939],[128.41899,37.34337],[128.44402,37.33693],[128.4487,37.33762],[128.45282,37.33569],[128.45401,37.3321],[128.46303,37.32418],[128.46471,37.31935],[128.46129,37.31265],[128.46247,37.30849],[128.48135,37.30259],[128.49669,37.3034],[128.50088,37.28929],[128.51982,37.28762],[128.52902,37.29248],[128.53593,37.28388],[128.55253,37.28919],[128.55942,37.2861],[128.56453,37.27927],[128.57474,37.27972],[128.579,37.27116],[128.57602,37.26828],[128.56826,37.27088],[128.56486,37.25845],[128.56588,37.25326],[128.57674,37.24511],[128.57561,37.23576],[128.57735,37.22227],[128.57921,37.22002],[128.58621,37.22115],[128.60023,37.21278],[128.60437,37.21828],[128.61612,37.21696],[128.61926,37.21863],[128.62252,37.21339],[128.61827,37.20656],[128.62298,37.20081],[128.63348,37.19662],[128.63552,37.18778],[128.64207,37.1824],[128.6465,37.18183],[128.6603,37.18677],[128.66817,37.18552],[128.67676,37.18707],[128.69439,37.18457],[128.69918,37.19001],[128.70968,37.19079],[128.71603,37.1956],[128.72528,37.19845],[128.73189,37.19766],[128.73797,37.20455],[128.74876,37.21195],[128.75431,37.21158],[128.76829,37.20316],[128.79703,37.19601],[128.81514,37.18492],[128.82025,37.17628],[128.82642,37.17471],[128.83349,37.17573],[128.84258,37.16714],[128.86486,37.16922],[128.87202,37.16731],[128.88564,37.16847],[128.89188,37.16059],[128.89317,37.15209],[128.90053,37.14708],[128.894,37.14623],[128.88818,37.14107],[128.88697,37.13429],[128.88881,37.12419],[128.87615,37.11459],[128.86932,37.11212],[128.86996,37.10779],[128.87528,37.10819],[128.8788,37.10447],[128.88741,37.10171],[128.88856,37.09171],[128.88565,37.08936],[128.885,37.08403],[128.8756,37.07847],[128.87482,37.07547],[128.8767,37.07183],[128.88839,37.06169],[128.89876,37.06666],[128.90512,37.06597],[128.91032,37.06832],[128.91042,37.06613],[128.89807,37.0576],[128.89642,37.04452],[128.88927,37.04939],[128.87854,37.05326],[128.87684,37.04608],[128.87248,37.04395],[128.86365,37.0487],[128.84687,37.05161],[128.83595,37.06594],[128.83167,37.0674],[128.83208,37.07508],[128.82938,37.07846],[128.81943,37.07703],[128.81257,37.07871],[128.80787,37.076],[128.79997,37.07897],[128.80153,37.08435],[128.79942,37.08694],[128.78575,37.08791],[128.78028,37.09234],[128.77359,37.08751],[128.77784,37.08328],[128.77781,37.07971],[128.77046,37.07531],[128.76839,37.06781],[128.76536,37.06403],[128.75801,37.06983],[128.75655,37.06863],[128.75232,37.05593],[128.75519,37.05016],[128.76142,37.04444],[128.76254,37.03786],[128.75455,37.03196],[128.75376,37.02783],[128.75098,37.0281],[128.73462,37.04023],[128.71867,37.04375],[128.71275,37.04265],[128.7091,37.03936],[128.7004,37.04083],[128.68907,37.05305],[128.68288,37.05314],[128.67565,37.05885],[128.65786,37.06083],[128.65484,37.06515],[128.62985,37.07412],[128.6273,37.07747],[128.62828,37.08133],[128.62264,37.0874],[128.6064,37.07667],[128.60101,37.07887],[128.60162,37.08306],[128.59504,37.08154],[128.59185,37.07816],[128.58173,37.08167],[128.57441,37.08132],[128.57073,37.08597],[128.5617,37.09024],[128.55385,37.08659],[128.53813,37.08963],[128.53557,37.09187],[128.53414,37.09811],[128.53117,37.10001],[128.51417,37.10373],[128.51003,37.114],[128.49658,37.12576],[128.4911,37.12385],[128.47781,37.11015],[128.45805,37.11028],[128.4512,37.11209],[128.44532,37.10747],[128.43524,37.11127],[128.43555,37.10951],[128.43058,37.10675],[128.43012,37.10367],[128.4247,37.10246],[128.42259,37.10473],[128.42356,37.11224],[128.42105,37.1137],[128.41847,37.11981],[128.41104,37.12213],[128.40575,37.12699],[128.396,37.12859],[128.40079,37.13333],[128.40366,37.13962],[128.40087,37.14688],[128.3841,37.15798],[128.37646,37.15241],[128.36443,37.15643],[128.35972,37.15022],[128.35151,37.15741],[128.34259,37.15594],[128.34049,37.15809],[128.33709,37.15785],[128.33067,37.15034],[128.32747,37.15294],[128.32473,37.14807],[128.32172,37.14887],[128.30952,37.14493],[128.30636,37.13753],[128.29791,37.1341],[128.29267,37.1393],[128.28526,37.14242],[128.27993,37.14246],[128.27329,37.14763],[128.27059,37.15423],[128.2662,37.15603],[128.26444,37.16042],[128.26886,37.16164],[128.27375,37.16929],[128.28111,37.1734],[128.28968,37.17015],[128.29807,37.17166],[128.29562,37.18329],[128.30264,37.18662],[128.31049,37.18734],[128.31371,37.19333],[128.31339,37.19678],[128.32176,37.19555],[128.32244,37.19835],[128.32639,37.19729],[128.33218,37.2139],[128.33007,37.21622],[128.3209,37.21941],[128.31659,37.22339],[128.30914,37.21746],[128.28818,37.21507],[128.28404,37.2107],[128.2684,37.20792],[128.25979,37.21641],[128.25093,37.22958],[128.24431,37.22654],[128.23742,37.22932],[128.23302,37.22702],[128.22924,37.22757],[128.22031,37.2403],[128.21479,37.24184],[128.21465,37.24607],[128.21024,37.24579],[128.2078,37.24882],[128.21282,37.2627],[128.21169,37.27551],[128.21688,37.2778],[128.21412,37.28815],[128.20657,37.28783],[128.19608,37.29742],[128.18964,37.29326],[128.17882,37.29186],[128.17783,37.27952],[128.17328,37.27921],[128.16287,37.27378],[128.14256,37.27104],[128.12555,37.27522],[128.12141,37.27222],[128.11555,37.27248],[128.1142,37.2783],[128.11042,37.27924],[128.10716,37.29276],[128.10857,37.29878],[128.11802,37.30404],[128.11473,37.31005],[128.11493,37.31565],[128.11995,37.32363],[128.13154,37.32885],[128.13917,37.32506],[128.14844,37.3248],[128.15268,37.32727],[128.15841,37.32363],[128.16784,37.3221],[128.17282,37.32523],[128.17288,37.32706],[128.16803,37.33805],[128.17475,37.33762],[128.18615,37.34089],[128.18306,37.35524],[128.18467,37.35911],[128.17804,37.37506],[128.18119,37.38186],[128.17981,37.38723],[128.18523,37.3927],[128.19346,37.39032],[128.20061,37.39097],[128.20811,37.39499],[128.21395,37.39286],[128.22075,37.39423],[128.23618,37.38794],[128.2447,37.39562],[128.25379,37.39324],[128.26054,37.40649],[128.26548,37.40844],[128.27483,37.40741]]]]}},{"type":"Feature","properties":{"code":"32340","name":"평창군","slug":"pyeongchang-gun","wide":"gangwon","center":[128.5011,37.54482]},"geometry":{"type":"MultiPolygon","coordinates":[[[[128.31246,37.70318],[128.32337,37.69004],[128.3369,37.69555],[128.34616,37.6956],[128.35989,37.69935],[128.37608,37.69161],[128.39471,37.69134],[128.40443,37.68833],[128.40852,37.69079],[128.41549,37.68798],[128.43523,37.69239],[128.43593,37.69527],[128.44395,37.70073],[128.44614,37.71099],[128.44492,37.71766],[128.45781,37.73081],[128.46619,37.72849],[128.47113,37.73279],[128.4787,37.73466],[128.50962,37.73055],[128.51606,37.73221],[128.52355,37.73025],[128.52811,37.73351],[128.52406,37.74263],[128.52711,37.75281],[128.52406,37.75535],[128.52395,37.76401],[128.53323,37.77096],[128.53339,37.77886],[128.53959,37.78322],[128.54252,37.78834],[128.54376,37.80023],[128.55638,37.80946],[128.56909,37.80751],[128.58274,37.82139],[128.59996,37.80882],[128.59815,37.80438],[128.60094,37.80174],[128.60159,37.79377],[128.59979,37.79161],[128.60141,37.78133],[128.5988,37.77448],[128.60244,37.76935],[128.6104,37.76621],[128.61403,37.77054],[128.62363,37.76959],[128.62706,37.77274],[128.63047,37.77295],[128.63386,37.78027],[128.63734,37.78246],[128.64309,37.77732],[128.6557,37.77143],[128.66606,37.77026],[128.67085,37.76688],[128.67984,37.77303],[128.68485,37.77305],[128.69097,37.76972],[128.69837,37.77133],[128.7089,37.76805],[128.71153,37.76505],[128.7101,37.76373],[128.71358,37.76253],[128.7187,37.75614],[128.72236,37.75513],[128.72536,37.7495],[128.73188,37.7477],[128.73966,37.74163],[128.7438,37.74143],[128.74403,37.72879],[128.74567,37.72677],[128.74455,37.72344],[128.74848,37.71995],[128.74691,37.71835],[128.74783,37.7141],[128.75318,37.71071],[128.75456,37.69965],[128.7589,37.69233],[128.76071,37.68284],[128.76395,37.6807],[128.76511,37.67352],[128.75247,37.66978],[128.75189,37.66758],[128.74576,37.66503],[128.74367,37.65883],[128.73294,37.65348],[128.73177,37.64978],[128.73308,37.64614],[128.7287,37.6368],[128.73583,37.6287],[128.73656,37.60975],[128.72302,37.61132],[128.71665,37.60427],[128.71635,37.59338],[128.71207,37.59087],[128.71207,37.58864],[128.70344,37.59],[128.69892,37.59352],[128.69197,37.59204],[128.684,37.59384],[128.68144,37.57383],[128.67896,37.56986],[128.6675,37.5685],[128.66787,37.56135],[128.67285,37.55974],[128.67372,37.55658],[128.66819,37.55752],[128.64511,37.55313],[128.64037,37.54069],[128.63462,37.53971],[128.63244,37.54256],[128.63174,37.55025],[128.62843,37.55371],[128.62483,37.56555],[128.62517,37.57317],[128.61547,37.57551],[128.60091,37.56959],[128.5896,37.56028],[128.58836,37.55724],[128.58701,37.54803],[128.58939,37.54049],[128.58368,37.5361],[128.57717,37.51113],[128.57733,37.49883],[128.57533,37.49375],[128.58335,37.49086],[128.58446,37.4873],[128.58068,37.49025],[128.57352,37.48926],[128.57005,37.4977],[128.56487,37.50063],[128.55659,37.48903],[128.56343,37.46137],[128.55219,37.45645],[128.54628,37.4594],[128.5238,37.46359],[128.52201,37.4603],[128.51321,37.4551],[128.51311,37.44963],[128.51899,37.43445],[128.5139,37.42828],[128.51353,37.42284],[128.50632,37.41822],[128.50837,37.41026],[128.51393,37.40411],[128.53889,37.39969],[128.54043,37.39683],[128.54012,37.39274],[128.54531,37.38601],[128.54559,37.37978],[128.55328,37.37025],[128.55252,37.36105],[128.54899,37.35904],[128.54721,37.3549],[128.55606,37.35285],[128.56621,37.34531],[128.56659,37.33958],[128.56991,37.33587],[128.5686,37.33451],[128.57107,37.32658],[128.58461,37.30656],[128.57969,37.29873],[128.59635,37.28262],[128.59603,37.28003],[128.58427,37.27421],[128.58203,37.26672],[128.57591,37.26712],[128.579,37.27116],[128.57474,37.27972],[128.56453,37.27927],[128.55643,37.28852],[128.54939,37.28916],[128.53593,37.28388],[128.52902,37.29248],[128.51982,37.28762],[128.50088,37.28929],[128.49669,37.3034],[128.48135,37.30259],[128.46247,37.30849],[128.46115,37.31126],[128.46443,37.31654],[128.46377,37.32225],[128.45401,37.3321],[128.45282,37.33569],[128.42971,37.33982],[128.42717,37.34221],[128.42059,37.34366],[128.41396,37.33939],[128.41121,37.33409],[128.41196,37.33038],[128.40469,37.32085],[128.40735,37.3113],[128.41076,37.30873],[128.40663,37.30542],[128.40566,37.3016],[128.4081,37.29941],[128.40885,37.29466],[128.40609,37.29401],[128.39715,37.29727],[128.38091,37.28869],[128.37134,37.29154],[128.37107,37.29438],[128.36382,37.29911],[128.35759,37.30857],[128.34313,37.31171],[128.33038,37.32261],[128.32448,37.32137],[128.32352,37.33372],[128.32115,37.33921],[128.32277,37.34374],[128.31648,37.35349],[128.32062,37.36634],[128.32711,37.37565],[128.32594,37.37807],[128.31942,37.37965],[128.31685,37.37792],[128.30701,37.38683],[128.29751,37.3887],[128.29341,37.39678],[128.29327,37.40213],[128.28282,37.40666],[128.26548,37.40844],[128.2592,37.41688],[128.25831,37.42319],[128.25409,37.42796],[128.2562,37.42958],[128.25773,37.4385],[128.24865,37.44103],[128.24628,37.44599],[128.24475,37.45453],[128.24667,37.46622],[128.24458,37.46919],[128.24353,37.47972],[128.26386,37.48463],[128.27682,37.50252],[128.28287,37.50391],[128.28571,37.50703],[128.28982,37.507],[128.29099,37.51124],[128.29756,37.51183],[128.29632,37.51784],[128.30082,37.52409],[128.30199,37.53037],[128.29958,37.5344],[128.30227,37.53796],[128.29431,37.54397],[128.29786,37.555],[128.29565,37.55797],[128.29486,37.56563],[128.29089,37.57308],[128.28433,37.57831],[128.28476,37.58541],[128.28167,37.58648],[128.27929,37.59187],[128.28011,37.59854],[128.28599,37.60187],[128.28081,37.60541],[128.27938,37.61054],[128.28304,37.62056],[128.27449,37.62078],[128.2539,37.62737],[128.26631,37.63353],[128.27034,37.63266],[128.27151,37.6369],[128.27503,37.64025],[128.27311,37.65254],[128.27883,37.66396],[128.27658,37.66888],[128.29078,37.68164],[128.29507,37.6835],[128.2978,37.68763],[128.30445,37.6912],[128.31246,37.70318]]]]}},{"type":"Feature","properties":{"code":"32350","name":"정선군","slug":"jeongseon-gun","wide":"gangwon","center":[128.76353,37.40985]},"geometry":{"type":"MultiPolygon","coordinates":[[[[128.89071,37.58835],[128.89776,37.58669],[128.90102,37.57189],[128.90477,37.57037],[128.90574,37.55262],[128.91292,37.55285],[128.91622,37.54801],[128.92395,37.54706],[128.93141,37.54231],[128.93198,37.53938],[128.93726,37.53777],[128.94593,37.54084],[128.94925,37.53967],[128.95513,37.54144],[128.96123,37.54875],[128.96278,37.54316],[128.97338,37.53374],[128.96873,37.53023],[128.96776,37.52057],[128.96098,37.51258],[128.96185,37.50952],[128.96514,37.50541],[128.97252,37.50572],[128.97439,37.50344],[128.97002,37.49473],[128.97096,37.49266],[128.98596,37.49299],[128.98966,37.48451],[128.9857,37.48277],[128.9881,37.47932],[128.98471,37.47041],[128.97737,37.46862],[128.97378,37.46339],[128.96778,37.4605],[128.95762,37.44664],[128.95508,37.44942],[128.93711,37.45109],[128.93429,37.4476],[128.92756,37.44856],[128.92252,37.44627],[128.91874,37.44125],[128.91061,37.43634],[128.90279,37.43722],[128.89786,37.43029],[128.8979,37.41512],[128.89543,37.40956],[128.88973,37.40529],[128.88473,37.40625],[128.87072,37.4003],[128.86896,37.39145],[128.8654,37.39038],[128.86175,37.38353],[128.85791,37.38079],[128.85447,37.3667],[128.85163,37.36564],[128.84905,37.35607],[128.84942,37.35142],[128.84603,37.33973],[128.85176,37.34143],[128.86685,37.33896],[128.86998,37.3294],[128.87795,37.32381],[128.87013,37.31901],[128.86702,37.31486],[128.86752,37.31242],[128.85973,37.30723],[128.85847,37.30423],[128.85957,37.29847],[128.87113,37.29167],[128.87169,37.28445],[128.8771,37.27869],[128.88874,37.27593],[128.88763,37.27306],[128.88207,37.27185],[128.87995,37.26478],[128.88778,37.2599],[128.89695,37.25028],[128.9008,37.24291],[128.89865,37.23595],[128.90394,37.22803],[128.90546,37.21792],[128.91607,37.21185],[128.91555,37.20462],[128.91151,37.19689],[128.91486,37.18078],[128.91185,37.17726],[128.91775,37.16233],[128.91194,37.14926],[128.90053,37.14708],[128.89317,37.15209],[128.89188,37.16059],[128.88485,37.16884],[128.84258,37.16714],[128.83349,37.17573],[128.82642,37.17471],[128.82025,37.17628],[128.81514,37.18492],[128.79703,37.19601],[128.76829,37.20316],[128.75431,37.21158],[128.74675,37.21084],[128.73189,37.19766],[128.72528,37.19845],[128.71603,37.1956],[128.70968,37.19079],[128.69918,37.19001],[128.69439,37.18457],[128.67676,37.18707],[128.66817,37.18552],[128.6603,37.18677],[128.6465,37.18183],[128.64207,37.1824],[128.63628,37.18711],[128.63348,37.19662],[128.62298,37.20081],[128.61827,37.20656],[128.62252,37.21339],[128.61926,37.21863],[128.61612,37.21696],[128.60437,37.21828],[128.60023,37.21278],[128.58621,37.22115],[128.57884,37.22018],[128.57565,37.23515],[128.57674,37.24511],[128.56588,37.25326],[128.56596,37.26671],[128.56938,37.27108],[128.57591,37.26712],[128.58203,37.26672],[128.58427,37.27421],[128.59603,37.28003],[128.59635,37.28262],[128.57969,37.29873],[128.58461,37.30656],[128.57107,37.32658],[128.5686,37.33451],[128.56991,37.33587],[128.56659,37.33958],[128.56621,37.34531],[128.55606,37.35285],[128.54721,37.3549],[128.54899,37.35904],[128.55252,37.36105],[128.55328,37.37025],[128.54559,37.37978],[128.54531,37.38601],[128.54012,37.39274],[128.53889,37.39969],[128.51393,37.40411],[128.50837,37.41026],[128.50625,37.41704],[128.51353,37.42284],[128.5139,37.42828],[128.51899,37.43445],[128.51303,37.44997],[128.51493,37.45701],[128.52201,37.4603],[128.5238,37.46359],[128.54628,37.4594],[128.55219,37.45645],[128.56343,37.46137],[128.55659,37.48903],[128.56487,37.50063],[128.57005,37.4977],[128.57352,37.48926],[128.58068,37.49025],[128.58446,37.4873],[128.58335,37.49086],[128.57533,37.49375],[128.57733,37.49883],[128.57717,37.51113],[128.58252,37.53293],[128.58451,37.53722],[128.58763,37.53783],[128.58939,37.54049],[128.58701,37.54803],[128.5896,37.56028],[128.60091,37.56959],[128.61547,37.57551],[128.62517,37.57317],[128.62452,37.56764],[128.62718,37.55702],[128.63174,37.55025],[128.63244,37.54256],[128.63544,37.53968],[128.6419,37.54149],[128.6416,37.54519],[128.64511,37.55313],[128.66819,37.55752],[128.67372,37.55658],[128.67285,37.55974],[128.66787,37.56135],[128.6675,37.5685],[128.67648,37.57061],[128.67896,37.56986],[128.67888,37.56706],[128.68358,37.56341],[128.6835,37.55715],[128.68905,37.55255],[128.69405,37.54125],[128.7071,37.53219],[128.72086,37.52918],[128.72289,37.53489],[128.73241,37.54389],[128.73923,37.54767],[128.74237,37.54589],[128.74869,37.5469],[128.76201,37.5415],[128.78,37.54377],[128.79082,37.53922],[128.79296,37.53717],[128.79203,37.53276],[128.7937,37.52978],[128.79774,37.52762],[128.79762,37.51845],[128.81169,37.50993],[128.8145,37.50632],[128.81375,37.5033],[128.83049,37.51009],[128.83396,37.51314],[128.84042,37.51203],[128.84894,37.51558],[128.85012,37.51978],[128.8486,37.52117],[128.85426,37.5242],[128.85551,37.53729],[128.85937,37.54127],[128.86203,37.55363],[128.85918,37.5559],[128.85879,37.56122],[128.86255,37.56465],[128.86195,37.57046],[128.86379,37.57522],[128.86938,37.58011],[128.87354,37.58967],[128.87771,37.58849],[128.88555,37.59289],[128.88879,37.59223],[128.89071,37.58835]]]]}},{"type":"Feature","properties":{"code":"32360","name":"철원군","slug":"gongju-si","wide":"gangwon","center":[127.44668,38.24733]},"geometry":{"type":"MultiPolygon","coordinates":[[[[127.78816,38.34052],[127.79734,38.32306],[127.81445,38.31144],[127.82174,38.30379],[127.83947,38.3077],[127.8496,38.31425],[127.85795,38.31173],[127.87486,38.31689],[127.87945,38.31217],[127.88847,38.30877],[127.87517,38.29212],[127.86571,38.28721],[127.86214,38.28286],[127.85228,38.28465],[127.84462,38.28379],[127.83757,38.28729],[127.83082,38.28614],[127.81148,38.28796],[127.80654,38.28521],[127.80156,38.27715],[127.79421,38.27874],[127.78224,38.28806],[127.76041,38.28338],[127.75062,38.28334],[127.72887,38.27637],[127.72299,38.27021],[127.72085,38.26499],[127.71221,38.25932],[127.71307,38.25042],[127.70463,38.24811],[127.68965,38.24938],[127.68279,38.25233],[127.67197,38.26385],[127.65987,38.26383],[127.64695,38.25982],[127.64526,38.26173],[127.63597,38.26118],[127.62708,38.26385],[127.61969,38.26946],[127.61932,38.27345],[127.60945,38.27941],[127.6074,38.28473],[127.59943,38.28285],[127.59397,38.27792],[127.59631,38.27124],[127.59858,38.26989],[127.59733,38.26266],[127.59111,38.26037],[127.58926,38.25743],[127.579,38.25616],[127.57856,38.25383],[127.57007,38.24897],[127.56651,38.23829],[127.55874,38.23254],[127.54315,38.23094],[127.53908,38.22203],[127.54242,38.21681],[127.53671,38.21062],[127.53162,38.2106],[127.52451,38.20062],[127.50857,38.19915],[127.50379,38.18486],[127.50482,38.17484],[127.4907,38.15919],[127.49516,38.15297],[127.50222,38.14931],[127.50226,38.14509],[127.49597,38.13806],[127.49529,38.13299],[127.48957,38.12824],[127.48265,38.12461],[127.46751,38.12515],[127.45724,38.12274],[127.45289,38.11734],[127.4467,38.11889],[127.44454,38.12378],[127.44134,38.12434],[127.43286,38.11829],[127.42262,38.10677],[127.41341,38.10201],[127.40552,38.10295],[127.40345,38.11296],[127.38383,38.11513],[127.37861,38.11843],[127.37339,38.1146],[127.37184,38.1105],[127.36594,38.10693],[127.35634,38.10596],[127.35377,38.10413],[127.34813,38.10483],[127.33977,38.10129],[127.33696,38.08977],[127.32872,38.09438],[127.32067,38.09468],[127.31681,38.09835],[127.30953,38.11828],[127.30744,38.11863],[127.30489,38.11566],[127.28634,38.11463],[127.28288,38.11814],[127.28068,38.1254],[127.27581,38.12418],[127.27678,38.1288],[127.27484,38.13671],[127.28426,38.14685],[127.28641,38.15264],[127.28405,38.15949],[127.287,38.16139],[127.289,38.16946],[127.29619,38.17248],[127.29774,38.17628],[127.28825,38.17685],[127.28357,38.18285],[127.26644,38.18044],[127.26468,38.17852],[127.26647,38.17585],[127.26448,38.17174],[127.25883,38.16954],[127.25628,38.16317],[127.23939,38.1566],[127.23444,38.14714],[127.22634,38.14837],[127.22382,38.14704],[127.22437,38.14167],[127.22204,38.13743],[127.20826,38.14718],[127.20297,38.15348],[127.18893,38.16182],[127.18586,38.17388],[127.18901,38.18108],[127.18924,38.18823],[127.1819,38.1858],[127.17886,38.18772],[127.1697,38.19765],[127.17514,38.20548],[127.17117,38.21349],[127.15971,38.21955],[127.1618,38.22275],[127.16007,38.226],[127.16329,38.23848],[127.14892,38.24234],[127.14634,38.23933],[127.13573,38.23648],[127.13453,38.23365],[127.13116,38.23275],[127.1267,38.23409],[127.12305,38.2328],[127.1168,38.237],[127.11357,38.23682],[127.1099,38.24184],[127.11157,38.24739],[127.10807,38.2583],[127.10933,38.26576],[127.10809,38.26841],[127.11073,38.27098],[127.1014,38.27368],[127.10102,38.2756],[127.10452,38.27911],[127.10364,38.28059],[127.09504,38.28108],[127.09574,38.28372],[127.10269,38.28732],[127.11107,38.29566],[127.11987,38.29889],[127.12747,38.29898],[127.13215,38.31364],[127.13985,38.31574],[127.15232,38.30444],[127.15547,38.30403],[127.21123,38.31914],[127.21731,38.3212],[127.21917,38.3264],[127.24236,38.33313],[127.24855,38.3282],[127.2528,38.32845],[127.254,38.32676],[127.26075,38.32793],[127.2742,38.32557],[127.28546,38.32645],[127.29743,38.31652],[127.298,38.31813],[127.2995,38.31291],[127.30638,38.31736],[127.32409,38.31989],[127.32843,38.3183],[127.34478,38.32738],[127.34436,38.32866],[127.3553,38.32758],[127.36196,38.32406],[127.36356,38.32673],[127.38135,38.33715],[127.39017,38.33294],[127.40183,38.33356],[127.40941,38.33196],[127.41407,38.32846],[127.42755,38.3268],[127.43206,38.32161],[127.44579,38.31673],[127.45392,38.31821],[127.45099,38.3226],[127.45156,38.32654],[127.45822,38.32665],[127.46439,38.32096],[127.46535,38.31692],[127.47509,38.31644],[127.48162,38.3068],[127.48829,38.30655],[127.49657,38.29955],[127.51458,38.30387],[127.51734,38.3074],[127.52394,38.30905],[127.53268,38.31593],[127.5435,38.32075],[127.54977,38.32666],[127.57088,38.3315],[127.57792,38.33638],[127.58298,38.33527],[127.59161,38.33688],[127.59545,38.33425],[127.60905,38.33675],[127.61507,38.33388],[127.61735,38.32903],[127.61609,38.3264],[127.61939,38.3249],[127.62976,38.32551],[127.63352,38.32279],[127.63422,38.32536],[127.65294,38.32546],[127.65821,38.32353],[127.66362,38.32704],[127.67063,38.32338],[127.69142,38.32544],[127.69619,38.33359],[127.70041,38.33616],[127.71401,38.33431],[127.71435,38.32979],[127.71595,38.32947],[127.74517,38.34273],[127.7439,38.33972],[127.75104,38.33387],[127.76087,38.33816],[127.76934,38.33524],[127.78139,38.34893],[127.7854,38.34694],[127.78816,38.34052]]]]}},{"type":"Feature","properties":{"code":"32370","name":"화천군","slug":"hwacheon-gun","wide":"gangwon","center":[127.67413,38.12743]},"geometry":{"type":"MultiPolygon","coordinates":[[[[127.81765,38.28798],[127.83082,38.28614],[127.83882,38.2871],[127.84574,38.28359],[127.86263,38.28324],[127.8638,38.27666],[127.8601,38.2728],[127.85854,38.26341],[127.8534,38.25806],[127.85384,38.24569],[127.85608,38.24457],[127.85815,38.23521],[127.85266,38.23006],[127.85176,38.21837],[127.85434,38.21378],[127.85175,38.2089],[127.85856,38.20333],[127.86764,38.20519],[127.87816,38.19767],[127.8753,38.19124],[127.88125,38.16949],[127.87554,38.15896],[127.87768,38.15316],[127.87381,38.1392],[127.87688,38.13376],[127.87505,38.12711],[127.8762,38.11911],[127.88205,38.11873],[127.88783,38.1153],[127.88477,38.10983],[127.88826,38.09351],[127.90141,38.09054],[127.90776,38.08043],[127.90432,38.0749],[127.90435,38.07013],[127.91323,38.05765],[127.90267,38.0506],[127.88827,38.05017],[127.879,38.04734],[127.86725,38.05025],[127.85913,38.04998],[127.85516,38.05231],[127.84919,38.03626],[127.85081,38.03085],[127.85559,38.02862],[127.85415,38.02526],[127.8581,38.01882],[127.84985,38.01671],[127.8474,38.01432],[127.83981,38.01383],[127.83513,38.00962],[127.83038,38.00838],[127.8271,38.00078],[127.82031,38.00388],[127.81324,38.00367],[127.78821,37.99429],[127.78785,37.99828],[127.77916,38.01366],[127.77337,38.01431],[127.77517,38.01858],[127.77,38.02785],[127.76093,38.02985],[127.7583,38.03475],[127.75022,38.03544],[127.74725,38.03946],[127.74473,38.0377],[127.73803,38.0383],[127.73276,38.03564],[127.72892,38.03247],[127.72538,38.02514],[127.71353,38.02393],[127.70943,38.03233],[127.70022,38.0382],[127.68723,38.03433],[127.67844,38.03589],[127.67094,38.03484],[127.66537,38.03039],[127.65598,38.02734],[127.65412,38.02383],[127.64811,38.0334],[127.6489,38.04457],[127.65332,38.05091],[127.65199,38.05451],[127.64614,38.05661],[127.6412,38.05198],[127.63289,38.05005],[127.6251,38.05099],[127.61803,38.05718],[127.61252,38.05672],[127.6054,38.06105],[127.60776,38.07167],[127.59817,38.07686],[127.59684,38.0799],[127.58566,38.0802],[127.57349,38.08503],[127.56611,38.08386],[127.5667,38.07929],[127.56417,38.07168],[127.5666,38.06644],[127.56973,38.0667],[127.57654,38.06199],[127.57957,38.05577],[127.57411,38.05091],[127.57398,38.04712],[127.57864,38.03977],[127.56695,38.03192],[127.56385,38.02199],[127.54476,38.01953],[127.53988,38.00057],[127.53109,38.00239],[127.51237,38.00021],[127.5089,38.00131],[127.50392,37.99795],[127.49806,38.00128],[127.4974,38.00371],[127.47156,38.00645],[127.45753,38.01699],[127.45524,38.02521],[127.4562,38.02732],[127.45102,38.03809],[127.45291,38.04719],[127.44624,38.05121],[127.44672,38.05422],[127.44458,38.05726],[127.44674,38.07122],[127.44448,38.07478],[127.44708,38.08073],[127.4448,38.08798],[127.44517,38.09747],[127.44045,38.10883],[127.4335,38.11102],[127.43053,38.11537],[127.44134,38.12434],[127.44454,38.12378],[127.4467,38.11889],[127.45384,38.11744],[127.45417,38.12057],[127.45724,38.12274],[127.46751,38.12515],[127.48265,38.12461],[127.49529,38.13299],[127.49597,38.13806],[127.50182,38.14371],[127.5028,38.14849],[127.49516,38.15297],[127.4907,38.15919],[127.50482,38.17484],[127.50379,38.18486],[127.50857,38.19915],[127.52451,38.20062],[127.53162,38.2106],[127.53671,38.21062],[127.54242,38.21681],[127.53908,38.22203],[127.54315,38.23094],[127.55874,38.23254],[127.56651,38.23829],[127.57007,38.24897],[127.57856,38.25383],[127.579,38.25616],[127.58926,38.25743],[127.59111,38.26037],[127.59733,38.26266],[127.59858,38.26989],[127.59631,38.27124],[127.59397,38.27792],[127.59733,38.28159],[127.6074,38.28473],[127.6085,38.28046],[127.61453,38.27503],[127.61932,38.27345],[127.61969,38.26946],[127.62375,38.2658],[127.63455,38.26142],[127.6398,38.26255],[127.64814,38.25983],[127.65987,38.26383],[127.67197,38.26385],[127.68279,38.25233],[127.68965,38.24938],[127.70463,38.24811],[127.71307,38.25042],[127.71221,38.25932],[127.71936,38.26358],[127.72344,38.2708],[127.73289,38.27866],[127.73744,38.27799],[127.75062,38.28334],[127.76041,38.28338],[127.78224,38.28806],[127.79421,38.27874],[127.80156,38.27715],[127.80795,38.28649],[127.81765,38.28798]]]]}},{"type":"Feature","properties":{"code":"32380","name":"양구군","slug":"yanggu-gun","wide":"gangwon","center":[128.01827,38.17579]},"geometry":{"type":"MultiPolygon","coordinates":[[[[128.15853,38.32586],[128.16188,38.32079],[128.16491,38.32061],[128.17066,38.31573],[128.16821,38.31119],[128.16779,38.30236],[128.17133,38.29971],[128.16825,38.28892],[128.17239,38.28144],[128.16006,38.2689],[128.16103,38.26199],[128.15811,38.25867],[128.14691,38.25404],[128.14548,38.25014],[128.13812,38.24741],[128.13583,38.24436],[128.1296,38.24389],[128.12425,38.24089],[128.1247,38.23735],[128.11992,38.23291],[128.11913,38.22698],[128.11669,38.22505],[128.11724,38.21819],[128.12144,38.21365],[128.11326,38.20344],[128.10715,38.20126],[128.10476,38.19677],[128.099,38.1923],[128.09993,38.18908],[128.10548,38.18488],[128.10374,38.1829],[128.1041,38.17826],[128.09762,38.17504],[128.09697,38.16262],[128.08635,38.15222],[128.08987,38.1466],[128.09016,38.14179],[128.08778,38.13846],[128.09179,38.13605],[128.09351,38.13089],[128.10004,38.12981],[128.09814,38.12418],[128.10411,38.11502],[128.10495,38.10863],[128.10105,38.10581],[128.10131,38.10289],[128.09014,38.10116],[128.08804,38.09581],[128.09986,38.07848],[128.11297,38.07116],[128.11492,38.06446],[128.11388,38.05586],[128.11811,38.04756],[128.11273,38.04207],[128.11373,38.03702],[128.1032,38.02933],[128.09451,38.02837],[128.08864,38.03314],[128.08041,38.0342],[128.07904,38.03809],[128.07007,38.04365],[128.0691,38.04677],[128.06094,38.04727],[128.05898,38.03533],[128.05638,38.03109],[128.0619,38.01894],[128.0604,38.01509],[128.05546,38.01533],[128.05287,38.01825],[128.04512,38.02032],[128.03083,38.01398],[128.02494,38.01953],[128.01432,38.01932],[128.00774,38.01574],[128.00065,38.00528],[127.99579,38.00174],[127.98938,38.0038],[127.98382,38.0103],[127.98757,38.02264],[127.98543,38.02686],[127.96902,38.0309],[127.95543,38.03868],[127.95175,38.0382],[127.94701,38.03133],[127.94714,38.02258],[127.94493,38.01837],[127.9382,38.01422],[127.93447,38.01382],[127.93137,38.01789],[127.91027,38.02462],[127.90407,38.03033],[127.90186,38.03822],[127.90371,38.04185],[127.90375,38.05253],[127.91364,38.05854],[127.90435,38.07013],[127.90432,38.0749],[127.90776,38.08043],[127.90111,38.09088],[127.88826,38.09351],[127.88477,38.10983],[127.88783,38.1153],[127.88205,38.11873],[127.8762,38.11911],[127.87505,38.12711],[127.87688,38.13376],[127.87381,38.1392],[127.87768,38.15316],[127.87554,38.15896],[127.88125,38.16949],[127.8753,38.19124],[127.87816,38.19767],[127.86764,38.20519],[127.85856,38.20333],[127.85175,38.2089],[127.85434,38.21378],[127.85176,38.21837],[127.85266,38.23006],[127.85815,38.23521],[127.85608,38.24457],[127.85384,38.24569],[127.8534,38.25806],[127.85854,38.26341],[127.8601,38.2728],[127.8638,38.27666],[127.86327,38.28467],[127.87517,38.29212],[127.88847,38.30877],[127.89712,38.31278],[127.90398,38.30973],[127.90765,38.31096],[127.91491,38.31075],[127.91869,38.30875],[127.92679,38.30938],[127.93155,38.30639],[127.94223,38.30638],[127.94874,38.30441],[127.95822,38.30022],[127.96314,38.29364],[127.96692,38.29308],[127.97639,38.28668],[127.98247,38.28064],[127.9858,38.27348],[127.99176,38.27875],[128.00001,38.27803],[128.00256,38.27551],[128.01597,38.28989],[128.01297,38.29417],[128.01783,38.30483],[128.01821,38.31419],[128.03056,38.31514],[128.03244,38.31411],[128.03113,38.31121],[128.043,38.31156],[128.04466,38.31069],[128.04404,38.30749],[128.04915,38.30704],[128.07588,38.31181],[128.08735,38.31766],[128.09185,38.31457],[128.11299,38.3277],[128.12282,38.32609],[128.12785,38.32848],[128.14153,38.32431],[128.1549,38.32933],[128.15853,38.32586]]]]}},{"type":"Feature","properties":{"code":"32390","name":"인제군","slug":"inje-gun","wide":"gangwon","center":[128.26106,38.08819]},"geometry":{"type":"MultiPolygon","coordinates":[[[[128.22733,38.38785],[128.23361,38.38733],[128.23389,38.38485],[128.22964,38.38203],[128.22917,38.37897],[128.23368,38.37238],[128.23867,38.37629],[128.24852,38.37078],[128.25766,38.37275],[128.26201,38.37647],[128.26957,38.37615],[128.27224,38.37182],[128.27254,38.36569],[128.26896,38.35637],[128.26452,38.35161],[128.26818,38.34633],[128.26794,38.34015],[128.27087,38.33696],[128.27432,38.33551],[128.28211,38.34],[128.28746,38.34009],[128.29955,38.33384],[128.30904,38.33328],[128.3121,38.33059],[128.30861,38.32106],[128.31445,38.31002],[128.31512,38.30226],[128.32045,38.30025],[128.32146,38.29518],[128.32146,38.29092],[128.31881,38.28773],[128.31992,38.28011],[128.31777,38.27027],[128.31923,38.26607],[128.32621,38.26645],[128.33708,38.26312],[128.34773,38.2659],[128.35912,38.26567],[128.36846,38.23585],[128.3711,38.23749],[128.37033,38.24037],[128.37206,38.24265],[128.38656,38.24705],[128.39091,38.24619],[128.39417,38.23959],[128.39731,38.23956],[128.40388,38.24257],[128.41744,38.25454],[128.42482,38.25316],[128.43294,38.24242],[128.43771,38.24111],[128.43724,38.23029],[128.44023,38.2275],[128.44074,38.22293],[128.43774,38.21408],[128.44231,38.20372],[128.43845,38.19256],[128.42651,38.18915],[128.42114,38.17669],[128.43319,38.16861],[128.43848,38.1627],[128.43792,38.15487],[128.44306,38.1496],[128.46596,38.13692],[128.46582,38.12131],[128.46486,38.11921],[128.45807,38.12124],[128.45007,38.11516],[128.44042,38.11407],[128.43375,38.10948],[128.42772,38.10799],[128.41099,38.11124],[128.41028,38.09897],[128.40425,38.09607],[128.41036,38.08105],[128.40886,38.07665],[128.41021,38.07187],[128.41526,38.06191],[128.42559,38.04875],[128.43114,38.05224],[128.43502,38.05237],[128.44138,38.05806],[128.44926,38.05518],[128.4548,38.05564],[128.46011,38.05337],[128.46324,38.04915],[128.46886,38.05072],[128.47701,38.04824],[128.48617,38.05394],[128.49342,38.04861],[128.4965,38.04144],[128.50081,38.03807],[128.49859,38.02993],[128.50425,38.02018],[128.50256,38.01733],[128.50812,38.01226],[128.51357,38.01295],[128.51285,38.00473],[128.50796,37.99857],[128.50218,37.99492],[128.50029,37.98934],[128.50125,37.98613],[128.49648,37.98178],[128.49789,37.97628],[128.49601,37.97375],[128.49508,37.96406],[128.49204,37.96449],[128.48747,37.96116],[128.4773,37.96296],[128.47374,37.96145],[128.47195,37.95943],[128.47376,37.95673],[128.47284,37.95347],[128.46646,37.94751],[128.46754,37.94029],[128.46356,37.93567],[128.47513,37.92547],[128.4766,37.92215],[128.47495,37.91249],[128.47596,37.90646],[128.47346,37.90037],[128.47684,37.89651],[128.48177,37.89462],[128.47536,37.88529],[128.47073,37.88573],[128.46632,37.88096],[128.45875,37.87936],[128.44873,37.87342],[128.44423,37.86489],[128.44043,37.86398],[128.43171,37.8667],[128.42839,37.8751],[128.42153,37.88288],[128.41233,37.88469],[128.41287,37.87993],[128.40966,37.87215],[128.40272,37.86716],[128.40059,37.86124],[128.39715,37.8623],[128.3904,37.85885],[128.3824,37.85862],[128.37818,37.85234],[128.36614,37.84705],[128.36281,37.83863],[128.36636,37.83641],[128.36516,37.83356],[128.35356,37.83072],[128.34746,37.82629],[128.33607,37.82793],[128.32835,37.83388],[128.32012,37.8307],[128.31176,37.84101],[128.30758,37.84354],[128.30541,37.84959],[128.30689,37.85279],[128.30325,37.86012],[128.29785,37.86465],[128.29706,37.86781],[128.29107,37.8693],[128.28752,37.86486],[128.28494,37.86626],[128.27747,37.86518],[128.27308,37.86071],[128.26753,37.86101],[128.26293,37.85798],[128.26067,37.84996],[128.25611,37.8435],[128.2561,37.83962],[128.2426,37.83209],[128.23869,37.82524],[128.23471,37.82217],[128.22433,37.82051],[128.21204,37.81208],[128.2015,37.81623],[128.18661,37.82998],[128.18455,37.82999],[128.18011,37.83501],[128.18114,37.8428],[128.17819,37.84637],[128.1687,37.85125],[128.17169,37.85696],[128.16844,37.86279],[128.16883,37.87076],[128.17444,37.87923],[128.17426,37.88492],[128.1638,37.88771],[128.1608,37.89513],[128.14495,37.89286],[128.12305,37.89562],[128.10725,37.90012],[128.10155,37.89754],[128.0919,37.89808],[128.08261,37.90171],[128.07722,37.9067],[128.06442,37.91075],[128.04973,37.92197],[128.04549,37.92252],[128.04291,37.92637],[128.03941,37.92775],[128.03347,37.94103],[128.03011,37.94446],[128.0261,37.94552],[128.01614,37.94269],[128.01272,37.93832],[128.00122,37.93727],[127.98964,37.94521],[127.98728,37.95182],[127.97751,37.95707],[127.9845,37.96599],[127.98428,37.97703],[127.98179,37.9835],[127.98402,37.98876],[127.99156,37.99104],[127.99732,37.9905],[128.00664,37.99645],[128.0153,37.99664],[128.01878,38.00057],[128.01997,38.00614],[128.02508,38.0117],[128.04325,38.02006],[128.0604,38.01509],[128.0619,38.01894],[128.05638,38.03109],[128.05898,38.03533],[128.06094,38.04727],[128.0691,38.04677],[128.07007,38.04365],[128.07904,38.03809],[128.08041,38.0342],[128.08864,38.03314],[128.09637,38.02837],[128.1032,38.02933],[128.11235,38.03542],[128.11373,38.03702],[128.11273,38.04207],[128.11811,38.04756],[128.11388,38.05586],[128.11492,38.06446],[128.11297,38.07116],[128.10193,38.07655],[128.08885,38.09291],[128.08804,38.09581],[128.09014,38.10116],[128.10131,38.10289],[128.10105,38.10581],[128.10495,38.10863],[128.10411,38.11502],[128.09814,38.12418],[128.10004,38.12981],[128.09351,38.13089],[128.09179,38.13605],[128.08778,38.13846],[128.09016,38.14179],[128.08987,38.1466],[128.08635,38.15222],[128.09697,38.16262],[128.09762,38.17504],[128.1041,38.17826],[128.10374,38.1829],[128.10548,38.18488],[128.09993,38.18908],[128.099,38.1923],[128.10476,38.19677],[128.10715,38.20126],[128.11326,38.20344],[128.12144,38.21365],[128.11724,38.21819],[128.11669,38.22505],[128.11913,38.22698],[128.11992,38.23291],[128.1247,38.23735],[128.12425,38.24089],[128.1296,38.24389],[128.13583,38.24436],[128.13812,38.24741],[128.14548,38.25014],[128.14691,38.25404],[128.15811,38.25867],[128.16103,38.26199],[128.16006,38.2689],[128.17239,38.28144],[128.16825,38.28892],[128.17133,38.29971],[128.16779,38.30236],[128.16821,38.31119],[128.17068,38.31565],[128.15924,38.323],[128.1549,38.32933],[128.14153,38.32431],[128.12785,38.32848],[128.12282,38.32609],[128.11299,38.3277],[128.09185,38.31457],[128.08735,38.31766],[128.09455,38.32482],[128.11534,38.33662],[128.12416,38.33236],[128.13585,38.33301],[128.14094,38.33553],[128.14547,38.34277],[128.15775,38.34255],[128.15863,38.34691],[128.175,38.36425],[128.18428,38.3606],[128.19076,38.36791],[128.19198,38.37289],[128.20145,38.37502],[128.2071,38.37505],[128.21021,38.37014],[128.21245,38.37015],[128.21957,38.38512],[128.22615,38.38964],[128.22733,38.38785]]]]}},{"type":"Feature","properties":{"code":"32400","name":"고성군","slug":"goseong-gun","wide":"gangwon","center":[128.39505,38.37849]},"geometry":{"type":"MultiPolygon","coordinates":[[[[128.53541,38.3354],[128.53612,38.33406],[128.53183,38.33596],[128.53323,38.33716],[128.53541,38.3354]]],[[[128.3643,38.60277],[128.37205,38.59063],[128.38961,38.57381],[128.39447,38.57286],[128.39395,38.56877],[128.40195,38.56473],[128.40478,38.55536],[128.41084,38.55588],[128.41051,38.54716],[128.40506,38.54452],[128.41234,38.53498],[128.41187,38.53116],[128.41571,38.52916],[128.41858,38.5236],[128.42352,38.52269],[128.41934,38.51807],[128.41843,38.51285],[128.42099,38.50645],[128.42663,38.50374],[128.42453,38.50017],[128.43,38.49082],[128.43488,38.48693],[128.4385,38.4873],[128.43741,38.48095],[128.44033,38.47567],[128.44962,38.47128],[128.45005,38.4665],[128.46697,38.45009],[128.45917,38.44329],[128.46348,38.44723],[128.46182,38.44889],[128.45504,38.44521],[128.45408,38.43797],[128.45669,38.43157],[128.47619,38.40515],[128.4768,38.40206],[128.48351,38.39789],[128.50428,38.37672],[128.51069,38.37317],[128.5109,38.36987],[128.51282,38.36863],[128.50702,38.36357],[128.50979,38.35693],[128.5128,38.35625],[128.51136,38.35352],[128.51275,38.34725],[128.52096,38.33802],[128.52871,38.33249],[128.52813,38.32902],[128.53085,38.32764],[128.531,38.32487],[128.5285,38.32678],[128.52859,38.32127],[128.54049,38.31178],[128.5434,38.30692],[128.5512,38.30353],[128.54705,38.3001],[128.54866,38.2967],[128.54709,38.29125],[128.54879,38.28607],[128.55395,38.28072],[128.55388,38.27509],[128.559,38.27372],[128.56013,38.27131],[128.55644,38.27398],[128.55545,38.27129],[128.56026,38.25785],[128.57059,38.24853],[128.58493,38.23077],[128.58444,38.22871],[128.58032,38.22753],[128.57432,38.22179],[128.5337,38.21581],[128.52206,38.20755],[128.49924,38.20221],[128.49776,38.19793],[128.4921,38.1957],[128.48594,38.18852],[128.48112,38.18733],[128.4772,38.18889],[128.47711,38.1928],[128.46663,38.19862],[128.46266,38.19694],[128.45446,38.19812],[128.44109,38.20477],[128.43774,38.21408],[128.44074,38.22293],[128.44023,38.2275],[128.43724,38.23029],[128.43857,38.23916],[128.43771,38.24111],[128.43294,38.24242],[128.42482,38.25316],[128.41744,38.25454],[128.40388,38.24257],[128.39671,38.23935],[128.39417,38.23959],[128.39281,38.24389],[128.3884,38.24705],[128.37877,38.24539],[128.37647,38.243],[128.37166,38.24232],[128.3711,38.23749],[128.36846,38.23585],[128.35912,38.26567],[128.34773,38.2659],[128.33708,38.26312],[128.32621,38.26645],[128.31923,38.26607],[128.31777,38.27027],[128.31992,38.28011],[128.31881,38.28773],[128.32146,38.29092],[128.32146,38.29518],[128.32045,38.30025],[128.31512,38.30226],[128.31445,38.31002],[128.30861,38.32106],[128.3121,38.33059],[128.30904,38.33328],[128.29955,38.33384],[128.28746,38.34009],[128.28211,38.34],[128.27432,38.33551],[128.27087,38.33696],[128.26794,38.34015],[128.26818,38.34633],[128.26452,38.35161],[128.26896,38.35637],[128.27254,38.36569],[128.27224,38.37182],[128.26957,38.37615],[128.26201,38.37647],[128.25766,38.37275],[128.24852,38.37078],[128.23867,38.37629],[128.23368,38.37238],[128.23012,38.37653],[128.22964,38.38203],[128.23389,38.38485],[128.23361,38.38733],[128.22733,38.38785],[128.22615,38.38964],[128.22922,38.39684],[128.23473,38.40171],[128.24338,38.40268],[128.2461,38.40614],[128.24325,38.41088],[128.24578,38.41451],[128.25684,38.42131],[128.26421,38.42355],[128.27196,38.43143],[128.28344,38.43616],[128.28742,38.44959],[128.2947,38.45831],[128.29909,38.47159],[128.30189,38.47586],[128.30672,38.47858],[128.3014,38.4862],[128.30125,38.49068],[128.30575,38.49852],[128.30439,38.50261],[128.3132,38.51236],[128.31383,38.52247],[128.31069,38.53714],[128.31212,38.57009],[128.31492,38.57477],[128.31226,38.58089],[128.31443,38.58476],[128.3103,38.58968],[128.30972,38.59395],[128.31634,38.59379],[128.33215,38.60145],[128.33709,38.60169],[128.34243,38.61016],[128.35631,38.61369],[128.36018,38.60835],[128.3601,38.60489],[128.3643,38.60277]]]]}},{"type":"Feature","properties":{"code":"32410","name":"양양군","slug":"yangyang-gun","wide":"gangwon","center":[128.58998,37.99137]},"geometry":{"type":"MultiPolygon","coordinates":[[[[128.72544,38.02378],[128.73026,38.02134],[128.73618,38.02205],[128.73388,38.01513],[128.72927,38.01162],[128.7306,38.0071],[128.75517,37.98317],[128.76295,37.98129],[128.76436,37.97802],[128.76359,37.98016],[128.76065,37.97958],[128.75988,37.97554],[128.76151,37.97238],[128.76593,37.97153],[128.7631,37.97048],[128.76319,37.96631],[128.76905,37.96179],[128.76939,37.95791],[128.77674,37.95124],[128.78276,37.94675],[128.7862,37.9473],[128.78915,37.94538],[128.78555,37.94346],[128.7887,37.93555],[128.81,37.91753],[128.80343,37.91301],[128.7828,37.91426],[128.77796,37.91299],[128.77554,37.91012],[128.76242,37.90982],[128.7537,37.91225],[128.74643,37.90777],[128.74466,37.90421],[128.73894,37.90373],[128.73241,37.89988],[128.71857,37.90339],[128.71337,37.89875],[128.70881,37.89729],[128.70217,37.89841],[128.69124,37.89291],[128.68283,37.88991],[128.67634,37.88982],[128.66918,37.88582],[128.66682,37.88588],[128.66419,37.89078],[128.64777,37.89093],[128.64294,37.89489],[128.62436,37.88165],[128.62351,37.87496],[128.62077,37.87235],[128.60118,37.87071],[128.5977,37.86596],[128.59197,37.8656],[128.58818,37.86202],[128.57883,37.86279],[128.57376,37.86464],[128.57214,37.87052],[128.56681,37.87563],[128.55949,37.8756],[128.55746,37.88003],[128.54407,37.8872],[128.54101,37.89109],[128.53076,37.88895],[128.52522,37.88259],[128.51176,37.88006],[128.50593,37.88687],[128.49659,37.88485],[128.49393,37.88777],[128.48142,37.893],[128.48153,37.89508],[128.47684,37.89651],[128.47368,37.89998],[128.47596,37.90646],[128.47495,37.91249],[128.4766,37.92215],[128.47513,37.92547],[128.46356,37.93567],[128.46754,37.94029],[128.46646,37.94751],[128.47284,37.95347],[128.47376,37.95673],[128.47195,37.95943],[128.47374,37.96145],[128.4773,37.96296],[128.48747,37.96116],[128.49204,37.96449],[128.49508,37.96406],[128.49601,37.97375],[128.49789,37.97628],[128.49648,37.98178],[128.50125,37.98613],[128.50029,37.98934],[128.50218,37.99492],[128.50796,37.99857],[128.51285,38.00473],[128.51357,38.01295],[128.50812,38.01226],[128.50256,38.01733],[128.50425,38.02018],[128.49859,38.02993],[128.50081,38.03807],[128.4965,38.04144],[128.49342,38.04861],[128.48617,38.05394],[128.47701,38.04824],[128.46886,38.05072],[128.46324,38.04915],[128.46011,38.05337],[128.4548,38.05564],[128.44926,38.05518],[128.44138,38.05806],[128.43502,38.05237],[128.42525,38.049],[128.41526,38.06191],[128.41021,38.07187],[128.40886,38.07665],[128.41036,38.08105],[128.40425,38.09607],[128.41028,38.09897],[128.41099,38.11124],[128.42772,38.10799],[128.43375,38.10948],[128.44042,38.11407],[128.45007,38.11516],[128.45807,38.12124],[128.46724,38.11902],[128.49129,38.13649],[128.50048,38.13495],[128.52189,38.13732],[128.52987,38.13609],[128.53171,38.14244],[128.53545,38.14504],[128.53506,38.14855],[128.55985,38.14834],[128.57028,38.15433],[128.57116,38.16124],[128.58408,38.16162],[128.6034,38.15895],[128.60872,38.16128],[128.61068,38.15612],[128.60872,38.1505],[128.6126,38.14369],[128.62494,38.12888],[128.62999,38.12695],[128.6354,38.11658],[128.66271,38.09184],[128.66849,38.08975],[128.66491,38.09043],[128.67478,38.0809],[128.67298,38.0786],[128.67737,38.07428],[128.67629,38.06673],[128.69761,38.04506],[128.72544,38.02378]]]]}},{"type":"Feature","properties":{"code":"33020","name":"충주시","slug":"chungju-si","wide":"chungbuk","center":[127.9051,36.993]},"geometry":{"type":"MultiPolygon","coordinates":[[[[127.98242,36.81601],[127.98185,36.82343],[127.976,36.82371],[127.9717,36.82635],[127.97649,36.83692],[127.9669,36.85095],[127.96937,36.85935],[127.96269,36.86164],[127.95668,36.86843],[127.94546,36.8735],[127.94941,36.88287],[127.95189,36.88473],[127.95069,36.88662],[127.94561,36.88812],[127.93224,36.88757],[127.91773,36.88105],[127.9137,36.88567],[127.90359,36.88794],[127.90317,36.89355],[127.90068,36.8974],[127.89462,36.89224],[127.883,36.89031],[127.88151,36.89585],[127.86399,36.89623],[127.85505,36.90724],[127.84606,36.90925],[127.83793,36.91366],[127.84209,36.9174],[127.83996,36.91983],[127.843,36.92771],[127.83985,36.93003],[127.83568,36.93007],[127.83181,36.93538],[127.83294,36.93985],[127.82157,36.94344],[127.82022,36.94145],[127.80944,36.93958],[127.80716,36.94159],[127.8066,36.94595],[127.79983,36.94753],[127.79494,36.94591],[127.79163,36.93866],[127.78436,36.93771],[127.77558,36.93334],[127.76484,36.93978],[127.76236,36.94407],[127.76384,36.94633],[127.76257,36.94845],[127.75294,36.95794],[127.73928,36.95238],[127.7329,36.95366],[127.72995,36.95796],[127.72685,36.95905],[127.7163,36.95841],[127.70585,36.96579],[127.70208,36.97273],[127.69449,36.97497],[127.69413,36.97857],[127.68662,36.98147],[127.68632,36.98589],[127.67214,36.98586],[127.66844,36.9876],[127.66374,36.98358],[127.66914,36.98272],[127.66707,36.97866],[127.66179,36.97738],[127.6511,36.9828],[127.65369,36.98656],[127.65256,36.99169],[127.65505,37.00139],[127.65906,37.00346],[127.66552,37.00307],[127.65986,37.00811],[127.65629,37.01591],[127.66462,37.02319],[127.66429,37.03057],[127.67202,37.03466],[127.67198,37.04021],[127.68558,37.04733],[127.69116,37.05308],[127.68714,37.07129],[127.68292,37.07591],[127.68352,37.07814],[127.6866,37.08095],[127.69218,37.08133],[127.69344,37.08555],[127.69918,37.09159],[127.69816,37.0994],[127.70193,37.10304],[127.72051,37.11071],[127.72274,37.115],[127.72214,37.12081],[127.71202,37.12778],[127.70971,37.13517],[127.69453,37.14126],[127.69521,37.15124],[127.70427,37.15765],[127.70485,37.16752],[127.7169,37.18343],[127.7228,37.18157],[127.72641,37.18254],[127.72946,37.19234],[127.7325,37.1958],[127.73526,37.20807],[127.74351,37.21458],[127.74434,37.20725],[127.74891,37.19676],[127.7501,37.18589],[127.756,37.17085],[127.76549,37.15914],[127.78952,37.14341],[127.79291,37.14533],[127.80165,37.14426],[127.80694,37.14706],[127.81685,37.147],[127.82537,37.15226],[127.84739,37.15294],[127.85007,37.15418],[127.85323,37.16028],[127.85529,37.15995],[127.85588,37.15648],[127.8613,37.15535],[127.86196,37.16105],[127.87198,37.16434],[127.88657,37.16107],[127.8951,37.15619],[127.89889,37.1498],[127.90189,37.1522],[127.90408,37.16022],[127.90863,37.16712],[127.91505,37.16888],[127.92464,37.16453],[127.95505,37.16145],[127.96832,37.1562],[127.97115,37.15068],[127.97059,37.14215],[127.97692,37.14141],[127.9826,37.13119],[127.98663,37.13121],[127.9854,37.11244],[127.99918,37.10822],[128.00152,37.10044],[128.00388,37.09845],[128.01151,37.09955],[128.01267,37.10936],[128.01991,37.1179],[128.03715,37.11191],[128.04526,37.11571],[128.04849,37.10839],[128.04551,37.10598],[128.04736,37.1027],[128.05303,37.09703],[128.06309,37.09668],[128.05894,37.08946],[128.06067,37.08674],[128.0757,37.08434],[128.08526,37.07605],[128.08206,37.07079],[128.08579,37.06571],[128.08259,37.05904],[128.08377,37.05553],[128.08078,37.04842],[128.08449,37.04443],[128.08346,37.03895],[128.0888,37.03137],[128.08722,37.02782],[128.09044,37.02332],[128.08557,37.02],[128.08886,37.01795],[128.08635,37.01084],[128.07747,37.00634],[128.07619,37.00349],[128.07888,36.99634],[128.08402,36.99551],[128.08494,36.99043],[128.09007,36.9895],[128.09093,36.98555],[128.08647,36.96634],[128.0866,36.95097],[128.08486,36.94774],[128.07512,36.95003],[128.06,36.96017],[128.04035,36.95439],[128.04315,36.95096],[128.04303,36.93968],[128.05864,36.9318],[128.0625,36.91997],[128.07271,36.91327],[128.07225,36.91101],[128.06626,36.90943],[128.06812,36.90503],[128.06631,36.89387],[128.05907,36.88748],[128.06049,36.88504],[128.05543,36.88256],[128.05094,36.87219],[128.04552,36.8705],[128.04401,36.86253],[128.0386,36.85981],[128.03558,36.85503],[128.03684,36.85174],[128.05523,36.84438],[128.06195,36.83792],[128.06881,36.8453],[128.08713,36.85153],[128.09143,36.84918],[128.09392,36.83686],[128.09752,36.83354],[128.11071,36.83016],[128.12653,36.83395],[128.13357,36.8328],[128.13398,36.82844],[128.12988,36.82515],[128.11845,36.82149],[128.10988,36.82147],[128.10708,36.80731],[128.09296,36.80286],[128.0935,36.79678],[128.08383,36.7993],[128.08537,36.8042],[128.06736,36.81677],[128.05924,36.81639],[128.04725,36.82223],[128.03901,36.82141],[128.03547,36.82495],[128.02404,36.82599],[128.02303,36.81312],[128.01816,36.80827],[128.01158,36.80679],[127.99779,36.81294],[127.99259,36.81267],[127.98242,36.81601]]]]}},{"type":"Feature","properties":{"code":"33030","name":"제천시","slug":"jecheon-si","wide":"chungbuk","center":[128.13919,37.07499]},"geometry":{"type":"MultiPolygon","coordinates":[[[[127.98141,37.25688],[127.98694,37.25784],[127.99423,37.25357],[127.999,37.25486],[128.00797,37.25212],[128.01259,37.24769],[128.01826,37.24571],[128.02302,37.22563],[128.03122,37.22382],[128.03284,37.22012],[128.03875,37.21604],[128.03308,37.21081],[128.0283,37.20232],[128.03224,37.19804],[128.03264,37.19312],[128.0372,37.18928],[128.04107,37.18899],[128.04377,37.19089],[128.04981,37.18958],[128.06047,37.19409],[128.07202,37.19449],[128.07431,37.19309],[128.1087,37.20567],[128.11417,37.21305],[128.11551,37.22027],[128.12236,37.2252],[128.12151,37.22933],[128.12532,37.23454],[128.12957,37.23375],[128.1329,37.2298],[128.14055,37.22955],[128.14232,37.22434],[128.15086,37.22074],[128.15416,37.21586],[128.15802,37.21631],[128.16448,37.21346],[128.17307,37.21906],[128.1741,37.23261],[128.20118,37.24897],[128.2078,37.24882],[128.21024,37.24579],[128.21465,37.24607],[128.21479,37.24184],[128.22031,37.2403],[128.22924,37.22757],[128.23302,37.22702],[128.23742,37.22932],[128.24431,37.22654],[128.25093,37.22958],[128.25979,37.21641],[128.2684,37.20792],[128.28404,37.2107],[128.28818,37.21507],[128.30914,37.21746],[128.31659,37.22339],[128.32006,37.21986],[128.33218,37.2139],[128.32639,37.19729],[128.32244,37.19835],[128.32176,37.19555],[128.31339,37.19678],[128.31371,37.19333],[128.31049,37.18734],[128.30264,37.18662],[128.29562,37.18329],[128.29807,37.17166],[128.28968,37.17015],[128.28111,37.1734],[128.27375,37.16929],[128.26886,37.16164],[128.26444,37.16042],[128.2662,37.15603],[128.27059,37.15423],[128.27226,37.14894],[128.27759,37.14416],[128.29267,37.1393],[128.29611,37.13422],[128.29834,37.13419],[128.30346,37.12894],[128.30419,37.11731],[128.30838,37.1145],[128.30895,37.1119],[128.30383,37.10033],[128.29395,37.09807],[128.28711,37.10218],[128.2821,37.10893],[128.28051,37.10812],[128.27778,37.11077],[128.2776,37.11581],[128.27085,37.11589],[128.26736,37.11353],[128.26694,37.10864],[128.26287,37.10746],[128.25637,37.10146],[128.26153,37.09566],[128.26233,37.09029],[128.2695,37.08756],[128.2623,37.08279],[128.25521,37.08203],[128.24925,37.07511],[128.24679,37.07692],[128.23941,37.0736],[128.23681,37.06542],[128.22537,37.06234],[128.2219,37.05609],[128.21786,37.05434],[128.22107,37.04957],[128.21898,37.04584],[128.21999,37.0416],[128.21712,37.03739],[128.22443,37.03431],[128.22505,37.02721],[128.22805,37.02448],[128.23991,37.02412],[128.25607,37.00554],[128.2576,37.00015],[128.25391,36.99748],[128.25851,36.99333],[128.25702,36.98473],[128.26159,36.96767],[128.26569,36.9611],[128.25966,36.95485],[128.2645,36.9523],[128.26353,36.94949],[128.25986,36.94878],[128.25288,36.94269],[128.24737,36.94464],[128.24483,36.94186],[128.24702,36.93788],[128.23635,36.93362],[128.23672,36.91661],[128.2462,36.90497],[128.2438,36.89097],[128.25092,36.88472],[128.24408,36.8803],[128.2395,36.8651],[128.23466,36.86283],[128.2344,36.85468],[128.23871,36.85018],[128.23702,36.84535],[128.21366,36.84955],[128.21125,36.8469],[128.21072,36.84243],[128.21451,36.83485],[128.21732,36.81937],[128.21537,36.812],[128.20717,36.81242],[128.19368,36.81712],[128.1848,36.81663],[128.17132,36.8221],[128.16263,36.82099],[128.15313,36.82244],[128.149,36.82863],[128.14422,36.83017],[128.14178,36.83334],[128.12216,36.83386],[128.11071,36.83016],[128.09759,36.83351],[128.09392,36.83686],[128.09143,36.84918],[128.08713,36.85153],[128.06881,36.8453],[128.06195,36.83792],[128.05523,36.84438],[128.03684,36.85174],[128.03589,36.85588],[128.0386,36.85981],[128.04401,36.86253],[128.04552,36.8705],[128.05094,36.87219],[128.05543,36.88256],[128.06049,36.88504],[128.05907,36.88748],[128.06631,36.89387],[128.06812,36.90503],[128.06626,36.90943],[128.07225,36.91101],[128.07271,36.91327],[128.0625,36.91997],[128.05864,36.9318],[128.04303,36.93968],[128.04315,36.95096],[128.04035,36.95439],[128.06,36.96017],[128.07512,36.95003],[128.08486,36.94774],[128.0866,36.95097],[128.08647,36.96634],[128.09093,36.98555],[128.09007,36.9895],[128.08494,36.99043],[128.08402,36.99551],[128.07888,36.99634],[128.07619,37.00349],[128.07747,37.00634],[128.08635,37.01084],[128.08886,37.01795],[128.08557,37.02],[128.09044,37.02332],[128.08722,37.02782],[128.0888,37.03137],[128.08346,37.03895],[128.08449,37.04443],[128.08078,37.04842],[128.08377,37.05553],[128.08259,37.05904],[128.08579,37.06571],[128.08206,37.07079],[128.08531,37.07588],[128.0757,37.08434],[128.06067,37.08674],[128.05894,37.08946],[128.06309,37.09668],[128.05303,37.09703],[128.04736,37.1027],[128.04551,37.10598],[128.04849,37.10839],[128.04526,37.11571],[128.03715,37.11191],[128.01991,37.1179],[128.01267,37.10936],[128.01151,37.09955],[128.00388,37.09845],[128.00152,37.10044],[127.99918,37.10822],[127.9854,37.11244],[127.98663,37.13121],[127.9826,37.13119],[127.97692,37.14141],[127.97059,37.14215],[127.97115,37.15068],[127.96832,37.1562],[127.95505,37.16145],[127.94265,37.16188],[127.9393,37.16391],[127.93403,37.16333],[127.92633,37.16553],[127.9273,37.16978],[127.93363,37.1758],[127.9326,37.18237],[127.93626,37.18877],[127.93296,37.19308],[127.93092,37.20113],[127.93247,37.20699],[127.9271,37.22015],[127.92246,37.22215],[127.92172,37.22538],[127.92662,37.2316],[127.93888,37.24074],[127.94519,37.24056],[127.95268,37.24792],[127.96455,37.25101],[127.96974,37.2557],[127.9799,37.25833],[127.98141,37.25688]]]]}},{"type":"Feature","properties":{"code":"33041","name":"청주시상당구","slug":"cheongjusisangdanggu","wide":"chungbuk","center":[127.58639,36.58554]},"geometry":{"type":"MultiPolygon","coordinates":[[[[127.67895,36.71795],[127.68376,36.71734],[127.68689,36.72049],[127.69269,36.71207],[127.70145,36.71024],[127.7022,36.70378],[127.71373,36.69522],[127.71399,36.68992],[127.72487,36.6819],[127.72715,36.68251],[127.72498,36.67525],[127.71251,36.66763],[127.71028,36.66277],[127.71229,36.6572],[127.70936,36.65404],[127.71268,36.65033],[127.72337,36.6513],[127.72585,36.64468],[127.73477,36.63965],[127.7381,36.64128],[127.74003,36.63316],[127.74998,36.62537],[127.75025,36.62188],[127.76463,36.61305],[127.76949,36.60399],[127.76884,36.59421],[127.74586,36.58525],[127.74102,36.59126],[127.73734,36.59262],[127.73649,36.60002],[127.72874,36.60231],[127.72725,36.60105],[127.71381,36.60202],[127.70966,36.59606],[127.69461,36.58849],[127.68704,36.59206],[127.68053,36.59239],[127.67674,36.59668],[127.66862,36.59454],[127.66851,36.59845],[127.66545,36.60241],[127.65401,36.60036],[127.65238,36.60486],[127.64625,36.60659],[127.64052,36.60161],[127.63567,36.60023],[127.63017,36.59362],[127.63183,36.58893],[127.62331,36.58148],[127.62237,36.57818],[127.61776,36.57754],[127.61148,36.56928],[127.61124,36.56679],[127.61719,36.5595],[127.61236,36.55143],[127.60359,36.54791],[127.59897,36.54833],[127.59185,36.54353],[127.58085,36.54196],[127.5781,36.53749],[127.57112,36.53569],[127.56502,36.53057],[127.57266,36.51589],[127.57283,36.50813],[127.5702,36.49932],[127.57679,36.49048],[127.5673,36.48428],[127.56707,36.48164],[127.56274,36.48024],[127.55862,36.47207],[127.55617,36.47182],[127.55319,36.45914],[127.54483,36.44626],[127.53058,36.44183],[127.51976,36.43505],[127.51665,36.43022],[127.51102,36.41031],[127.50806,36.40827],[127.50155,36.40865],[127.48972,36.43413],[127.49347,36.44116],[127.50348,36.44936],[127.5038,36.45369],[127.50059,36.4562],[127.48454,36.45293],[127.47896,36.4565],[127.47768,36.46052],[127.48329,36.47001],[127.48403,36.47662],[127.48045,36.47718],[127.47716,36.4805],[127.47567,36.49023],[127.46744,36.49126],[127.45776,36.4959],[127.45514,36.50034],[127.44977,36.5005],[127.44891,36.50668],[127.44526,36.51314],[127.44537,36.5149],[127.45406,36.5187],[127.45565,36.5256],[127.45183,36.54128],[127.44743,36.54176],[127.44797,36.54721],[127.45697,36.54898],[127.46646,36.54246],[127.4707,36.54279],[127.47965,36.54767],[127.48274,36.54743],[127.485,36.5449],[127.48635,36.54744],[127.47954,36.55723],[127.48178,36.56137],[127.46724,36.56208],[127.46839,36.57167],[127.47408,36.58107],[127.48263,36.58307],[127.49172,36.58261],[127.49132,36.58467],[127.49892,36.58837],[127.4985,36.59368],[127.49678,36.59407],[127.49745,36.61486],[127.49404,36.61627],[127.49391,36.62238],[127.4825,36.63093],[127.48462,36.63659],[127.48278,36.64484],[127.50095,36.64724],[127.50956,36.65324],[127.51844,36.65487],[127.52439,36.65801],[127.5283,36.66262],[127.5338,36.66464],[127.53271,36.66593],[127.53694,36.66954],[127.54312,36.66869],[127.54862,36.67349],[127.56699,36.67436],[127.5792,36.6842],[127.58588,36.68344],[127.5984,36.69738],[127.61201,36.69965],[127.61732,36.70724],[127.623,36.70462],[127.62737,36.70747],[127.63522,36.70875],[127.64122,36.70566],[127.6424,36.70262],[127.65119,36.70202],[127.66266,36.71499],[127.66141,36.72229],[127.6645,36.72999],[127.67199,36.72218],[127.67895,36.71795]]]]}},{"type":"Feature","properties":{"code":"33042","name":"청주시서원구","slug":"cheongjusiseowongu","wide":"chungbuk","center":[127.44075,36.55118]},"geometry":{"type":"MultiPolygon","coordinates":[[[[127.48433,36.64057],[127.4825,36.63093],[127.49391,36.62238],[127.49404,36.61627],[127.49745,36.61486],[127.49678,36.59407],[127.4985,36.59368],[127.49892,36.58837],[127.49132,36.58467],[127.49172,36.58261],[127.48263,36.58307],[127.47408,36.58107],[127.46839,36.57167],[127.46724,36.56208],[127.48178,36.56137],[127.47954,36.55723],[127.48635,36.54744],[127.485,36.5449],[127.48274,36.54743],[127.47965,36.54767],[127.4707,36.54279],[127.46646,36.54246],[127.45697,36.54898],[127.44797,36.54721],[127.44743,36.54176],[127.45183,36.54128],[127.45565,36.5256],[127.45406,36.5187],[127.44537,36.5149],[127.44526,36.51314],[127.44891,36.50668],[127.44977,36.5005],[127.45514,36.50034],[127.45776,36.4959],[127.46744,36.49126],[127.47567,36.49023],[127.47716,36.4805],[127.48045,36.47718],[127.47016,36.47354],[127.46378,36.46451],[127.46256,36.45613],[127.45133,36.44925],[127.44392,36.45048],[127.43586,36.45645],[127.41497,36.45471],[127.40209,36.45604],[127.39968,36.46184],[127.40139,36.46267],[127.40414,36.48111],[127.40301,36.48548],[127.39612,36.49172],[127.40983,36.49532],[127.4108,36.49775],[127.40781,36.5033],[127.40904,36.50975],[127.40495,36.51195],[127.40375,36.51738],[127.39767,36.52105],[127.40192,36.52376],[127.40766,36.52308],[127.40839,36.52721],[127.40562,36.5314],[127.40501,36.53731],[127.40182,36.54124],[127.39233,36.54001],[127.38388,36.54153],[127.38319,36.54786],[127.37852,36.54981],[127.3781,36.55517],[127.37255,36.55972],[127.37797,36.56289],[127.37713,36.56787],[127.38672,36.57727],[127.38878,36.58408],[127.39824,36.59072],[127.40102,36.59604],[127.4129,36.60585],[127.41548,36.60673],[127.4187,36.60237],[127.41948,36.5966],[127.42765,36.59955],[127.43384,36.59865],[127.43332,36.60282],[127.43662,36.60731],[127.4367,36.61062],[127.44479,36.61642],[127.44314,36.62335],[127.44992,36.6254],[127.45049,36.63025],[127.45621,36.63321],[127.45665,36.63799],[127.46171,36.63937],[127.4669,36.63776],[127.46897,36.64249],[127.48186,36.64646],[127.48433,36.64057]]]]}},{"type":"Feature","properties":{"code":"33043","name":"청주시흥덕구","slug":"cheongjusiheungdeokgu","wide":"chungbuk","center":[127.36357,36.6418]},"geometry":{"type":"MultiPolygon","coordinates":[[[[127.31049,36.72429],[127.32477,36.72412],[127.33948,36.71889],[127.36304,36.71732],[127.37483,36.71249],[127.38706,36.71765],[127.39348,36.71757],[127.40022,36.71235],[127.41072,36.71006],[127.40886,36.70551],[127.4231,36.69451],[127.42575,36.68918],[127.43146,36.68933],[127.43165,36.68463],[127.44841,36.68423],[127.4476,36.6754],[127.45626,36.67476],[127.4619,36.67051],[127.47119,36.66143],[127.48186,36.64646],[127.46897,36.64249],[127.4669,36.63776],[127.46171,36.63937],[127.45665,36.63799],[127.45621,36.63321],[127.45049,36.63025],[127.44992,36.6254],[127.44314,36.62335],[127.44479,36.61642],[127.4367,36.61062],[127.43662,36.60731],[127.43332,36.60282],[127.43384,36.59865],[127.42765,36.59955],[127.41948,36.5966],[127.4187,36.60237],[127.41464,36.6067],[127.40102,36.59604],[127.39804,36.59054],[127.3896,36.58496],[127.38672,36.57727],[127.37713,36.56787],[127.35765,36.56181],[127.351,36.56221],[127.34713,36.56445],[127.33781,36.56243],[127.33515,36.5681],[127.33576,36.57106],[127.32659,36.57652],[127.32144,36.58378],[127.30577,36.583],[127.29982,36.58595],[127.30484,36.59139],[127.3066,36.60094],[127.30077,36.60773],[127.30181,36.61281],[127.29933,36.61828],[127.29591,36.6197],[127.2963,36.62424],[127.29176,36.62562],[127.2907,36.63107],[127.29216,36.63564],[127.28921,36.63689],[127.28494,36.63411],[127.2794,36.63352],[127.27565,36.6398],[127.27701,36.64187],[127.27952,36.6407],[127.28278,36.64229],[127.28162,36.64514],[127.28869,36.6589],[127.29975,36.66219],[127.30509,36.66757],[127.30763,36.68202],[127.30306,36.68546],[127.29214,36.68709],[127.28529,36.69067],[127.29159,36.69703],[127.30132,36.69998],[127.3084,36.70481],[127.3061,36.70827],[127.31049,36.72429]]]]}},{"type":"Feature","properties":{"code":"33044","name":"청주시청원구","slug":"cheongjusicheongwongu","wide":"chungbuk","center":[127.47351,36.72592]},"geometry":{"type":"MultiPolygon","coordinates":[[[[127.5769,36.76682],[127.58892,36.76061],[127.58718,36.75542],[127.59031,36.75312],[127.59082,36.7476],[127.5983,36.74422],[127.6036,36.74581],[127.60607,36.74343],[127.61056,36.73526],[127.60956,36.73021],[127.61381,36.72648],[127.61569,36.71971],[127.61885,36.71633],[127.61793,36.70744],[127.61342,36.70065],[127.5984,36.69738],[127.58588,36.68344],[127.5792,36.6842],[127.56699,36.67436],[127.54862,36.67349],[127.54312,36.66869],[127.53694,36.66954],[127.53271,36.66593],[127.5338,36.66464],[127.5283,36.66262],[127.52168,36.65644],[127.51433,36.65325],[127.50956,36.65324],[127.50095,36.64724],[127.48823,36.64639],[127.4882,36.64494],[127.48278,36.64484],[127.47119,36.66143],[127.45758,36.67397],[127.44778,36.67522],[127.44841,36.68423],[127.43507,36.68375],[127.43165,36.68463],[127.43146,36.68933],[127.42575,36.68918],[127.4231,36.69451],[127.40883,36.70555],[127.41072,36.71006],[127.40022,36.71235],[127.39361,36.71755],[127.38706,36.71765],[127.37483,36.71249],[127.36304,36.71732],[127.33948,36.71889],[127.31801,36.72491],[127.32546,36.73367],[127.3283,36.73456],[127.3369,36.72935],[127.3392,36.72973],[127.34317,36.7357],[127.3334,36.74674],[127.33535,36.75241],[127.35225,36.75408],[127.35882,36.76058],[127.36855,36.76135],[127.3723,36.75793],[127.38559,36.75954],[127.38866,36.75349],[127.3942,36.7516],[127.39602,36.74793],[127.40444,36.74602],[127.4056,36.75026],[127.41131,36.75351],[127.41231,36.75732],[127.42446,36.75876],[127.42694,36.7576],[127.42478,36.75482],[127.42711,36.75081],[127.43912,36.75324],[127.44243,36.7494],[127.45094,36.74942],[127.44908,36.75536],[127.44989,36.75906],[127.45844,36.76579],[127.46039,36.76991],[127.47041,36.76882],[127.4818,36.776],[127.49045,36.7738],[127.49711,36.78001],[127.505,36.77948],[127.50869,36.77687],[127.5103,36.77234],[127.5076,36.76785],[127.50902,36.76681],[127.53209,36.77082],[127.5648,36.78026],[127.56761,36.7738],[127.5769,36.76682]]]]}},{"type":"Feature","properties":{"code":"33320","name":"보은군","slug":"boeun-gun","wide":"chungbuk","center":[127.72306,36.48196]},"geometry":{"type":"MultiPolygon","coordinates":[[[[127.79315,36.60856],[127.7985,36.60208],[127.79615,36.59526],[127.79943,36.58953],[127.79848,36.58644],[127.8049,36.58139],[127.8162,36.57808],[127.81818,36.57468],[127.82447,36.57091],[127.83016,36.57428],[127.83707,36.5701],[127.84262,36.57054],[127.84326,36.56898],[127.85236,36.57115],[127.86042,36.56795],[127.86022,36.56592],[127.87032,36.55915],[127.87299,36.55133],[127.87048,36.54282],[127.87441,36.54086],[127.87609,36.53702],[127.87901,36.53471],[127.88872,36.53369],[127.89297,36.53052],[127.89635,36.5312],[127.90246,36.52807],[127.90091,36.52501],[127.90339,36.51727],[127.90254,36.51324],[127.90611,36.50614],[127.88871,36.49314],[127.88047,36.49327],[127.87552,36.48567],[127.87528,36.48317],[127.88062,36.48063],[127.88238,36.47587],[127.88082,36.46852],[127.87837,36.46708],[127.88196,36.46184],[127.87898,36.45774],[127.87832,36.45049],[127.87477,36.44882],[127.87215,36.44086],[127.87547,36.42967],[127.87299,36.42428],[127.88272,36.42435],[127.88271,36.42217],[127.87569,36.41435],[127.87301,36.40589],[127.86387,36.40304],[127.86631,36.39475],[127.8629,36.39297],[127.87572,36.39059],[127.8792,36.38336],[127.88417,36.38001],[127.8831,36.37417],[127.8799,36.37145],[127.87499,36.37081],[127.86122,36.37394],[127.85211,36.37141],[127.83711,36.37284],[127.83591,36.36929],[127.83264,36.36915],[127.83163,36.37398],[127.82439,36.377],[127.8228,36.37992],[127.81856,36.38165],[127.80062,36.38245],[127.78983,36.38856],[127.78559,36.38704],[127.78138,36.38887],[127.77079,36.38748],[127.7624,36.39347],[127.76034,36.39105],[127.75526,36.39109],[127.7467,36.38583],[127.73481,36.39251],[127.73026,36.38988],[127.71842,36.39629],[127.70821,36.40653],[127.71007,36.41378],[127.70012,36.41384],[127.68132,36.41854],[127.67846,36.42701],[127.68051,36.43602],[127.66582,36.445],[127.65766,36.43799],[127.65399,36.43866],[127.64474,36.44529],[127.64136,36.44256],[127.63923,36.43603],[127.63125,36.43955],[127.62808,36.42864],[127.62004,36.42044],[127.62079,36.41817],[127.61734,36.41736],[127.61678,36.40919],[127.61224,36.40335],[127.60532,36.40379],[127.60445,36.40857],[127.6025,36.40954],[127.60143,36.40718],[127.59887,36.40778],[127.59863,36.41196],[127.5967,36.4107],[127.5903,36.41186],[127.58406,36.4178],[127.57985,36.40785],[127.56581,36.39792],[127.55814,36.39657],[127.5548,36.39281],[127.55369,36.39496],[127.55968,36.39822],[127.5532,36.40122],[127.5501,36.40712],[127.54557,36.40882],[127.54289,36.41208],[127.54228,36.41928],[127.53962,36.42061],[127.52938,36.41922],[127.52432,36.42343],[127.52095,36.42158],[127.51451,36.42247],[127.51976,36.43505],[127.53058,36.44183],[127.54483,36.44626],[127.55319,36.45914],[127.55617,36.47182],[127.55862,36.47207],[127.56274,36.48024],[127.56707,36.48164],[127.5673,36.48428],[127.57679,36.49048],[127.5702,36.49932],[127.57283,36.50813],[127.57266,36.51589],[127.56502,36.53057],[127.57112,36.53569],[127.5781,36.53749],[127.58085,36.54196],[127.59185,36.54353],[127.59897,36.54833],[127.60359,36.54791],[127.61236,36.55143],[127.61719,36.5595],[127.61124,36.56679],[127.61148,36.56928],[127.61776,36.57754],[127.62237,36.57818],[127.62331,36.58148],[127.63183,36.58893],[127.63017,36.59362],[127.63567,36.60023],[127.64052,36.60161],[127.64625,36.60659],[127.65238,36.60486],[127.65401,36.60036],[127.66545,36.60241],[127.66851,36.59845],[127.66862,36.59454],[127.67674,36.59668],[127.68053,36.59239],[127.68704,36.59206],[127.69461,36.58849],[127.70966,36.59606],[127.71381,36.60202],[127.72725,36.60105],[127.72874,36.60231],[127.73649,36.60002],[127.73734,36.59262],[127.74102,36.59126],[127.74586,36.58525],[127.76884,36.59421],[127.76949,36.60399],[127.78143,36.60875],[127.78626,36.61377],[127.79315,36.60856]]]]}},{"type":"Feature","properties":{"code":"33330","name":"옥천군","slug":"okcheon-gun","wide":"chungbuk","center":[127.6619,36.3193]},"geometry":{"type":"MultiPolygon","coordinates":[[[[127.64733,36.44439],[127.65399,36.43866],[127.65766,36.43799],[127.66582,36.445],[127.68033,36.4363],[127.67846,36.42701],[127.68132,36.41854],[127.70012,36.41384],[127.71007,36.41378],[127.70821,36.40653],[127.71842,36.39629],[127.73026,36.38988],[127.73481,36.39251],[127.7467,36.38583],[127.75526,36.39109],[127.76034,36.39105],[127.7624,36.39347],[127.77079,36.38748],[127.78138,36.38887],[127.78559,36.38704],[127.78983,36.38856],[127.80062,36.38245],[127.81856,36.38165],[127.8228,36.37992],[127.82439,36.377],[127.83163,36.37398],[127.83264,36.36915],[127.83591,36.36929],[127.83711,36.37284],[127.85211,36.37141],[127.86122,36.37394],[127.88367,36.37064],[127.88653,36.36361],[127.89126,36.35966],[127.89051,36.35657],[127.88564,36.3547],[127.88551,36.35016],[127.88261,36.34592],[127.87015,36.34349],[127.86999,36.33987],[127.86576,36.33558],[127.86152,36.33508],[127.85256,36.32963],[127.85071,36.32081],[127.84519,36.31644],[127.82503,36.31009],[127.82098,36.30517],[127.81745,36.31035],[127.81347,36.30828],[127.80831,36.30881],[127.80194,36.3037],[127.80032,36.2982],[127.79497,36.29683],[127.79445,36.2905],[127.77961,36.28942],[127.77583,36.29189],[127.77016,36.29027],[127.76187,36.28011],[127.76163,36.27176],[127.75582,36.26792],[127.73594,36.27279],[127.72916,36.27625],[127.72168,36.26947],[127.71381,36.26848],[127.71206,36.26599],[127.71467,36.26313],[127.70177,36.26078],[127.69693,36.25162],[127.69384,36.24992],[127.69127,36.2386],[127.68473,36.23307],[127.68049,36.2257],[127.67253,36.22222],[127.66375,36.2233],[127.65614,36.22935],[127.65068,36.22515],[127.6503,36.2198],[127.65228,36.21569],[127.64845,36.2071],[127.65438,36.19199],[127.65378,36.18882],[127.65,36.18528],[127.65507,36.17728],[127.64971,36.17071],[127.64386,36.17217],[127.63302,36.1804],[127.62712,36.17797],[127.62392,36.18102],[127.6112,36.18322],[127.60825,36.18568],[127.59771,36.18488],[127.59246,36.19535],[127.59953,36.20456],[127.59802,36.21709],[127.59111,36.22166],[127.58358,36.2313],[127.57027,36.23352],[127.56385,36.22775],[127.56158,36.22897],[127.55283,36.22586],[127.54533,36.22551],[127.54986,36.23842],[127.53792,36.24278],[127.53509,36.24732],[127.53624,36.25123],[127.52695,36.24834],[127.51813,36.24064],[127.50234,36.23773],[127.49258,36.23795],[127.49232,36.24438],[127.48941,36.24601],[127.48761,36.25144],[127.48998,36.25734],[127.48631,36.25922],[127.48605,36.26125],[127.49026,36.26837],[127.48875,36.27271],[127.49881,36.28281],[127.49118,36.29702],[127.49241,36.29995],[127.49743,36.30158],[127.49898,36.30567],[127.49457,36.31199],[127.49783,36.31641],[127.49598,36.31988],[127.49997,36.32077],[127.50296,36.32562],[127.50056,36.33929],[127.50807,36.34324],[127.50744,36.34629],[127.51197,36.34612],[127.51937,36.35035],[127.5224,36.35432],[127.52409,36.36591],[127.52658,36.37007],[127.52493,36.38751],[127.53342,36.39175],[127.53922,36.3979],[127.55369,36.39496],[127.5548,36.39281],[127.55814,36.39657],[127.56581,36.39792],[127.58053,36.40847],[127.58406,36.4178],[127.5903,36.41186],[127.5967,36.4107],[127.59863,36.41196],[127.59887,36.40778],[127.60143,36.40718],[127.6025,36.40954],[127.60445,36.40857],[127.60532,36.40379],[127.61224,36.40335],[127.61678,36.40919],[127.61734,36.41736],[127.62079,36.41817],[127.62004,36.42044],[127.62808,36.42864],[127.63125,36.43955],[127.63923,36.43603],[127.64195,36.44331],[127.64474,36.44529],[127.64733,36.44439]]]]}},{"type":"Feature","properties":{"code":"33340","name":"영동군","slug":"yeongdong-gun","wide":"chungbuk","center":[127.82858,36.17153]},"geometry":{"type":"MultiPolygon","coordinates":[[[[127.84442,36.31547],[127.84153,36.30831],[127.84686,36.30076],[127.84565,36.29369],[127.84918,36.2888],[127.85212,36.27392],[127.86086,36.27706],[127.88264,36.27375],[127.88991,36.28924],[127.90429,36.30145],[127.90811,36.28551],[127.92353,36.27871],[127.93091,36.27801],[127.93793,36.26906],[127.9428,36.26673],[127.94736,36.26724],[127.94925,36.25665],[127.95461,36.25722],[127.96017,36.25237],[127.96482,36.25318],[127.97056,36.2504],[127.97832,36.25459],[127.97672,36.25929],[127.98119,36.26365],[127.99053,36.26338],[127.99441,36.26744],[127.99782,36.26816],[128.00048,36.26644],[128.00907,36.27201],[128.01903,36.26729],[128.02622,36.2679],[128.02692,36.26535],[128.03318,36.26153],[128.04735,36.25655],[128.04573,36.25212],[128.04026,36.25203],[128.03566,36.24347],[128.0299,36.24001],[128.03313,36.23371],[128.03934,36.22868],[128.04046,36.22468],[128.039,36.22218],[128.04222,36.21755],[128.05009,36.21646],[128.05079,36.206],[128.05815,36.20125],[128.0529,36.20082],[128.03863,36.19416],[128.02405,36.20665],[128.00975,36.20936],[128.00637,36.20732],[127.99845,36.2073],[127.99304,36.20003],[127.9841,36.2005],[127.97802,36.19811],[127.9812,36.19588],[127.97533,36.18771],[127.98134,36.17913],[127.98413,36.17817],[127.9826,36.17056],[127.98984,36.16516],[127.99048,36.15888],[127.9972,36.15547],[127.98748,36.14738],[127.98917,36.14397],[127.98729,36.14087],[127.98886,36.13283],[127.98778,36.12882],[127.97642,36.12273],[127.97016,36.12188],[127.9668,36.11806],[127.9652,36.11283],[127.96869,36.10313],[127.96489,36.09862],[127.96463,36.09555],[127.95971,36.09451],[127.95847,36.09016],[127.96169,36.08298],[127.96087,36.07034],[127.95348,36.06632],[127.94745,36.05769],[127.93629,36.05108],[127.93018,36.04944],[127.92564,36.0524],[127.91671,36.0543],[127.90612,36.04668],[127.90269,36.0391],[127.88854,36.03485],[127.88484,36.03589],[127.88346,36.02806],[127.87677,36.02251],[127.86615,36.02429],[127.8606,36.03146],[127.85566,36.03293],[127.85281,36.03911],[127.84855,36.03972],[127.83909,36.03588],[127.8304,36.03523],[127.81895,36.02895],[127.79944,36.02607],[127.78762,36.0145],[127.78153,36.01651],[127.76427,36.01243],[127.75928,36.01521],[127.76264,36.02157],[127.76161,36.02518],[127.75386,36.02406],[127.74731,36.0297],[127.74359,36.02847],[127.74149,36.0248],[127.73484,36.03232],[127.71918,36.03186],[127.71339,36.03573],[127.70193,36.03527],[127.69646,36.0411],[127.69502,36.04591],[127.69504,36.05876],[127.69074,36.05803],[127.68809,36.06274],[127.66978,36.05137],[127.67274,36.04163],[127.66441,36.03751],[127.66023,36.03854],[127.65443,36.0559],[127.64905,36.05799],[127.6484,36.06261],[127.64455,36.06681],[127.6382,36.06823],[127.6342,36.07362],[127.63215,36.08236],[127.62334,36.09069],[127.61924,36.0907],[127.61727,36.09358],[127.61692,36.10488],[127.6191,36.10889],[127.61308,36.11181],[127.61007,36.11853],[127.60553,36.1182],[127.59897,36.12352],[127.58948,36.1343],[127.59095,36.14483],[127.60166,36.16002],[127.60148,36.16905],[127.59863,36.1738],[127.59306,36.17738],[127.59466,36.18102],[127.59771,36.18488],[127.60825,36.18568],[127.6112,36.18322],[127.62392,36.18102],[127.62712,36.17797],[127.63302,36.1804],[127.64386,36.17217],[127.64971,36.17071],[127.65507,36.17728],[127.65021,36.18414],[127.65438,36.19199],[127.64845,36.2071],[127.65228,36.21569],[127.6503,36.2198],[127.65058,36.22499],[127.65614,36.22935],[127.66375,36.2233],[127.67253,36.22222],[127.68049,36.2257],[127.68473,36.23307],[127.69127,36.2386],[127.69384,36.24992],[127.69693,36.25162],[127.7003,36.2589],[127.70658,36.26267],[127.71467,36.26313],[127.71206,36.26599],[127.714,36.26863],[127.72168,36.26947],[127.73103,36.27637],[127.73594,36.27279],[127.75582,36.26792],[127.76163,36.27176],[127.76187,36.28011],[127.77016,36.29027],[127.77583,36.29189],[127.77961,36.28942],[127.79445,36.2905],[127.79497,36.29683],[127.80032,36.2982],[127.80194,36.3037],[127.80831,36.30881],[127.81347,36.30828],[127.81745,36.31035],[127.82098,36.30517],[127.82503,36.31009],[127.83228,36.31135],[127.84052,36.31565],[127.84442,36.31547]]]]}},{"type":"Feature","properties":{"code":"33350","name":"진천군","slug":"jincheon-gun","wide":"chungbuk","center":[127.45141,36.87761]},"geometry":{"type":"MultiPolygon","coordinates":[[[[127.44123,37.01211],[127.44904,37.00984],[127.44755,37.00067],[127.45049,36.99512],[127.44813,36.98988],[127.45032,36.98191],[127.44926,36.97719],[127.45389,36.97413],[127.454,36.96982],[127.45714,36.96545],[127.45491,36.96066],[127.44838,36.96323],[127.4464,36.96136],[127.44535,36.95876],[127.44728,36.94991],[127.45681,36.94728],[127.46349,36.94842],[127.46651,36.93924],[127.47062,36.93616],[127.47655,36.93636],[127.48123,36.93371],[127.48614,36.93868],[127.49281,36.93876],[127.49992,36.9332],[127.51143,36.93064],[127.51367,36.92555],[127.51936,36.92288],[127.52749,36.91102],[127.53382,36.91199],[127.54597,36.90343],[127.5463,36.90097],[127.55307,36.89889],[127.55369,36.89602],[127.55186,36.89392],[127.55521,36.89132],[127.55565,36.88616],[127.56058,36.88491],[127.56266,36.88223],[127.56667,36.8827],[127.567,36.886],[127.56856,36.88572],[127.57229,36.8774],[127.57776,36.87978],[127.58504,36.87459],[127.58516,36.87108],[127.58254,36.8675],[127.57663,36.86466],[127.57782,36.86252],[127.57562,36.85775],[127.57859,36.85228],[127.57153,36.85006],[127.57338,36.84722],[127.57157,36.84389],[127.57267,36.84131],[127.56868,36.83854],[127.5699,36.82932],[127.57202,36.8278],[127.57834,36.82961],[127.57922,36.82823],[127.5721,36.81999],[127.55566,36.81743],[127.55003,36.81286],[127.54483,36.81351],[127.53733,36.80859],[127.54814,36.79835],[127.55519,36.79922],[127.5648,36.78026],[127.53209,36.77082],[127.50902,36.76681],[127.5076,36.76785],[127.51017,36.7729],[127.50869,36.77687],[127.5051,36.77945],[127.49711,36.78001],[127.49045,36.7738],[127.4818,36.776],[127.47041,36.76882],[127.46039,36.76991],[127.45844,36.76579],[127.45095,36.761],[127.44908,36.75536],[127.45094,36.74942],[127.44749,36.74897],[127.44243,36.7494],[127.43912,36.75324],[127.42711,36.75081],[127.42478,36.75482],[127.42694,36.7576],[127.4197,36.75766],[127.42042,36.76084],[127.41295,36.77322],[127.40326,36.77507],[127.39982,36.78086],[127.3955,36.78248],[127.39674,36.79028],[127.40172,36.79515],[127.40079,36.79909],[127.39749,36.79967],[127.38216,36.81375],[127.36661,36.81697],[127.35811,36.82246],[127.35723,36.8275],[127.35174,36.83066],[127.34637,36.82931],[127.33454,36.83067],[127.33649,36.85469],[127.32958,36.85751],[127.32451,36.8569],[127.31661,36.85919],[127.31273,36.85747],[127.3073,36.8597],[127.30579,36.86338],[127.31129,36.87049],[127.30788,36.88539],[127.28783,36.89378],[127.2903,36.89433],[127.29032,36.8977],[127.29737,36.90396],[127.30336,36.91639],[127.29844,36.92273],[127.29563,36.93129],[127.30019,36.9294],[127.30899,36.92939],[127.31621,36.93472],[127.32681,36.93594],[127.34061,36.94312],[127.34963,36.95279],[127.354,36.95267],[127.35761,36.94769],[127.36176,36.9495],[127.37566,36.94866],[127.37821,36.95208],[127.37872,36.95789],[127.38482,36.95962],[127.38727,36.96446],[127.39747,36.96465],[127.40153,36.96768],[127.39667,36.97461],[127.38497,36.98364],[127.39131,36.99165],[127.39311,36.99743],[127.41496,36.99997],[127.42124,37.00396],[127.42882,37.00219],[127.43654,37.0056],[127.44123,37.01211]]]]}},{"type":"Feature","properties":{"code":"33360","name":"괴산군","slug":"goesan-gun","wide":"chungbuk","center":[127.84689,36.7649]},"geometry":{"type":"MultiPolygon","coordinates":[[[[127.80771,36.9411],[127.80944,36.93958],[127.81903,36.94116],[127.82157,36.94344],[127.83294,36.93985],[127.83181,36.93538],[127.83568,36.93007],[127.83985,36.93003],[127.843,36.92771],[127.83996,36.91983],[127.84209,36.9174],[127.83793,36.91366],[127.84606,36.90925],[127.85505,36.90724],[127.86399,36.89623],[127.88151,36.89585],[127.883,36.89031],[127.89462,36.89224],[127.90068,36.8974],[127.90317,36.89355],[127.90359,36.88794],[127.9137,36.88567],[127.91773,36.88105],[127.93224,36.88757],[127.94561,36.88812],[127.95094,36.88647],[127.95189,36.88473],[127.94941,36.88287],[127.94546,36.8735],[127.95668,36.86843],[127.96269,36.86164],[127.96937,36.85935],[127.9669,36.85095],[127.97649,36.83692],[127.9717,36.82635],[127.976,36.82371],[127.98185,36.82343],[127.98242,36.81601],[127.99259,36.81267],[127.99779,36.81294],[128.01158,36.80679],[128.0175,36.80806],[128.02342,36.81418],[128.02404,36.82599],[128.03547,36.82495],[128.04223,36.8206],[128.04725,36.82223],[128.05924,36.81639],[128.05683,36.80913],[128.05795,36.80701],[128.05397,36.8052],[128.05613,36.79842],[128.05498,36.79266],[128.04877,36.78362],[128.04556,36.78244],[128.04691,36.77861],[128.0448,36.77105],[128.03237,36.75517],[128.03232,36.74758],[128.05072,36.73671],[128.05556,36.73042],[128.05733,36.73103],[128.06799,36.72223],[128.07267,36.7122],[128.07038,36.7077],[128.04903,36.70801],[128.03191,36.71878],[128.02563,36.71933],[128.02093,36.72193],[128.01484,36.73019],[128.00936,36.72837],[128.00194,36.71726],[127.98685,36.71755],[127.98025,36.72008],[127.97315,36.7262],[127.97072,36.73091],[127.96316,36.73339],[127.96055,36.73719],[127.95697,36.73559],[127.95361,36.72268],[127.94918,36.71988],[127.94953,36.70805],[127.94648,36.70621],[127.93357,36.70649],[127.93086,36.70136],[127.93159,36.69442],[127.92892,36.69084],[127.91746,36.69321],[127.89389,36.69438],[127.8873,36.69117],[127.88187,36.68575],[127.88198,36.68345],[127.87467,36.6826],[127.88001,36.67871],[127.88762,36.67863],[127.89145,36.68243],[127.89517,36.68109],[127.90037,36.6822],[127.91297,36.67767],[127.91771,36.66785],[127.92957,36.66877],[127.93221,36.66452],[127.93164,36.6554],[127.93908,36.65275],[127.93921,36.64706],[127.93431,36.64109],[127.93381,36.63608],[127.93596,36.633],[127.93195,36.62523],[127.93238,36.61874],[127.92409,36.61545],[127.92524,36.60281],[127.92395,36.60202],[127.91996,36.60112],[127.9188,36.60868],[127.9118,36.61454],[127.90718,36.62581],[127.90304,36.62752],[127.89727,36.62674],[127.88934,36.62972],[127.88789,36.6349],[127.88924,36.63984],[127.88235,36.6465],[127.87966,36.65677],[127.87394,36.65505],[127.87233,36.65025],[127.86353,36.6407],[127.86129,36.63556],[127.84675,36.63399],[127.85056,36.63125],[127.84784,36.62494],[127.84981,36.61958],[127.85573,36.61758],[127.8583,36.61353],[127.85618,36.61234],[127.8498,36.61312],[127.8407,36.60829],[127.83216,36.6126],[127.82665,36.61142],[127.821,36.61331],[127.82086,36.61054],[127.81811,36.60837],[127.81191,36.60741],[127.80198,36.60185],[127.7985,36.60208],[127.79181,36.61033],[127.78626,36.61377],[127.78143,36.60875],[127.76949,36.60399],[127.76463,36.61305],[127.75025,36.62188],[127.74998,36.62537],[127.74003,36.63316],[127.7381,36.64128],[127.73477,36.63965],[127.72585,36.64468],[127.72337,36.6513],[127.71268,36.65033],[127.70936,36.65404],[127.71229,36.6572],[127.71028,36.66277],[127.71251,36.66763],[127.72498,36.67525],[127.72715,36.68251],[127.72487,36.6819],[127.71399,36.68992],[127.71373,36.69522],[127.7022,36.70378],[127.70193,36.70987],[127.69269,36.71207],[127.68689,36.72049],[127.68376,36.71734],[127.67955,36.71708],[127.66206,36.73245],[127.65112,36.73438],[127.65,36.73266],[127.63967,36.73196],[127.63602,36.74131],[127.63553,36.75209],[127.62417,36.76049],[127.6287,36.77249],[127.62724,36.77662],[127.62083,36.77859],[127.62094,36.78787],[127.62548,36.78932],[127.62736,36.79321],[127.63608,36.79427],[127.64194,36.80074],[127.63401,36.8073],[127.63499,36.81284],[127.6301,36.81624],[127.62984,36.81869],[127.63032,36.82875],[127.63859,36.84111],[127.6378,36.84874],[127.64202,36.85575],[127.64807,36.85954],[127.65721,36.86062],[127.66564,36.85807],[127.67783,36.85095],[127.68652,36.85987],[127.68588,36.86849],[127.68977,36.87155],[127.69397,36.88005],[127.69822,36.88028],[127.70772,36.87592],[127.70856,36.87838],[127.71449,36.87879],[127.71624,36.87716],[127.72522,36.88007],[127.73038,36.87852],[127.73524,36.87994],[127.74543,36.87803],[127.75054,36.87332],[127.7586,36.87384],[127.76247,36.87749],[127.76667,36.87477],[127.77079,36.87756],[127.78774,36.88063],[127.78935,36.88554],[127.78712,36.89449],[127.79236,36.8994],[127.78487,36.90588],[127.79176,36.90683],[127.79142,36.9042],[127.79664,36.90297],[127.79833,36.90856],[127.79436,36.91623],[127.78674,36.91582],[127.78415,36.91762],[127.78145,36.92416],[127.78844,36.92683],[127.78803,36.93719],[127.79269,36.93948],[127.79494,36.94591],[127.80067,36.94755],[127.8066,36.94595],[127.80771,36.9411]]]]}},{"type":"Feature","properties":{"code":"33370","name":"음성군","slug":"eumseong-gun","wide":"chungbuk","center":[127.62263,36.97277]},"geometry":{"type":"MultiPolygon","coordinates":[[[[127.66212,37.13924],[127.66522,37.13933],[127.67021,37.13611],[127.6868,37.13506],[127.69548,37.14042],[127.70637,37.13709],[127.71049,37.13409],[127.71202,37.12778],[127.72054,37.12306],[127.72287,37.11592],[127.72051,37.11071],[127.70193,37.10304],[127.69816,37.0994],[127.69918,37.09159],[127.69344,37.08555],[127.69218,37.08133],[127.6866,37.08095],[127.68352,37.07814],[127.68292,37.07591],[127.68714,37.07129],[127.69116,37.05308],[127.68558,37.04733],[127.67198,37.04021],[127.67202,37.03466],[127.66429,37.03057],[127.66462,37.02319],[127.65629,37.01591],[127.65986,37.00811],[127.66552,37.00307],[127.65906,37.00346],[127.65505,37.00139],[127.65256,36.99169],[127.65369,36.98656],[127.6511,36.9828],[127.66179,36.97738],[127.66707,36.97866],[127.66914,36.98272],[127.66374,36.98358],[127.66844,36.9876],[127.67214,36.98586],[127.68632,36.98589],[127.68662,36.98147],[127.69413,36.97857],[127.69449,36.97497],[127.70208,36.97273],[127.70585,36.96579],[127.7163,36.95841],[127.72685,36.95905],[127.72995,36.95796],[127.7329,36.95366],[127.73928,36.95238],[127.75294,36.95794],[127.76257,36.94845],[127.76389,36.94084],[127.7741,36.93377],[127.78095,36.93487],[127.78436,36.93771],[127.78803,36.93719],[127.78879,36.92749],[127.78145,36.92416],[127.78415,36.91762],[127.78674,36.91582],[127.79436,36.91623],[127.79833,36.90834],[127.79664,36.90297],[127.79142,36.9042],[127.79176,36.90683],[127.78487,36.90588],[127.79236,36.8994],[127.78712,36.89449],[127.78935,36.88554],[127.78774,36.88063],[127.77079,36.87756],[127.76667,36.87477],[127.76247,36.87749],[127.7586,36.87384],[127.75054,36.87332],[127.74543,36.87803],[127.73524,36.87994],[127.73038,36.87852],[127.72522,36.88007],[127.71624,36.87716],[127.71449,36.87879],[127.70856,36.87838],[127.70772,36.87592],[127.69822,36.88028],[127.69397,36.88005],[127.68977,36.87155],[127.68588,36.86849],[127.68652,36.85987],[127.67783,36.85095],[127.66139,36.85979],[127.6524,36.86087],[127.64202,36.85575],[127.63754,36.84695],[127.62639,36.84253],[127.62376,36.8356],[127.62083,36.83676],[127.61556,36.8339],[127.6134,36.83646],[127.6115,36.84778],[127.6159,36.85353],[127.6166,36.85866],[127.60672,36.85322],[127.59653,36.85159],[127.5919,36.85742],[127.58704,36.85725],[127.58356,36.86008],[127.57848,36.85773],[127.57828,36.85335],[127.57562,36.85775],[127.57782,36.86252],[127.57663,36.86466],[127.58511,36.87018],[127.58504,36.87459],[127.57776,36.87978],[127.57229,36.8774],[127.56856,36.88572],[127.567,36.886],[127.56667,36.8827],[127.56266,36.88223],[127.56058,36.88491],[127.55565,36.88616],[127.55521,36.89132],[127.55186,36.89392],[127.55369,36.89602],[127.55307,36.89889],[127.5463,36.90097],[127.54597,36.90343],[127.53382,36.91199],[127.52749,36.91102],[127.51936,36.92288],[127.51367,36.92555],[127.51143,36.93064],[127.49992,36.9332],[127.49281,36.93876],[127.48614,36.93868],[127.48123,36.93371],[127.47655,36.93636],[127.47062,36.93616],[127.46651,36.93924],[127.46349,36.94842],[127.45681,36.94728],[127.44728,36.94991],[127.44535,36.95876],[127.4464,36.96136],[127.44838,36.96323],[127.45491,36.96066],[127.45728,36.96392],[127.454,36.96982],[127.45389,36.97413],[127.44926,36.97719],[127.45032,36.98191],[127.44813,36.98988],[127.45049,36.99512],[127.44794,36.99851],[127.44904,37.00984],[127.44715,37.01197],[127.45093,37.0193],[127.45371,37.02125],[127.45837,37.02047],[127.45974,37.02506],[127.45686,37.03003],[127.4597,37.03813],[127.45686,37.04221],[127.4612,37.04685],[127.46838,37.05035],[127.46821,37.05349],[127.48622,37.05486],[127.49984,37.04764],[127.50889,37.04942],[127.51158,37.05556],[127.51826,37.0584],[127.52236,37.05563],[127.52937,37.05548],[127.5347,37.05199],[127.54148,37.05051],[127.55683,37.04125],[127.56954,37.04817],[127.56496,37.06059],[127.57798,37.07534],[127.58305,37.07547],[127.58927,37.07282],[127.59627,37.07371],[127.60472,37.06878],[127.60494,37.07615],[127.60109,37.07988],[127.59955,37.08583],[127.59511,37.08799],[127.61194,37.08725],[127.63181,37.09648],[127.63453,37.09983],[127.63413,37.10728],[127.63617,37.11393],[127.6331,37.12016],[127.63777,37.14119],[127.62745,37.15172],[127.62831,37.15529],[127.6468,37.15114],[127.66212,37.13924]]]]}},{"type":"Feature","properties":{"code":"33380","name":"단양군","slug":"danyang-gun","wide":"chungbuk","center":[128.39357,37.01941]},"geometry":{"type":"MultiPolygon","coordinates":[[[[128.39253,37.15339],[128.39641,37.14854],[128.40087,37.14688],[128.40366,37.13962],[128.40079,37.13333],[128.396,37.12859],[128.40575,37.12699],[128.41104,37.12213],[128.41847,37.11981],[128.42105,37.1137],[128.42356,37.11224],[128.42259,37.10473],[128.4247,37.10246],[128.43012,37.10367],[128.43058,37.10675],[128.43555,37.10951],[128.43524,37.11127],[128.44532,37.10747],[128.4512,37.11209],[128.45805,37.11028],[128.47781,37.11015],[128.4911,37.12385],[128.49658,37.12576],[128.51003,37.114],[128.51417,37.10373],[128.53117,37.10001],[128.53414,37.09811],[128.53557,37.09187],[128.53813,37.08963],[128.55385,37.08659],[128.5617,37.09024],[128.57073,37.08597],[128.57441,37.08132],[128.58173,37.08167],[128.59185,37.07816],[128.59504,37.08154],[128.60162,37.08306],[128.60101,37.07887],[128.6064,37.07667],[128.62264,37.0874],[128.62828,37.08133],[128.62821,37.07516],[128.64267,37.07076],[128.6521,37.06544],[128.63786,37.05155],[128.63292,37.0405],[128.62283,37.04534],[128.62171,37.04908],[128.60844,37.05281],[128.60679,37.0434],[128.60164,37.0441],[128.59683,37.04177],[128.58348,37.0437],[128.57773,37.03557],[128.57158,37.03565],[128.56564,37.03153],[128.56693,37.026],[128.57291,37.0208],[128.56914,37.01277],[128.55682,37.00575],[128.55473,36.99829],[128.54303,36.99209],[128.52968,36.99081],[128.51547,36.98682],[128.51461,36.97758],[128.50642,36.97319],[128.50673,36.97008],[128.48744,36.96277],[128.48489,36.95747],[128.47705,36.95744],[128.46717,36.95145],[128.46278,36.94738],[128.46342,36.94376],[128.4604,36.93401],[128.44175,36.92736],[128.44475,36.91369],[128.43815,36.89984],[128.42679,36.88924],[128.42816,36.88477],[128.42397,36.87653],[128.43644,36.87365],[128.44913,36.86287],[128.44666,36.85337],[128.44903,36.84784],[128.44703,36.84365],[128.4415,36.8376],[128.43411,36.83414],[128.43205,36.82407],[128.42114,36.81181],[128.40341,36.81214],[128.39436,36.81487],[128.38334,36.81376],[128.37331,36.80767],[128.3684,36.80208],[128.36408,36.80222],[128.35708,36.80632],[128.35676,36.81062],[128.35318,36.81245],[128.33446,36.81696],[128.31645,36.81666],[128.31575,36.82276],[128.29562,36.83534],[128.28656,36.84503],[128.28248,36.85596],[128.27618,36.85714],[128.26857,36.86033],[128.26503,36.86414],[128.25429,36.86641],[128.24183,36.87233],[128.24388,36.88003],[128.25092,36.88472],[128.2438,36.89097],[128.2462,36.90497],[128.23672,36.91661],[128.23635,36.93362],[128.24702,36.93788],[128.24483,36.94186],[128.24737,36.94464],[128.25288,36.94269],[128.25986,36.94878],[128.26353,36.94949],[128.2645,36.9523],[128.25966,36.95485],[128.26569,36.9611],[128.26159,36.96767],[128.25702,36.98473],[128.25851,36.99333],[128.25391,36.99748],[128.2576,37.00015],[128.25607,37.00554],[128.23991,37.02412],[128.22805,37.02448],[128.22505,37.02721],[128.22443,37.03431],[128.21712,37.03739],[128.21999,37.0416],[128.21898,37.04584],[128.22107,37.04957],[128.21786,37.05434],[128.2219,37.05609],[128.22537,37.06234],[128.23681,37.06542],[128.23941,37.0736],[128.24679,37.07692],[128.24925,37.07511],[128.25521,37.08203],[128.2623,37.08279],[128.2695,37.08756],[128.26233,37.09029],[128.26153,37.09566],[128.25637,37.10146],[128.26287,37.10746],[128.26694,37.10864],[128.26736,37.11353],[128.27085,37.11589],[128.2776,37.11581],[128.27778,37.11077],[128.28051,37.10812],[128.2821,37.10893],[128.28711,37.10218],[128.29395,37.09807],[128.30383,37.10033],[128.30895,37.1119],[128.30838,37.1145],[128.30419,37.11731],[128.30346,37.12894],[128.29834,37.13419],[128.30636,37.13753],[128.30952,37.14493],[128.32172,37.14887],[128.32473,37.14807],[128.32747,37.15294],[128.33067,37.15034],[128.33475,37.15652],[128.33848,37.15814],[128.34259,37.15594],[128.35151,37.15741],[128.35972,37.15022],[128.36443,37.15643],[128.37646,37.15241],[128.3841,37.15798],[128.39253,37.15339]]]]}},{"type":"Feature","properties":{"code":"33390","name":"증평군","slug":"jeungpyeonggun","wide":"chungbuk","center":[127.60638,36.79074]},"geometry":{"type":"MultiPolygon","coordinates":[[[[127.58358,36.86004],[127.58704,36.85725],[127.5919,36.85742],[127.59653,36.85159],[127.60672,36.85322],[127.6166,36.85866],[127.6159,36.85353],[127.6115,36.84778],[127.6134,36.83646],[127.61556,36.8339],[127.62083,36.83676],[127.62376,36.8356],[127.62639,36.84253],[127.63522,36.84719],[127.63754,36.84695],[127.63918,36.84359],[127.63081,36.83021],[127.62984,36.81869],[127.6301,36.81624],[127.63499,36.81284],[127.63401,36.8073],[127.64194,36.80074],[127.63608,36.79427],[127.62736,36.79321],[127.62548,36.78932],[127.62094,36.78787],[127.62048,36.77935],[127.62752,36.77639],[127.62822,36.77018],[127.62417,36.76049],[127.63553,36.75209],[127.63602,36.74131],[127.63895,36.73255],[127.65432,36.73437],[127.66206,36.73245],[127.66454,36.72992],[127.66141,36.72229],[127.66266,36.71499],[127.65119,36.70202],[127.6424,36.70262],[127.64122,36.70566],[127.63522,36.70875],[127.62737,36.70747],[127.623,36.70462],[127.61793,36.70744],[127.61885,36.71633],[127.61569,36.71971],[127.61381,36.72648],[127.60956,36.73021],[127.61056,36.73526],[127.60607,36.74343],[127.6036,36.74581],[127.5983,36.74422],[127.59082,36.7476],[127.59031,36.75312],[127.58718,36.75542],[127.58892,36.76061],[127.58409,36.76193],[127.57907,36.767],[127.57505,36.76738],[127.56761,36.7738],[127.56468,36.78267],[127.55519,36.79922],[127.54814,36.79835],[127.53733,36.80859],[127.54483,36.81351],[127.55003,36.81286],[127.55566,36.81743],[127.57371,36.8214],[127.57922,36.82823],[127.57834,36.82961],[127.5714,36.8279],[127.56923,36.82998],[127.5702,36.83361],[127.56868,36.83854],[127.57267,36.84131],[127.57157,36.84389],[127.57338,36.84722],[127.57153,36.85006],[127.57825,36.85183],[127.57848,36.85773],[127.58358,36.86004]]]]}},{"type":"Feature","properties":{"code":"34011","name":"천안시동남구","slug":"cheonansidongnamgu","wide":"chungnam","center":[127.20857,36.75071]},"geometry":{"type":"MultiPolygon","coordinates":[[[[127.29599,36.88975],[127.30782,36.88544],[127.3093,36.8817],[127.31128,36.87014],[127.30579,36.86338],[127.3073,36.8597],[127.31273,36.85747],[127.31661,36.85919],[127.32451,36.8569],[127.32958,36.85751],[127.33654,36.85462],[127.33454,36.83067],[127.35445,36.82947],[127.35723,36.8275],[127.35811,36.82246],[127.36661,36.81697],[127.38216,36.81375],[127.39749,36.79967],[127.40079,36.79909],[127.40172,36.79515],[127.39674,36.79028],[127.3955,36.78248],[127.39982,36.78086],[127.40326,36.77507],[127.41295,36.77322],[127.42042,36.76084],[127.4197,36.75766],[127.41221,36.75725],[127.41131,36.75351],[127.4056,36.75026],[127.40444,36.74602],[127.39602,36.74793],[127.3942,36.7516],[127.38866,36.75349],[127.38637,36.75929],[127.3723,36.75793],[127.36855,36.76135],[127.35882,36.76058],[127.35225,36.75408],[127.33551,36.75264],[127.3334,36.74674],[127.34246,36.73701],[127.34253,36.73379],[127.33755,36.7293],[127.3283,36.73456],[127.32546,36.73367],[127.31801,36.72491],[127.31049,36.72429],[127.3061,36.70827],[127.3084,36.70481],[127.30132,36.69998],[127.29159,36.69703],[127.28459,36.6905],[127.27771,36.69135],[127.27348,36.69527],[127.26523,36.6922],[127.2576,36.69271],[127.25122,36.69701],[127.24802,36.69507],[127.24571,36.69589],[127.23705,36.70441],[127.2364,36.70745],[127.23224,36.70905],[127.22975,36.70783],[127.22512,36.71037],[127.22363,36.71572],[127.21814,36.71559],[127.20785,36.71904],[127.20481,36.72088],[127.20312,36.72615],[127.18457,36.72969],[127.17413,36.72857],[127.16858,36.73314],[127.15964,36.73284],[127.15753,36.72746],[127.14993,36.72598],[127.14825,36.71989],[127.12773,36.70864],[127.13614,36.70504],[127.14291,36.69178],[127.14175,36.68998],[127.15622,36.69076],[127.15711,36.69566],[127.16144,36.69022],[127.16412,36.6785],[127.15856,36.67303],[127.15486,36.66427],[127.15904,36.66135],[127.16057,36.65612],[127.1547,36.65286],[127.15317,36.64521],[127.15802,36.63579],[127.15612,36.6307],[127.15705,36.62723],[127.16037,36.62628],[127.1605,36.62445],[127.15499,36.62421],[127.15043,36.61975],[127.14836,36.62844],[127.14059,36.63674],[127.1405,36.64286],[127.13005,36.64647],[127.1272,36.65363],[127.12396,36.65299],[127.12017,36.65597],[127.11035,36.6586],[127.10053,36.65425],[127.09394,36.65409],[127.09315,36.64871],[127.08861,36.64223],[127.0807,36.64131],[127.07276,36.64252],[127.06558,36.64606],[127.05866,36.64541],[127.05408,36.65122],[127.04315,36.6516],[127.03697,36.65531],[127.02529,36.65609],[127.02041,36.65014],[127.00836,36.65727],[127.01542,36.66646],[127.01565,36.67243],[127.02947,36.6895],[127.03891,36.69314],[127.04911,36.70337],[127.05897,36.70833],[127.07229,36.70814],[127.07843,36.71022],[127.07996,36.71835],[127.08469,36.72236],[127.08045,36.73037],[127.08626,36.7446],[127.0883,36.74505],[127.08653,36.74926],[127.09383,36.74999],[127.09839,36.75563],[127.09213,36.75927],[127.09214,36.7611],[127.10542,36.75845],[127.11799,36.76356],[127.11908,36.77636],[127.11759,36.78046],[127.11337,36.78182],[127.11283,36.78478],[127.11729,36.78638],[127.1203,36.79053],[127.12481,36.78903],[127.12942,36.79541],[127.13545,36.79579],[127.13463,36.80033],[127.13139,36.79991],[127.13324,36.80979],[127.1262,36.81219],[127.12424,36.81726],[127.12838,36.82009],[127.13114,36.81892],[127.14121,36.80811],[127.14319,36.80294],[127.14574,36.80356],[127.14832,36.81581],[127.15031,36.81773],[127.14905,36.81874],[127.15026,36.82457],[127.15267,36.82446],[127.15911,36.83395],[127.1672,36.84017],[127.17113,36.84595],[127.17701,36.84127],[127.18039,36.84209],[127.18404,36.846],[127.19833,36.85327],[127.20606,36.8526],[127.21239,36.84722],[127.22291,36.84882],[127.22876,36.85366],[127.23335,36.86689],[127.23703,36.86588],[127.24771,36.87104],[127.25203,36.8788],[127.25952,36.878],[127.26619,36.88311],[127.2714,36.88247],[127.2727,36.88735],[127.27789,36.89025],[127.28139,36.88785],[127.29151,36.89218],[127.29599,36.88975]]]]}},{"type":"Feature","properties":{"code":"34012","name":"천안시서북구","slug":"cheonansiseobukgu","wide":"chungnam","center":[127.15946,36.87505]},"geometry":{"type":"MultiPolygon","coordinates":[[[[127.15031,36.81773],[127.14832,36.81581],[127.14574,36.80356],[127.14319,36.80294],[127.14121,36.80811],[127.13114,36.81892],[127.12838,36.82009],[127.12424,36.81726],[127.1262,36.81219],[127.13324,36.80979],[127.13139,36.79991],[127.13463,36.80033],[127.13545,36.79579],[127.12942,36.79541],[127.12481,36.78903],[127.1203,36.79053],[127.11729,36.78638],[127.11333,36.78493],[127.11031,36.79301],[127.11104,36.79728],[127.10369,36.79895],[127.10019,36.79258],[127.09768,36.79258],[127.09559,36.79591],[127.09619,36.80499],[127.09853,36.81054],[127.09659,36.81496],[127.1015,36.82195],[127.10087,36.83165],[127.10562,36.83649],[127.09825,36.8379],[127.09821,36.83984],[127.10503,36.8458],[127.11049,36.85498],[127.10684,36.86029],[127.08742,36.86186],[127.08871,36.86752],[127.08631,36.87584],[127.09104,36.88226],[127.08818,36.88996],[127.09295,36.89361],[127.08942,36.89984],[127.08466,36.90351],[127.08749,36.90735],[127.09285,36.90872],[127.09393,36.91309],[127.08656,36.92459],[127.07473,36.93593],[127.07408,36.93862],[127.08621,36.94774],[127.09576,36.94237],[127.097,36.94799],[127.103,36.95308],[127.09641,36.95569],[127.09651,36.95934],[127.11154,36.97128],[127.11865,36.97085],[127.12136,36.96827],[127.12966,36.96642],[127.1439,36.9711],[127.15918,36.96976],[127.15442,36.96623],[127.1554,36.96443],[127.16553,36.96166],[127.1782,36.96252],[127.1805,36.95667],[127.19075,36.95249],[127.20358,36.95055],[127.20687,36.94613],[127.20626,36.94291],[127.21156,36.93781],[127.21045,36.93054],[127.22033,36.93045],[127.22838,36.92451],[127.23635,36.92372],[127.23766,36.92056],[127.24405,36.9176],[127.25313,36.92244],[127.25861,36.91587],[127.27345,36.91145],[127.27457,36.90868],[127.27884,36.90625],[127.27921,36.90055],[127.29059,36.8922],[127.2845,36.88845],[127.28139,36.88785],[127.27789,36.89025],[127.27518,36.88906],[127.2727,36.88735],[127.2714,36.88247],[127.26619,36.88311],[127.25952,36.878],[127.25237,36.87894],[127.24771,36.87104],[127.23703,36.86588],[127.23335,36.86689],[127.22876,36.85366],[127.22291,36.84882],[127.21239,36.84722],[127.20606,36.8526],[127.19833,36.85327],[127.18404,36.846],[127.18039,36.84209],[127.17701,36.84127],[127.17113,36.84595],[127.1672,36.84017],[127.15911,36.83395],[127.15267,36.82446],[127.15026,36.82457],[127.14905,36.81874],[127.15031,36.81773]]]]}},{"type":"Feature","properties":{"code":"34020","name":"공주시","slug":"gongju-si","wide":"chungnam","center":[127.08473,36.47298]},"geometry":{"type":"MultiPolygon","coordinates":[[[[126.98945,36.64872],[126.99323,36.64867],[126.99917,36.652],[127.00272,36.65125],[127.00939,36.65628],[127.02041,36.65014],[127.02529,36.65609],[127.03697,36.65531],[127.04315,36.6516],[127.05408,36.65122],[127.05866,36.64541],[127.06558,36.64606],[127.07276,36.64252],[127.08504,36.64147],[127.08958,36.64327],[127.09315,36.64871],[127.09394,36.65409],[127.10053,36.65425],[127.10884,36.65861],[127.12017,36.65597],[127.12396,36.65299],[127.12763,36.65335],[127.12835,36.64857],[127.13108,36.64565],[127.1405,36.64286],[127.14059,36.63674],[127.14836,36.62844],[127.15005,36.61901],[127.15599,36.61515],[127.15588,36.60601],[127.16608,36.60255],[127.17272,36.59545],[127.17808,36.59689],[127.18168,36.59551],[127.18432,36.5912],[127.18797,36.59408],[127.19135,36.59394],[127.18926,36.58684],[127.19296,36.58082],[127.2004,36.58257],[127.20714,36.57934],[127.20739,36.57626],[127.20373,36.57265],[127.2031,36.56744],[127.1992,36.56494],[127.19379,36.56481],[127.18676,36.55294],[127.19183,36.54603],[127.18701,36.5458],[127.18504,36.54366],[127.17867,36.54536],[127.17424,36.54219],[127.17302,36.53346],[127.17492,36.53298],[127.17573,36.52888],[127.18235,36.52144],[127.17399,36.51551],[127.16999,36.50904],[127.17597,36.50541],[127.17757,36.50241],[127.17324,36.49744],[127.17705,36.4926],[127.18545,36.49321],[127.19468,36.48959],[127.19482,36.48439],[127.19048,36.47947],[127.19202,36.47467],[127.19791,36.46597],[127.20109,36.4668],[127.20328,36.46498],[127.20473,36.45929],[127.1984,36.45221],[127.20182,36.44632],[127.20111,36.44125],[127.19893,36.43988],[127.21771,36.43374],[127.22511,36.42665],[127.22693,36.42122],[127.22878,36.4228],[127.23171,36.42195],[127.23193,36.41991],[127.24226,36.41862],[127.2508,36.40676],[127.25912,36.40911],[127.25872,36.4144],[127.26241,36.41663],[127.26685,36.41706],[127.27611,36.41389],[127.2821,36.415],[127.27806,36.38672],[127.28104,36.37486],[127.27743,36.36866],[127.27768,36.36529],[127.27057,36.36086],[127.27241,36.35412],[127.27789,36.34901],[127.27912,36.34482],[127.27243,36.34296],[127.26573,36.33804],[127.26812,36.33141],[127.26611,36.32853],[127.26088,36.32714],[127.25594,36.32903],[127.25379,36.33684],[127.24209,36.33867],[127.24046,36.3468],[127.2372,36.34838],[127.21421,36.34985],[127.20399,36.34604],[127.20585,36.34322],[127.19637,36.33466],[127.18545,36.32995],[127.17929,36.33064],[127.16501,36.32247],[127.15862,36.32286],[127.15836,36.31654],[127.14748,36.31151],[127.14303,36.30656],[127.13072,36.31801],[127.12983,36.32123],[127.12085,36.31839],[127.11519,36.33007],[127.10677,36.34029],[127.10455,36.3352],[127.09506,36.32427],[127.08871,36.31763],[127.08425,36.31653],[127.07783,36.29633],[127.07206,36.29493],[127.06871,36.29732],[127.06728,36.29592],[127.0682,36.29053],[127.06511,36.28626],[127.06682,36.28268],[127.06591,36.27715],[127.05327,36.27868],[127.03921,36.28356],[127.03412,36.2809],[127.02772,36.28184],[127.02314,36.28737],[127.0164,36.29118],[127.01455,36.29684],[127.00975,36.29569],[127.00369,36.29836],[127.0004,36.29657],[126.99142,36.3009],[126.98718,36.30683],[126.9865,36.31168],[126.98856,36.31794],[126.99286,36.31912],[126.99599,36.32747],[126.98942,36.33088],[126.99021,36.3358],[126.98442,36.3374],[126.9773,36.33515],[126.9825,36.33796],[126.98969,36.34568],[126.98783,36.34774],[126.98748,36.35866],[126.98828,36.36644],[126.99202,36.3752],[127.02578,36.3971],[127.02368,36.39888],[127.02823,36.40354],[127.02735,36.40613],[127.01533,36.41833],[127.02388,36.42424],[127.01785,36.43461],[127.02022,36.43854],[127.00698,36.43837],[127.00885,36.44672],[127.00664,36.452],[127.00205,36.4516],[127.00309,36.45586],[127.00113,36.45571],[126.99485,36.46136],[126.98194,36.46308],[126.97493,36.46668],[126.96667,36.46681],[126.96467,36.46461],[126.9604,36.46427],[126.9563,36.46866],[126.95262,36.46544],[126.94059,36.46204],[126.93058,36.45451],[126.91546,36.45565],[126.91357,36.46519],[126.90498,36.46818],[126.90106,36.47131],[126.89936,36.47677],[126.8935,36.47916],[126.89463,36.4809],[126.89234,36.48758],[126.89213,36.49835],[126.89395,36.50361],[126.88357,36.5126],[126.88802,36.51728],[126.89307,36.52743],[126.8884,36.53384],[126.88972,36.54143],[126.89986,36.54966],[126.8992,36.5601],[126.90665,36.56638],[126.91035,36.56691],[126.91143,36.57216],[126.92046,36.57749],[126.92482,36.58766],[126.93098,36.59174],[126.9274,36.59562],[126.92744,36.60098],[126.93197,36.60326],[126.93007,36.60682],[126.93221,36.61306],[126.9375,36.61582],[126.93585,36.62313],[126.9454,36.62811],[126.94353,36.63295],[126.94838,36.641],[126.95473,36.64469],[126.9545,36.65132],[126.95913,36.65687],[126.95738,36.67203],[126.96446,36.67847],[126.96767,36.67925],[126.97048,36.67073],[126.97861,36.66091],[126.9781,36.65363],[126.98945,36.64872]]]]}},{"type":"Feature","properties":{"code":"34030","name":"보령시","slug":"boryeong-si","wide":"chungnam","center":[126.58799,36.37967]},"geometry":{"type":"MultiPolygon","coordinates":[[[[126.50561,36.21045],[126.50451,36.2125],[126.50634,36.21332],[126.50561,36.21045]]],[[[126.05942,36.20947],[126.05522,36.20646],[126.05584,36.20346],[126.06148,36.20084],[126.05924,36.199],[126.05407,36.19924],[126.05281,36.20503],[126.05733,36.20976],[126.05942,36.20947]]],[[[126.51863,36.21475],[126.51691,36.21658],[126.51936,36.21616],[126.51863,36.21475]]],[[[126.04288,36.21075],[126.03927,36.21096],[126.04213,36.21203],[126.04288,36.21075]]],[[[126.11165,36.21585],[126.10676,36.21921],[126.11131,36.21766],[126.11165,36.21585]]],[[[126.06776,36.21762],[126.06483,36.21885],[126.06853,36.22025],[126.06776,36.21762]]],[[[126.03169,36.21552],[126.03668,36.21493],[126.0387,36.2112],[126.03316,36.21093],[126.02278,36.2247],[126.02552,36.22654],[126.02691,36.22271],[126.03436,36.21855],[126.03147,36.2177],[126.03169,36.21552]]],[[[126.09222,36.23401],[126.09644,36.22606],[126.0817,36.22421],[126.08096,36.22622],[126.07802,36.22606],[126.07723,36.22073],[126.06943,36.22124],[126.06733,36.22325],[126.07087,36.22857],[126.07467,36.22846],[126.07494,36.23437],[126.07763,36.23529],[126.08071,36.23156],[126.08484,36.23082],[126.08976,36.23782],[126.09213,36.2372],[126.09222,36.23401]]],[[[126.06854,36.23734],[126.06305,36.23847],[126.0642,36.23961],[126.06854,36.23734]]],[[[125.96825,36.23799],[125.96983,36.23832],[125.97051,36.23613],[125.96778,36.23344],[125.96611,36.22706],[125.95794,36.22987],[125.95835,36.23507],[125.96344,36.23606],[125.96623,36.23955],[125.96825,36.23799]]],[[[126.52161,36.246],[126.52344,36.24567],[126.52243,36.24409],[126.51713,36.24181],[126.51803,36.24439],[126.52161,36.246]]],[[[126.05981,36.24128],[126.06128,36.24001],[126.06042,36.23771],[126.05064,36.2387],[126.04813,36.24111],[126.05981,36.24128]]],[[[126.28203,36.25054],[126.28635,36.24938],[126.28316,36.2439],[126.27665,36.25091],[126.28203,36.25054]]],[[[126.29058,36.2557],[126.28815,36.26034],[126.29139,36.26175],[126.29058,36.2557]]],[[[126.25556,36.27052],[126.25423,36.27344],[126.25744,36.2725],[126.25556,36.27052]]],[[[126.27183,36.27934],[126.26612,36.26877],[126.26634,36.26525],[126.26073,36.26695],[126.26079,36.27624],[126.27183,36.27934]]],[[[126.19757,36.28668],[126.20716,36.28672],[126.20753,36.28419],[126.19335,36.28228],[126.19473,36.28614],[126.19757,36.28668]]],[[[126.29436,36.29028],[126.29318,36.29219],[126.29531,36.29639],[126.29661,36.29404],[126.29436,36.29028]]],[[[126.24615,36.29711],[126.24761,36.29565],[126.24387,36.296],[126.24615,36.29711]]],[[[126.32088,36.2981],[126.31918,36.29813],[126.31844,36.30091],[126.32062,36.30229],[126.32088,36.2981]]],[[[126.26469,36.30376],[126.26494,36.30203],[126.26744,36.3043],[126.27013,36.30283],[126.26599,36.29751],[126.26764,36.29287],[126.25901,36.28874],[126.25898,36.28638],[126.25418,36.28742],[126.25055,36.29493],[126.25705,36.29514],[126.25906,36.29815],[126.25545,36.30104],[126.25875,36.30403],[126.26469,36.30376]]],[[[126.32856,36.30459],[126.32509,36.30471],[126.32789,36.3064],[126.33001,36.30546],[126.32856,36.30459]]],[[[126.25635,36.3073],[126.25413,36.30664],[126.24916,36.31],[126.25274,36.31183],[126.25635,36.3073]]],[[[126.35411,36.31477],[126.35755,36.31014],[126.3492,36.30875],[126.34576,36.30999],[126.34334,36.31418],[126.34891,36.31188],[126.35092,36.31294],[126.34799,36.31521],[126.35411,36.31477]]],[[[126.27246,36.34734],[126.27341,36.34592],[126.27039,36.34651],[126.27246,36.34734]]],[[[126.35592,36.35519],[126.3616,36.35169],[126.36109,36.34156],[126.37075,36.33473],[126.36133,36.33103],[126.36262,36.32778],[126.36096,36.32583],[126.34954,36.33104],[126.34685,36.33088],[126.34342,36.32713],[126.34088,36.32804],[126.33978,36.32898],[126.34287,36.33261],[126.34068,36.33779],[126.34884,36.34141],[126.35268,36.3517],[126.35217,36.35493],[126.35592,36.35519]]],[[[126.45805,36.3546],[126.45251,36.35673],[126.44341,36.35571],[126.44262,36.35858],[126.4394,36.36004],[126.41307,36.36515],[126.40853,36.36417],[126.40498,36.367],[126.39838,36.36831],[126.38694,36.36628],[126.38414,36.3679],[126.38402,36.37632],[126.38734,36.38014],[126.39696,36.38064],[126.39821,36.37693],[126.40594,36.3767],[126.40937,36.37234],[126.4145,36.37096],[126.41776,36.37246],[126.41261,36.37921],[126.41361,36.382],[126.41797,36.38314],[126.42068,36.37986],[126.42256,36.38142],[126.42065,36.38494],[126.43518,36.38446],[126.43126,36.37742],[126.43515,36.37507],[126.43813,36.37583],[126.43877,36.37221],[126.43189,36.36984],[126.43145,36.36814],[126.43849,36.36373],[126.45249,36.36061],[126.45975,36.36209],[126.46078,36.36039],[126.45805,36.3546]]],[[[126.4502,36.37807],[126.44043,36.37904],[126.43923,36.38724],[126.44505,36.39016],[126.44852,36.38302],[126.45534,36.3797],[126.4502,36.37807]]],[[[126.36395,36.37833],[126.36195,36.38002],[126.36097,36.38606],[126.36171,36.39167],[126.36523,36.39407],[126.36545,36.39228],[126.37092,36.3899],[126.36669,36.38674],[126.36722,36.38182],[126.36395,36.37833]]],[[[126.43689,36.4008],[126.43627,36.39913],[126.42953,36.39709],[126.43689,36.4008]]],[[[126.45991,36.40222],[126.45689,36.40279],[126.45424,36.40613],[126.45991,36.40222]]],[[[126.35563,36.39959],[126.35002,36.39661],[126.34063,36.3957],[126.33856,36.39335],[126.3399,36.38965],[126.33797,36.38554],[126.33355,36.38718],[126.33567,36.39889],[126.342,36.39945],[126.34892,36.40557],[126.35517,36.40177],[126.35563,36.39959]]],[[[126.44011,36.40456],[126.43605,36.40493],[126.43669,36.40798],[126.44011,36.40456]]],[[[126.46844,36.41073],[126.46989,36.41002],[126.46667,36.40801],[126.46844,36.41073]]],[[[126.45785,36.40863],[126.45489,36.40992],[126.45546,36.41172],[126.45779,36.41109],[126.45785,36.40863]]],[[[126.5574,36.46841],[126.55562,36.47084],[126.55972,36.47085],[126.5574,36.46841]]],[[[126.51011,36.5201],[126.52402,36.51959],[126.54055,36.50397],[126.5597,36.50498],[126.56501,36.50845],[126.56607,36.50296],[126.57167,36.50192],[126.59,36.50889],[126.59332,36.50639],[126.5927,36.50348],[126.59657,36.49899],[126.59773,36.49284],[126.60189,36.48855],[126.59859,36.48115],[126.59898,36.47886],[126.60152,36.47911],[126.60056,36.47772],[126.58936,36.47524],[126.58602,36.47632],[126.58466,36.47924],[126.5738,36.48346],[126.57117,36.48387],[126.56855,36.479],[126.56671,36.48433],[126.56144,36.48405],[126.56109,36.47811],[126.55297,36.47319],[126.54542,36.47235],[126.53414,36.45959],[126.53519,36.45683],[126.52697,36.45635],[126.5248,36.4516],[126.52756,36.44945],[126.52616,36.44732],[126.53315,36.44037],[126.53884,36.4435],[126.53715,36.44583],[126.53861,36.44919],[126.54208,36.45049],[126.54482,36.44856],[126.55116,36.4529],[126.5494,36.46115],[126.55041,36.46583],[126.55616,36.4676],[126.55781,36.46271],[126.55621,36.45748],[126.55185,36.45471],[126.55269,36.45268],[126.55913,36.45057],[126.56554,36.45207],[126.56683,36.45463],[126.5654,36.45788],[126.56901,36.46123],[126.56952,36.46497],[126.56732,36.46583],[126.56838,36.47187],[126.57538,36.47529],[126.57909,36.47169],[126.59171,36.46924],[126.60284,36.47328],[126.61117,36.4795],[126.61468,36.48477],[126.62284,36.47782],[126.63175,36.47617],[126.63421,36.46662],[126.63841,36.46531],[126.65289,36.46742],[126.65445,36.46218],[126.65836,36.45973],[126.66592,36.46234],[126.67193,36.4616],[126.67488,36.46002],[126.67685,36.45084],[126.6879,36.44761],[126.68878,36.44545],[126.68395,36.4362],[126.69164,36.42861],[126.68885,36.42596],[126.69153,36.42094],[126.69129,36.41046],[126.70852,36.40207],[126.70923,36.39699],[126.71567,36.39368],[126.71137,36.38819],[126.72482,36.37489],[126.72445,36.37116],[126.70503,36.3665],[126.70262,36.36156],[126.70412,36.35056],[126.69978,36.34859],[126.69758,36.3365],[126.69566,36.33439],[126.68982,36.33534],[126.68404,36.33115],[126.67845,36.33164],[126.67873,36.32775],[126.68419,36.32233],[126.68008,36.31557],[126.68257,36.30826],[126.69276,36.30164],[126.69438,36.29853],[126.6873,36.29113],[126.69673,36.2834],[126.69234,36.28049],[126.69662,36.27554],[126.69421,36.26887],[126.71346,36.26146],[126.71854,36.25857],[126.7201,36.25518],[126.72765,36.25747],[126.73872,36.25401],[126.73555,36.24308],[126.7369,36.24144],[126.73232,36.23722],[126.7254,36.23785],[126.7182,36.23458],[126.71834,36.23183],[126.71504,36.22889],[126.71577,36.21994],[126.71317,36.21441],[126.69885,36.20361],[126.69205,36.19009],[126.68547,36.18897],[126.68083,36.1824],[126.67173,36.17792],[126.66692,36.17602],[126.6587,36.17784],[126.65801,36.18085],[126.6554,36.18122],[126.64068,36.17643],[126.63194,36.1761],[126.62885,36.1734],[126.62326,36.17308],[126.61949,36.17501],[126.6143,36.17228],[126.58009,36.17765],[126.57096,36.18875],[126.56515,36.19215],[126.52506,36.18755],[126.53784,36.20149],[126.53612,36.21047],[126.53049,36.21935],[126.53103,36.23035],[126.52902,36.23833],[126.5404,36.24885],[126.5404,36.25053],[126.53714,36.25162],[126.54002,36.26075],[126.54635,36.26095],[126.54813,36.26574],[126.54047,36.27788],[126.53832,36.27508],[126.53473,36.27656],[126.53739,36.28237],[126.52818,36.29713],[126.5223,36.3003],[126.51896,36.29766],[126.51695,36.29904],[126.51818,36.30125],[126.51507,36.3078],[126.50342,36.32471],[126.5043,36.32982],[126.50579,36.33116],[126.50484,36.32871],[126.51507,36.32752],[126.51617,36.33234],[126.51984,36.3353],[126.54327,36.33895],[126.55046,36.34693],[126.56014,36.35083],[126.55983,36.35316],[126.54557,36.35515],[126.50967,36.38106],[126.50108,36.37985],[126.5015,36.38291],[126.50761,36.38358],[126.50803,36.3865],[126.50663,36.38423],[126.48595,36.38235],[126.47984,36.38477],[126.48661,36.3996],[126.48943,36.41498],[126.49341,36.41962],[126.49778,36.41962],[126.50022,36.42179],[126.49612,36.42346],[126.49529,36.42579],[126.50592,36.42765],[126.51705,36.43837],[126.53161,36.44096],[126.52562,36.44581],[126.515,36.44215],[126.50452,36.43463],[126.49808,36.4327],[126.49636,36.43862],[126.50024,36.44486],[126.49249,36.44834],[126.48671,36.4548],[126.48896,36.46017],[126.48554,36.46468],[126.48996,36.46842],[126.48872,36.47136],[126.48396,36.47273],[126.48106,36.47765],[126.47932,36.49156],[126.48265,36.5024],[126.483,36.51411],[126.48503,36.50899],[126.49139,36.50837],[126.49173,36.51277],[126.49941,36.52286],[126.50554,36.52398],[126.51011,36.5201]],[[126.51956,36.33491],[126.5163,36.33221],[126.52141,36.33226],[126.52832,36.33549],[126.51956,36.33491]]]]}},{"type":"Feature","properties":{"code":"34040","name":"아산시","slug":"asan-si","wide":"chungnam","center":[126.99817,36.79422]},"geometry":{"type":"MultiPolygon","coordinates":[[[[127.07812,36.9339],[127.08656,36.92459],[127.09412,36.91183],[127.09285,36.90872],[127.08749,36.90735],[127.08466,36.90351],[127.08942,36.89984],[127.09295,36.89361],[127.08818,36.88996],[127.09104,36.88226],[127.08631,36.87584],[127.08871,36.86752],[127.08742,36.86186],[127.10684,36.86029],[127.11049,36.85498],[127.10503,36.8458],[127.09821,36.83984],[127.09825,36.8379],[127.10562,36.83649],[127.10087,36.83165],[127.1015,36.82195],[127.09659,36.81496],[127.09853,36.81054],[127.09619,36.80499],[127.09559,36.79591],[127.09768,36.79258],[127.10019,36.79258],[127.10369,36.79895],[127.11104,36.79728],[127.11031,36.79301],[127.11368,36.78713],[127.11296,36.78249],[127.11759,36.78046],[127.11908,36.77636],[127.11926,36.76621],[127.11799,36.76356],[127.10857,36.75904],[127.09214,36.7611],[127.09213,36.75927],[127.09839,36.75563],[127.09383,36.74999],[127.08653,36.74926],[127.0883,36.74505],[127.08626,36.7446],[127.08045,36.73037],[127.08469,36.72236],[127.07996,36.71835],[127.07843,36.71022],[127.07229,36.70814],[127.05897,36.70833],[127.04911,36.70337],[127.03891,36.69314],[127.02947,36.6895],[127.01565,36.67243],[127.01542,36.66646],[127.00621,36.65287],[126.99839,36.65185],[126.99192,36.64861],[126.9781,36.65363],[126.97861,36.66091],[126.97048,36.67073],[126.96767,36.67925],[126.96782,36.68659],[126.97234,36.69086],[126.96954,36.69397],[126.95472,36.6989],[126.94998,36.70377],[126.94122,36.70145],[126.93872,36.70343],[126.93325,36.70276],[126.92839,36.70454],[126.92199,36.70075],[126.91329,36.70387],[126.90678,36.70161],[126.90219,36.70227],[126.90446,36.70936],[126.90234,36.71506],[126.89904,36.71703],[126.89715,36.72362],[126.89207,36.72448],[126.88663,36.73144],[126.87497,36.72818],[126.86681,36.72945],[126.85766,36.74285],[126.85898,36.74704],[126.85004,36.74906],[126.8471,36.75329],[126.84186,36.75166],[126.83899,36.75303],[126.8373,36.75615],[126.83798,36.76063],[126.83087,36.76208],[126.83132,36.76834],[126.82913,36.7732],[126.83544,36.7864],[126.84271,36.78884],[126.85649,36.78944],[126.85906,36.79404],[126.8579,36.80056],[126.84826,36.81691],[126.83691,36.83123],[126.83655,36.84231],[126.84492,36.88434],[126.86278,36.88001],[126.88266,36.8868],[126.90589,36.88869],[126.91119,36.89262],[126.90961,36.90159],[126.91674,36.90621],[126.93963,36.91733],[126.97375,36.92586],[126.98555,36.93249],[126.99518,36.93536],[127.00079,36.9336],[127.00744,36.93573],[127.01557,36.93539],[127.0258,36.92875],[127.03104,36.92809],[127.03738,36.93233],[127.04951,36.93385],[127.06773,36.94224],[127.07346,36.94013],[127.07473,36.93593],[127.07812,36.9339]]]]}},{"type":"Feature","properties":{"code":"34050","name":"서산시","slug":"seosan-si","wide":"chungnam","center":[126.44287,36.84204]},"geometry":{"type":"MultiPolygon","coordinates":[[[[126.36225,36.86966],[126.36209,36.87278],[126.36392,36.87098],[126.36225,36.86966]]],[[[126.38807,36.8895],[126.38275,36.88908],[126.38108,36.89248],[126.38643,36.89213],[126.38807,36.8895]]],[[[126.32822,36.91425],[126.33546,36.91492],[126.33886,36.91299],[126.33753,36.90993],[126.34592,36.90484],[126.34517,36.90135],[126.33348,36.90401],[126.33168,36.911],[126.32567,36.91429],[126.32822,36.91425]]],[[[126.37111,36.9274],[126.37756,36.92904],[126.38845,36.92396],[126.38643,36.91948],[126.37331,36.91725],[126.37082,36.92184],[126.37111,36.9274]]],[[[126.35503,36.92941],[126.35232,36.93094],[126.35714,36.93271],[126.35503,36.92941]]],[[[126.34242,36.92726],[126.3426,36.92535],[126.33924,36.92868],[126.33793,36.9342],[126.34242,36.92726]]],[[[126.34754,36.9529],[126.34628,36.95057],[126.34597,36.95269],[126.34754,36.9529]]],[[[126.39523,36.88754],[126.3962,36.89306],[126.40545,36.89119],[126.40772,36.89632],[126.41003,36.89706],[126.40704,36.90167],[126.41334,36.8936],[126.42184,36.899],[126.4299,36.89841],[126.43238,36.90109],[126.42692,36.90683],[126.41067,36.90816],[126.40904,36.90994],[126.41208,36.91395],[126.40852,36.91841],[126.40468,36.91918],[126.40531,36.92159],[126.4088,36.91918],[126.41348,36.91959],[126.4178,36.92344],[126.42059,36.93144],[126.4189,36.93741],[126.41841,36.93276],[126.4162,36.93133],[126.40859,36.93604],[126.40497,36.9324],[126.40029,36.93266],[126.39954,36.93522],[126.39603,36.93546],[126.38901,36.92675],[126.3902,36.93001],[126.38227,36.93655],[126.38026,36.94527],[126.36822,36.947],[126.35944,36.93889],[126.35734,36.94123],[126.35779,36.94463],[126.36197,36.94975],[126.35864,36.95298],[126.35373,36.95091],[126.35096,36.95255],[126.35018,36.96145],[126.33599,36.95991],[126.33315,36.96115],[126.33676,36.96839],[126.33359,36.97134],[126.33466,36.97344],[126.33736,36.96835],[126.34359,36.96672],[126.35234,36.9689],[126.36348,36.96832],[126.36763,36.96459],[126.36724,36.96198],[126.37038,36.96026],[126.3761,36.96506],[126.37634,36.96821],[126.38157,36.96907],[126.38654,36.96745],[126.38868,36.96982],[126.38767,36.97205],[126.38405,36.97419],[126.38151,36.97294],[126.37597,36.97405],[126.37978,36.98015],[126.3746,36.9826],[126.37053,36.98259],[126.36518,36.979],[126.3623,36.98286],[126.35762,36.98268],[126.36078,36.98177],[126.35584,36.98065],[126.35044,36.98104],[126.33985,36.98535],[126.33081,36.9853],[126.32774,36.99077],[126.32736,36.99867],[126.32906,36.99997],[126.33248,36.99673],[126.35214,37.0046],[126.35621,37.01104],[126.35898,37.0122],[126.36149,37.00654],[126.37963,37.00926],[126.38345,37.01217],[126.40667,37.01213],[126.41145,37.01427],[126.41233,37.01212],[126.41769,37.01219],[126.41749,37.01729],[126.4208,37.01982],[126.41783,37.01724],[126.41835,37.01495],[126.43105,37.0137],[126.43064,37.01245],[126.43759,37.01045],[126.43652,37.00775],[126.4521,37.00682],[126.4544,36.99896],[126.46334,37.00342],[126.48083,36.97849],[126.49016,36.94303],[126.48958,36.93583],[126.47427,36.89479],[126.47408,36.88094],[126.48384,36.87548],[126.49841,36.87091],[126.50931,36.87065],[126.50999,36.85764],[126.51531,36.85118],[126.51031,36.84689],[126.51539,36.84373],[126.51512,36.84091],[126.51816,36.83634],[126.52348,36.83458],[126.52605,36.82667],[126.53794,36.82758],[126.55368,36.82436],[126.55709,36.82699],[126.56663,36.82888],[126.57519,36.82531],[126.5795,36.82698],[126.58403,36.83409],[126.59162,36.83811],[126.59506,36.83128],[126.5989,36.83017],[126.5995,36.82243],[126.59792,36.82038],[126.60075,36.81722],[126.60939,36.81641],[126.61737,36.8122],[126.62651,36.81442],[126.63194,36.81231],[126.63136,36.80696],[126.63593,36.80486],[126.63677,36.80099],[126.64384,36.79392],[126.65021,36.78312],[126.64986,36.77958],[126.65331,36.77666],[126.65341,36.77396],[126.64916,36.77007],[126.6513,36.76648],[126.64753,36.76108],[126.65276,36.75662],[126.65318,36.75053],[126.64967,36.75316],[126.64494,36.75179],[126.63705,36.75832],[126.63315,36.75785],[126.63166,36.75578],[126.63391,36.74897],[126.63316,36.74064],[126.62486,36.73357],[126.60881,36.73296],[126.60911,36.72912],[126.60227,36.72003],[126.60548,36.71013],[126.6096,36.7043],[126.60485,36.69848],[126.60019,36.69686],[126.60034,36.69045],[126.59626,36.68538],[126.5991,36.67868],[126.59504,36.6682],[126.58898,36.6635],[126.58559,36.66553],[126.58144,36.66433],[126.57961,36.65487],[126.57449,36.65317],[126.57084,36.64864],[126.56534,36.64954],[126.56014,36.64364],[126.54561,36.64021],[126.54303,36.64343],[126.53429,36.64593],[126.52412,36.63889],[126.51836,36.63821],[126.516,36.63231],[126.51138,36.63069],[126.50566,36.63486],[126.49729,36.63127],[126.45302,36.62578],[126.45274,36.61536],[126.44067,36.60034],[126.42332,36.60614],[126.41332,36.60555],[126.41101,36.60346],[126.41041,36.60629],[126.41361,36.60598],[126.41621,36.60904],[126.41422,36.61497],[126.39864,36.61897],[126.38591,36.6194],[126.3757,36.6239],[126.3732,36.62023],[126.37092,36.62259],[126.37479,36.62489],[126.37292,36.62602],[126.36854,36.6242],[126.36573,36.62685],[126.36019,36.62489],[126.34731,36.68024],[126.34523,36.7126],[126.3468,36.71454],[126.34617,36.73071],[126.34378,36.74099],[126.34289,36.7421],[126.33897,36.73987],[126.33701,36.74285],[126.34337,36.74659],[126.34747,36.7562],[126.35059,36.76752],[126.34832,36.77826],[126.35263,36.78284],[126.35513,36.79029],[126.34901,36.79971],[126.33498,36.81501],[126.33747,36.81789],[126.33013,36.82298],[126.32586,36.83015],[126.32767,36.83431],[126.3266,36.83643],[126.32121,36.83776],[126.31781,36.84306],[126.3247,36.84777],[126.32538,36.85655],[126.32848,36.86129],[126.33276,36.86346],[126.33741,36.86052],[126.34674,36.86124],[126.34522,36.8535],[126.34221,36.84878],[126.34321,36.84627],[126.34533,36.84398],[126.34816,36.84418],[126.35434,36.83292],[126.36511,36.82955],[126.36593,36.83407],[126.35939,36.84151],[126.35834,36.84912],[126.36303,36.85069],[126.37041,36.85756],[126.37191,36.86798],[126.36449,36.87653],[126.3679,36.87884],[126.37487,36.8793],[126.37542,36.88184],[126.37839,36.88221],[126.39775,36.88059],[126.39975,36.8839],[126.39523,36.88754]]],[[[126.38434,37.02146],[126.38318,37.02264],[126.38842,37.02651],[126.38846,37.02366],[126.38434,37.02146]]]]}},{"type":"Feature","properties":{"code":"34060","name":"논산시","slug":"nonsan-si","wide":"chungnam","center":[127.1613,36.1897]},"geometry":{"type":"MultiPolygon","coordinates":[[[[127.11799,36.32186],[127.12085,36.31839],[127.12983,36.32123],[127.13072,36.31801],[127.14303,36.30656],[127.14748,36.31151],[127.15836,36.31654],[127.15862,36.32286],[127.16501,36.32247],[127.17929,36.33064],[127.18545,36.32995],[127.19637,36.33466],[127.19924,36.32681],[127.20258,36.32344],[127.2021,36.31778],[127.20555,36.30336],[127.20147,36.29422],[127.20196,36.28562],[127.19692,36.27647],[127.19972,36.27032],[127.19723,36.26206],[127.20163,36.25111],[127.20699,36.25241],[127.21111,36.2572],[127.22125,36.2622],[127.23019,36.25587],[127.23727,36.25479],[127.23757,36.24488],[127.2402,36.24305],[127.23905,36.23587],[127.24543,36.23221],[127.26191,36.2363],[127.2659,36.24208],[127.27348,36.24522],[127.28139,36.24557],[127.2803,36.24435],[127.28309,36.23702],[127.28184,36.2358],[127.2923,36.2298],[127.29382,36.22312],[127.30255,36.22188],[127.30357,36.22974],[127.30639,36.22616],[127.31526,36.22129],[127.32153,36.21343],[127.32087,36.20893],[127.32304,36.20373],[127.32814,36.20408],[127.33355,36.20067],[127.32981,36.19418],[127.3317,36.19269],[127.3319,36.18455],[127.327,36.17526],[127.32035,36.17108],[127.32113,36.16465],[127.31908,36.16425],[127.31853,36.16176],[127.31984,36.15626],[127.31838,36.15407],[127.32318,36.14578],[127.32278,36.12696],[127.31939,36.12423],[127.31855,36.11973],[127.31092,36.12044],[127.3054,36.1258],[127.30169,36.1252],[127.29707,36.12273],[127.29394,36.11307],[127.28528,36.11216],[127.2734,36.10728],[127.26484,36.10868],[127.2597,36.11286],[127.25213,36.11313],[127.25035,36.10737],[127.24619,36.10479],[127.24559,36.10097],[127.24658,36.09485],[127.25472,36.08744],[127.24809,36.08296],[127.24233,36.08527],[127.2318,36.0966],[127.22592,36.09914],[127.22203,36.09692],[127.21481,36.09757],[127.21202,36.10065],[127.20487,36.10018],[127.20381,36.09365],[127.2008,36.09162],[127.20223,36.08846],[127.19804,36.08579],[127.19065,36.08777],[127.18244,36.09469],[127.17868,36.09423],[127.16878,36.08398],[127.16448,36.08544],[127.1574,36.08371],[127.15277,36.08558],[127.1512,36.09004],[127.14578,36.09029],[127.13519,36.08419],[127.13395,36.07029],[127.13212,36.06686],[127.12269,36.06358],[127.10203,36.07578],[127.09381,36.07482],[127.09038,36.0718],[127.08783,36.07556],[127.07485,36.08483],[127.07171,36.08463],[127.06615,36.08917],[127.06115,36.089],[127.06313,36.09157],[127.06039,36.09414],[127.06105,36.10548],[127.05697,36.11509],[127.06106,36.11719],[127.06301,36.12522],[127.05611,36.12678],[127.05564,36.13012],[127.05071,36.13091],[127.04533,36.13526],[127.04484,36.14609],[127.04252,36.14648],[127.03969,36.13827],[127.02406,36.1365],[127.02041,36.13824],[127.01574,36.14865],[127.01127,36.14586],[127.00667,36.1474],[127.00552,36.1515],[127.00029,36.1514],[126.99758,36.15877],[127.00268,36.16885],[126.99705,36.17722],[126.98909,36.1826],[126.98672,36.19144],[126.98922,36.19342],[126.98546,36.19594],[126.98416,36.20204],[126.98742,36.20273],[126.98404,36.20779],[126.99467,36.21467],[127.00099,36.21613],[127.00425,36.21583],[127.00613,36.21254],[127.00539,36.21009],[127.01457,36.21156],[127.02416,36.21924],[127.03045,36.23428],[127.04017,36.24214],[127.03995,36.24663],[127.05025,36.25048],[127.05541,36.2547],[127.06427,36.25604],[127.06911,36.26377],[127.07031,36.27046],[127.06582,36.27739],[127.06682,36.28268],[127.06511,36.28626],[127.0682,36.29053],[127.06728,36.29592],[127.06871,36.29732],[127.07206,36.29493],[127.07783,36.29633],[127.08425,36.31653],[127.08871,36.31763],[127.09506,36.32427],[127.10455,36.3352],[127.10677,36.34029],[127.11519,36.33007],[127.11799,36.32186]]]]}},{"type":"Feature","properties":{"code":"34070","name":"계룡시","slug":"gyeryongsi","wide":"chungnam","center":[127.23768,36.28835]},"geometry":{"type":"MultiPolygon","coordinates":[[[[127.2175,36.35025],[127.24046,36.3468],[127.24169,36.33906],[127.25379,36.33684],[127.25511,36.32975],[127.25977,36.32725],[127.26078,36.32169],[127.25842,36.31764],[127.25801,36.30993],[127.25842,36.30351],[127.26066,36.30185],[127.25985,36.29565],[127.25406,36.29687],[127.24665,36.29096],[127.25877,36.27605],[127.26535,36.27436],[127.28125,36.26519],[127.29176,36.26468],[127.28225,36.25797],[127.27942,36.25243],[127.28139,36.24557],[127.27457,36.24558],[127.26692,36.2427],[127.26191,36.2363],[127.24665,36.2319],[127.23905,36.23587],[127.2402,36.24305],[127.23757,36.24488],[127.23727,36.25479],[127.23019,36.25587],[127.22125,36.2622],[127.21111,36.2572],[127.20699,36.25241],[127.20163,36.25111],[127.19723,36.26206],[127.19972,36.27032],[127.19692,36.27647],[127.20196,36.28562],[127.20147,36.29422],[127.20555,36.30336],[127.2021,36.31778],[127.20258,36.32344],[127.19924,36.32681],[127.19637,36.33466],[127.20585,36.34322],[127.20399,36.34604],[127.2175,36.35025]]]]}},{"type":"Feature","properties":{"code":"34080","name":"당진시","slug":"dangjinsi","wide":"chungnam","center":[126.65342,36.88686]},"geometry":{"type":"MultiPolygon","coordinates":[[[[126.80958,36.9402],[126.8056,36.94152],[126.80451,36.94646],[126.80617,36.94951],[126.80914,36.94883],[126.81213,36.9445],[126.81168,36.94129],[126.80958,36.9402]]],[[[126.83293,36.94945],[126.84111,36.95296],[126.82914,36.94754],[126.82112,36.95923],[126.8219,36.96361],[126.82425,36.96469],[126.82171,36.9685],[126.83375,36.95137],[126.83209,36.95062],[126.83293,36.94945]]],[[[126.45217,37.0143],[126.45066,37.0165],[126.45218,37.01852],[126.45394,37.01668],[126.45217,37.0143]]],[[[126.45101,37.02107],[126.4476,37.02567],[126.45016,37.02467],[126.45101,37.02107]]],[[[126.43233,37.02051],[126.42827,37.02056],[126.42195,37.02578],[126.42719,37.02535],[126.43233,37.02051]]],[[[126.44478,37.03314],[126.4474,37.03265],[126.44807,37.03053],[126.44552,37.03044],[126.44361,37.03229],[126.44478,37.03314]]],[[[126.43971,37.0317],[126.43724,37.03322],[126.44004,37.03388],[126.44123,37.03268],[126.43971,37.0317]]],[[[126.45516,37.03576],[126.45344,37.0323],[126.4412,37.03578],[126.44035,37.03771],[126.45323,37.0418],[126.45579,37.03811],[126.45516,37.03576]]],[[[126.69484,37.00044],[126.70078,36.99751],[126.70046,36.99622],[126.70468,36.99937],[126.71927,36.9917],[126.73574,36.98724],[126.73735,36.98842],[126.74164,36.985],[126.74698,36.98814],[126.74453,36.98658],[126.7476,36.98555],[126.75,36.9871],[126.78348,36.97431],[126.77971,36.96675],[126.79441,36.94254],[126.79163,36.937],[126.80247,36.92459],[126.80637,36.93127],[126.8116,36.92624],[126.81728,36.89647],[126.8268,36.88852],[126.84492,36.88434],[126.83655,36.84231],[126.83691,36.83123],[126.84826,36.81691],[126.8579,36.80056],[126.85906,36.79404],[126.85649,36.78944],[126.8398,36.78838],[126.82335,36.78385],[126.8169,36.78708],[126.8143,36.78523],[126.82486,36.77734],[126.81373,36.77342],[126.81039,36.77005],[126.80066,36.77505],[126.7989,36.77386],[126.80199,36.76831],[126.80082,36.76634],[126.79419,36.76773],[126.78732,36.76367],[126.772,36.74926],[126.7678,36.75636],[126.7591,36.76329],[126.74679,36.76745],[126.74354,36.77796],[126.73751,36.78149],[126.7365,36.78603],[126.72794,36.79598],[126.71354,36.80352],[126.69625,36.80052],[126.69513,36.79877],[126.69745,36.79305],[126.69405,36.7849],[126.68387,36.78211],[126.676,36.78386],[126.66898,36.78063],[126.66725,36.7741],[126.66254,36.77011],[126.65674,36.77559],[126.65362,36.77491],[126.64986,36.77958],[126.65021,36.78312],[126.64384,36.79392],[126.63677,36.80099],[126.63548,36.80537],[126.63136,36.80696],[126.63194,36.81231],[126.62651,36.81442],[126.61737,36.8122],[126.60939,36.81641],[126.60075,36.81722],[126.59792,36.82038],[126.5995,36.82243],[126.5989,36.83017],[126.59506,36.83128],[126.59178,36.83807],[126.58403,36.83409],[126.5795,36.82698],[126.57519,36.82531],[126.56663,36.82888],[126.55709,36.82699],[126.55368,36.82436],[126.53794,36.82758],[126.52605,36.82667],[126.52348,36.83458],[126.51816,36.83634],[126.51512,36.84091],[126.51539,36.84373],[126.51031,36.84689],[126.51531,36.85118],[126.50999,36.85764],[126.50931,36.87065],[126.49841,36.87091],[126.48384,36.87548],[126.47408,36.88094],[126.47427,36.89479],[126.48958,36.93583],[126.49016,36.94303],[126.48083,36.97849],[126.46334,37.00342],[126.47039,37.00828],[126.46019,37.02005],[126.47107,37.0285],[126.46885,37.03057],[126.48906,37.05952],[126.49506,37.05972],[126.49832,37.06494],[126.51919,37.05941],[126.5187,37.05721],[126.52283,37.05539],[126.52753,37.0485],[126.52747,37.04363],[126.54021,37.03758],[126.54195,37.03505],[126.54955,37.03421],[126.5612,37.03705],[126.56313,37.03595],[126.56025,37.03627],[126.55819,37.03393],[126.56236,37.02894],[126.57129,37.02725],[126.57123,37.02537],[126.57475,37.02376],[126.58367,37.02269],[126.63154,37.00215],[126.64427,36.99955],[126.68388,36.998],[126.69484,37.00044]]],[[[126.4283,37.06418],[126.42785,37.06],[126.4319,37.05781],[126.43897,37.0577],[126.44072,37.06253],[126.44492,37.06067],[126.44991,37.05462],[126.44763,37.05178],[126.44997,37.04843],[126.44995,37.04402],[126.44378,37.04493],[126.43843,37.04223],[126.43353,37.04346],[126.42786,37.04028],[126.42073,37.04182],[126.42272,37.04311],[126.42117,37.05038],[126.42229,37.05492],[126.41741,37.05904],[126.41826,37.06309],[126.4283,37.06418]]]]}},{"type":"Feature","properties":{"code":"34310","name":"금산군","slug":"geumsan-gun","wide":"chungnam","center":[127.48114,36.11612]},"geometry":{"type":"MultiPolygon","coordinates":[[[[127.37763,36.27149],[127.39026,36.26227],[127.38656,36.25251],[127.38789,36.24589],[127.39089,36.24295],[127.39037,36.23952],[127.38726,36.23729],[127.38734,36.23415],[127.39928,36.23254],[127.40454,36.22293],[127.41063,36.21755],[127.408,36.21289],[127.41562,36.20886],[127.42937,36.20521],[127.43353,36.19858],[127.43942,36.1973],[127.4411,36.19479],[127.45559,36.2008],[127.45639,36.2036],[127.45416,36.207],[127.45924,36.20975],[127.46028,36.21292],[127.46963,36.21524],[127.46783,36.21705],[127.46753,36.22269],[127.47683,36.226],[127.47786,36.22967],[127.48997,36.23348],[127.48997,36.2371],[127.51813,36.24064],[127.52385,36.24649],[127.53257,36.25089],[127.53681,36.25086],[127.53509,36.24732],[127.53792,36.24278],[127.54944,36.23933],[127.54533,36.22551],[127.55283,36.22586],[127.56158,36.22897],[127.56385,36.22775],[127.57027,36.23352],[127.57955,36.2328],[127.58358,36.2313],[127.59111,36.22166],[127.59778,36.2175],[127.59966,36.20509],[127.59246,36.19535],[127.59771,36.18488],[127.59306,36.17738],[127.59863,36.1738],[127.60148,36.16905],[127.60166,36.16002],[127.59095,36.14483],[127.58948,36.1343],[127.59897,36.12352],[127.60553,36.1182],[127.61007,36.11853],[127.61308,36.11181],[127.6191,36.10889],[127.61692,36.10488],[127.61727,36.09358],[127.61924,36.0907],[127.62334,36.09069],[127.63215,36.08236],[127.6342,36.07362],[127.6383,36.06794],[127.63717,36.06662],[127.62392,36.06727],[127.62055,36.06421],[127.61864,36.05266],[127.6191,36.03917],[127.62513,36.04231],[127.63053,36.04215],[127.63268,36.03545],[127.63703,36.03511],[127.63975,36.03225],[127.63497,36.02951],[127.63134,36.03216],[127.62845,36.03196],[127.62691,36.02691],[127.62291,36.02464],[127.61655,36.02632],[127.61074,36.02535],[127.61097,36.0223],[127.61644,36.01906],[127.61866,36.00798],[127.61415,36.0008],[127.61057,36.00104],[127.60976,36.00494],[127.60664,36.00804],[127.60659,36.01191],[127.60007,36.01194],[127.5963,36.01901],[127.5915,36.02105],[127.58977,36.02605],[127.58256,36.02723],[127.57453,36.0233],[127.56633,36.03122],[127.55903,36.03344],[127.5522,36.03277],[127.54686,36.03806],[127.53142,36.04084],[127.532,36.03457],[127.53688,36.03259],[127.53884,36.02588],[127.53613,36.01994],[127.53987,36.01172],[127.5321,36.00797],[127.53611,36.00051],[127.53587,35.9949],[127.52442,35.98508],[127.51339,35.98322],[127.50671,35.97961],[127.49934,35.98738],[127.49441,35.98618],[127.48773,35.97826],[127.47593,35.98059],[127.46837,35.98809],[127.46559,35.98747],[127.46393,35.98394],[127.45579,35.98382],[127.4548,35.98726],[127.44861,35.99315],[127.44812,35.99892],[127.44415,36.00356],[127.44499,36.00662],[127.43724,36.00933],[127.43519,36.01463],[127.4373,36.02065],[127.43456,36.0295],[127.41959,36.0227],[127.41341,36.01516],[127.40732,36.01422],[127.40122,36.00874],[127.39681,36.01068],[127.39185,36.01703],[127.38964,36.01621],[127.38387,36.02127],[127.37649,36.02292],[127.37821,36.03062],[127.37354,36.03452],[127.37364,36.04109],[127.36037,36.05452],[127.36056,36.06151],[127.36434,36.06577],[127.36403,36.06825],[127.35946,36.06925],[127.36173,36.07617],[127.36012,36.07984],[127.35695,36.08155],[127.35726,36.08689],[127.36006,36.08938],[127.35019,36.0946],[127.34769,36.09827],[127.35492,36.10834],[127.35306,36.11361],[127.35051,36.1164],[127.34441,36.11786],[127.33848,36.1305],[127.3228,36.13063],[127.32317,36.14586],[127.31838,36.15407],[127.31984,36.15626],[127.31908,36.16425],[127.32113,36.16465],[127.32177,36.16866],[127.32035,36.17108],[127.327,36.17526],[127.33061,36.18362],[127.33551,36.18337],[127.34402,36.19666],[127.34759,36.19757],[127.34687,36.20413],[127.35297,36.21184],[127.35943,36.21393],[127.36039,36.21821],[127.3642,36.2189],[127.36355,36.2229],[127.36011,36.22668],[127.3634,36.2323],[127.36194,36.2342],[127.36514,36.24363],[127.36416,36.25156],[127.3596,36.25472],[127.36292,36.26912],[127.37123,36.26989],[127.37246,36.27218],[127.37763,36.27149]]]]}},{"type":"Feature","properties":{"code":"34330","name":"부여군","slug":"buyeo-gun","wide":"chungnam","center":[126.85342,36.25436]},"geometry":{"type":"MultiPolygon","coordinates":[[[[126.84986,36.38568],[126.84433,36.37461],[126.84062,36.37394],[126.83446,36.37782],[126.83199,36.37549],[126.83441,36.3712],[126.83459,36.364],[126.84483,36.3638],[126.84071,36.35747],[126.84141,36.35534],[126.84932,36.35472],[126.85359,36.34664],[126.85985,36.34335],[126.8599,36.33624],[126.85546,36.33134],[126.86215,36.32148],[126.86649,36.32363],[126.88466,36.32546],[126.89308,36.32252],[126.895,36.32718],[126.9001,36.33158],[126.89986,36.32568],[126.91241,36.32709],[126.91431,36.32538],[126.91471,36.32041],[126.92681,36.3145],[126.95741,36.32806],[126.96032,36.33245],[126.98587,36.33746],[126.99021,36.3358],[126.98891,36.33273],[126.99046,36.32962],[126.99599,36.32747],[126.99286,36.31912],[126.98856,36.31794],[126.9865,36.31168],[126.98718,36.30683],[126.99307,36.29902],[127.0004,36.29657],[127.00369,36.29836],[127.00975,36.29569],[127.01455,36.29684],[127.0164,36.29118],[127.02314,36.28737],[127.02772,36.28184],[127.03412,36.2809],[127.03921,36.28356],[127.05327,36.27868],[127.06591,36.27715],[127.07031,36.27046],[127.06911,36.26377],[127.06424,36.25601],[127.05541,36.2547],[127.05025,36.25048],[127.03995,36.24663],[127.04017,36.24214],[127.03045,36.23428],[127.02416,36.21924],[127.01457,36.21156],[127.00539,36.21009],[127.00613,36.21254],[127.00425,36.21583],[127.00099,36.21613],[126.99467,36.21467],[126.98406,36.20786],[126.98742,36.20273],[126.98416,36.20204],[126.98546,36.19594],[126.98922,36.19342],[126.98672,36.19144],[126.98909,36.1826],[126.99705,36.17722],[127.00268,36.16885],[126.99758,36.15877],[126.99988,36.15242],[127.00638,36.15013],[126.99803,36.14685],[126.98081,36.14796],[126.96303,36.15628],[126.95663,36.15657],[126.94132,36.1521],[126.9344,36.14685],[126.932,36.14269],[126.91969,36.1363],[126.91109,36.13657],[126.9008,36.1424],[126.89525,36.14245],[126.88975,36.13965],[126.88221,36.13129],[126.87381,36.11044],[126.87332,36.08565],[126.87109,36.07157],[126.86287,36.07471],[126.85843,36.073],[126.8532,36.07664],[126.85136,36.07441],[126.84836,36.07453],[126.84713,36.07749],[126.842,36.07992],[126.8366,36.09961],[126.83736,36.10491],[126.84056,36.10567],[126.84009,36.11693],[126.82478,36.12636],[126.81878,36.13253],[126.81955,36.13526],[126.81148,36.13649],[126.80213,36.14129],[126.79374,36.13687],[126.7939,36.14062],[126.79144,36.14217],[126.79556,36.15044],[126.79414,36.15656],[126.79561,36.16158],[126.79222,36.16769],[126.79373,36.17085],[126.79741,36.17113],[126.79564,36.17919],[126.78131,36.18375],[126.77301,36.18168],[126.76703,36.18158],[126.76498,36.18367],[126.74898,36.18109],[126.74194,36.18337],[126.73442,36.18186],[126.72092,36.17495],[126.71367,36.17545],[126.7005,36.17947],[126.69685,36.18644],[126.69205,36.19009],[126.69885,36.20361],[126.71317,36.21441],[126.71577,36.21994],[126.71504,36.22889],[126.71834,36.23183],[126.7182,36.23458],[126.7254,36.23785],[126.73232,36.23722],[126.7369,36.24144],[126.73555,36.24308],[126.73872,36.25401],[126.72765,36.25747],[126.7201,36.25518],[126.71854,36.25857],[126.71346,36.26146],[126.69421,36.26887],[126.69662,36.27554],[126.69234,36.28049],[126.69673,36.2834],[126.6873,36.29113],[126.69438,36.29853],[126.69276,36.30164],[126.68257,36.30826],[126.68008,36.31557],[126.68419,36.32233],[126.67873,36.32775],[126.67845,36.33164],[126.68404,36.33115],[126.68982,36.33534],[126.69566,36.33439],[126.70023,36.34489],[126.69978,36.34859],[126.70412,36.35056],[126.70262,36.36156],[126.70503,36.3665],[126.72445,36.37116],[126.72486,36.37543],[126.72672,36.3765],[126.73524,36.37853],[126.73938,36.37302],[126.7391,36.36561],[126.74382,36.36327],[126.74827,36.36606],[126.74909,36.35988],[126.75259,36.35597],[126.76131,36.35524],[126.76646,36.35261],[126.78499,36.35689],[126.79089,36.35164],[126.79725,36.35489],[126.79734,36.35879],[126.80343,36.36347],[126.80901,36.37613],[126.81923,36.37677],[126.8227,36.38139],[126.83049,36.38499],[126.83568,36.38386],[126.84865,36.38704],[126.84986,36.38568]]]]}},{"type":"Feature","properties":{"code":"34340","name":"서천군","slug":"seocheon-gun","wide":"chungnam","center":[126.67533,36.11455]},"geometry":{"type":"MultiPolygon","coordinates":[[[[126.60476,36.00067],[126.60701,36.00018],[126.60994,35.99447],[126.60005,35.99097],[126.53006,35.98839],[126.52692,35.98662],[126.52246,35.98811],[126.60054,35.99109],[126.60032,35.99483],[126.60476,36.00067]]],[[[126.62494,36.00705],[126.63053,36.00524],[126.63375,36.0016],[126.62681,36.0006],[126.62731,36.00524],[126.62294,36.00673],[126.62494,36.00705]]],[[[126.61404,36.0643],[126.613,36.06617],[126.61537,36.068],[126.61646,36.06604],[126.61404,36.0643]]],[[[126.55065,36.12497],[126.54982,36.12805],[126.55206,36.12956],[126.55328,36.12582],[126.55065,36.12497]]],[[[126.64611,36.05262],[126.64459,36.05679],[126.63117,36.05468],[126.63232,36.07192],[126.6307,36.07731],[126.62794,36.08034],[126.62423,36.08064],[126.62134,36.0773],[126.61891,36.07754],[126.62024,36.08121],[126.62336,36.08136],[126.62417,36.08447],[126.6326,36.08161],[126.64672,36.0884],[126.64468,36.09394],[126.64018,36.09071],[126.63644,36.09318],[126.63067,36.0915],[126.63174,36.09932],[126.62003,36.10229],[126.61675,36.10204],[126.61168,36.09551],[126.60762,36.10058],[126.60585,36.10869],[126.60736,36.1105],[126.6025,36.11211],[126.59935,36.11925],[126.59123,36.12861],[126.58231,36.1326],[126.5762,36.13827],[126.56959,36.14034],[126.55973,36.12949],[126.55601,36.12843],[126.55483,36.13507],[126.54452,36.14464],[126.53567,36.14914],[126.51928,36.15229],[126.50699,36.15031],[126.50112,36.14128],[126.50403,36.1293],[126.50883,36.12937],[126.50287,36.12861],[126.49712,36.13315],[126.4942,36.13336],[126.49284,36.15866],[126.49974,36.15932],[126.50173,36.15652],[126.50804,36.16029],[126.51216,36.15892],[126.51891,36.16007],[126.52618,36.16941],[126.52651,36.17629],[126.5234,36.18333],[126.52488,36.18727],[126.56515,36.19215],[126.57096,36.18875],[126.58009,36.17765],[126.6143,36.17228],[126.61949,36.17501],[126.62326,36.17308],[126.62885,36.1734],[126.63194,36.1761],[126.64068,36.17643],[126.6554,36.18122],[126.65801,36.18085],[126.6587,36.17784],[126.66693,36.17602],[126.68083,36.1824],[126.68547,36.18897],[126.69205,36.19009],[126.69685,36.18644],[126.7005,36.17947],[126.71367,36.17545],[126.72092,36.17495],[126.73442,36.18186],[126.74194,36.18337],[126.74898,36.18109],[126.76498,36.18367],[126.76703,36.18158],[126.77301,36.18168],[126.78131,36.18375],[126.79318,36.18079],[126.79564,36.17919],[126.79741,36.17113],[126.79373,36.17085],[126.79222,36.16769],[126.79561,36.16158],[126.79414,36.15656],[126.79556,36.15044],[126.79144,36.14217],[126.7939,36.14062],[126.79374,36.13687],[126.80213,36.14129],[126.81148,36.13649],[126.81955,36.13526],[126.81878,36.13253],[126.82478,36.12636],[126.84009,36.11693],[126.84056,36.10567],[126.83736,36.10491],[126.8366,36.09961],[126.842,36.07992],[126.84713,36.07749],[126.84836,36.07453],[126.85136,36.07441],[126.8532,36.07664],[126.85843,36.073],[126.86287,36.07471],[126.87109,36.07157],[126.87082,36.0674],[126.86553,36.06092],[126.84054,36.05296],[126.8211,36.04992],[126.80582,36.03436],[126.76971,36.02964],[126.76166,36.02602],[126.74805,36.02575],[126.73648,36.00043],[126.73021,36.00322],[126.72657,36.00035],[126.72314,36.00021],[126.70773,36.00541],[126.67638,36.00923],[126.66806,36.00425],[126.6662,36.00475],[126.66123,36.01139],[126.66384,36.01467],[126.6643,36.02012],[126.66171,36.0289],[126.66645,36.02886],[126.66873,36.03124],[126.65853,36.04445],[126.64964,36.04764],[126.64611,36.05262]]]]}},{"type":"Feature","properties":{"code":"34350","name":"청양군","slug":"cheongyang-gun","wide":"chungnam","center":[126.8524,36.43042]},"geometry":{"type":"MultiPolygon","coordinates":[[[[126.84974,36.57072],[126.86106,36.56854],[126.87222,36.56981],[126.89319,36.55941],[126.89903,36.55962],[126.89986,36.54966],[126.88972,36.54143],[126.8884,36.53384],[126.89307,36.52743],[126.88802,36.51728],[126.88357,36.5126],[126.89395,36.50361],[126.89213,36.49835],[126.89234,36.48758],[126.89463,36.4809],[126.8935,36.47916],[126.89936,36.47677],[126.90106,36.47131],[126.90498,36.46818],[126.91357,36.46519],[126.91546,36.45565],[126.93058,36.45451],[126.94059,36.46204],[126.95262,36.46544],[126.9563,36.46866],[126.9604,36.46427],[126.96467,36.46461],[126.96667,36.46681],[126.97493,36.46668],[126.98194,36.46308],[126.99485,36.46136],[127.00113,36.45571],[127.00309,36.45586],[127.00205,36.4516],[127.00664,36.452],[127.00885,36.44672],[127.00698,36.43837],[127.02022,36.43854],[127.01785,36.43461],[127.02388,36.42424],[127.01533,36.41833],[127.02594,36.40828],[127.02823,36.40354],[127.02368,36.39888],[127.02578,36.3971],[126.99151,36.3745],[126.98828,36.36644],[126.98727,36.35563],[126.98783,36.34774],[126.98969,36.34568],[126.9825,36.33796],[126.9773,36.33515],[126.97711,36.3367],[126.97295,36.33436],[126.96032,36.33245],[126.95741,36.32806],[126.92681,36.3145],[126.91471,36.32041],[126.91431,36.32538],[126.91241,36.32709],[126.89986,36.32568],[126.9001,36.33158],[126.895,36.32718],[126.89308,36.32252],[126.88466,36.32546],[126.86649,36.32363],[126.86215,36.32148],[126.85546,36.33134],[126.8599,36.33624],[126.85985,36.34335],[126.85359,36.34664],[126.84932,36.35472],[126.84141,36.35534],[126.84071,36.35747],[126.84483,36.3638],[126.83459,36.364],[126.83441,36.3712],[126.83199,36.37549],[126.83446,36.37782],[126.84062,36.37394],[126.84433,36.37461],[126.85026,36.3849],[126.84865,36.38704],[126.83568,36.38386],[126.83049,36.38499],[126.8227,36.38139],[126.81923,36.37677],[126.80901,36.37613],[126.80343,36.36347],[126.79996,36.36186],[126.79734,36.35879],[126.79725,36.35489],[126.79386,36.35247],[126.79089,36.35164],[126.78499,36.35689],[126.76646,36.35261],[126.75156,36.35671],[126.74807,36.36253],[126.74827,36.36606],[126.74129,36.36355],[126.73852,36.36646],[126.73861,36.37497],[126.73524,36.37853],[126.72482,36.37489],[126.71137,36.38819],[126.71567,36.39368],[126.70923,36.39699],[126.70852,36.40207],[126.69129,36.41046],[126.69153,36.42094],[126.68885,36.42596],[126.69164,36.42861],[126.68395,36.4362],[126.68867,36.44596],[126.6879,36.44761],[126.67685,36.45084],[126.67488,36.46002],[126.67193,36.4616],[126.6905,36.47033],[126.7008,36.47856],[126.708,36.47811],[126.71821,36.48203],[126.72267,36.47963],[126.72946,36.47958],[126.73654,36.47234],[126.74272,36.4835],[126.74685,36.48461],[126.74317,36.48984],[126.75033,36.50368],[126.75501,36.50312],[126.76573,36.51209],[126.76853,36.51971],[126.7674,36.52254],[126.77295,36.53417],[126.78056,36.53217],[126.78498,36.53482],[126.80514,36.52666],[126.8063,36.52999],[126.81243,36.5315],[126.82467,36.52874],[126.82949,36.53682],[126.83286,36.55087],[126.83782,36.55444],[126.84048,36.56255],[126.84486,36.56524],[126.84574,36.5696],[126.84974,36.57072]]]]}},{"type":"Feature","properties":{"code":"34360","name":"홍성군","slug":"hongseong-gun","wide":"chungnam","center":[126.62755,36.57028]},"geometry":{"type":"MultiPolygon","coordinates":[[[[126.44096,36.51991],[126.44266,36.51713],[126.44075,36.51525],[126.43667,36.52024],[126.44053,36.52147],[126.43947,36.52055],[126.44096,36.51991]]],[[[126.43302,36.52579],[126.43056,36.52508],[126.43176,36.52849],[126.43302,36.52579]]],[[[126.7254,36.66748],[126.73887,36.67192],[126.74544,36.67068],[126.74234,36.66306],[126.73707,36.65879],[126.73615,36.64843],[126.74218,36.64862],[126.74551,36.64644],[126.74793,36.64813],[126.75185,36.64566],[126.7498,36.6353],[126.75758,36.63183],[126.75868,36.62663],[126.75602,36.62356],[126.76061,36.61839],[126.76485,36.61926],[126.77038,36.61709],[126.77195,36.60642],[126.77063,36.59659],[126.77242,36.59404],[126.76542,36.58817],[126.75574,36.58481],[126.75223,36.58064],[126.74849,36.58044],[126.74696,36.57609],[126.74907,36.56617],[126.74834,36.55749],[126.74546,36.5546],[126.74195,36.5556],[126.73691,36.54979],[126.74101,36.53715],[126.7484,36.53099],[126.7591,36.52737],[126.76584,36.53541],[126.76908,36.53636],[126.77319,36.53436],[126.7674,36.52254],[126.76853,36.51971],[126.76573,36.51209],[126.75501,36.50312],[126.75033,36.50368],[126.74317,36.48984],[126.74685,36.48461],[126.74272,36.4835],[126.73616,36.47224],[126.72946,36.47958],[126.72267,36.47963],[126.71821,36.48203],[126.708,36.47811],[126.7008,36.47856],[126.69701,36.47435],[126.67611,36.46237],[126.66592,36.46234],[126.65836,36.45973],[126.65445,36.46218],[126.65289,36.46742],[126.63841,36.46531],[126.63421,36.46662],[126.63175,36.47617],[126.62284,36.47782],[126.61468,36.48477],[126.61704,36.4892],[126.61573,36.49085],[126.61865,36.49503],[126.61525,36.49199],[126.61473,36.48611],[126.61102,36.48286],[126.59898,36.47886],[126.60189,36.48855],[126.59773,36.49284],[126.59657,36.49899],[126.5927,36.50348],[126.59304,36.50671],[126.59,36.50889],[126.57167,36.50192],[126.56607,36.50296],[126.56571,36.50819],[126.56309,36.50702],[126.56165,36.50826],[126.55914,36.52426],[126.5583,36.51614],[126.56053,36.51091],[126.55611,36.50638],[126.54311,36.50902],[126.52858,36.52095],[126.51753,36.52399],[126.51276,36.52313],[126.51323,36.52766],[126.50215,36.53187],[126.48592,36.51926],[126.483,36.51411],[126.4829,36.51891],[126.4881,36.52651],[126.48628,36.52947],[126.47296,36.5389],[126.4721,36.53799],[126.47678,36.53585],[126.46956,36.53898],[126.46672,36.53683],[126.47028,36.53328],[126.46625,36.53481],[126.46904,36.53947],[126.46438,36.54841],[126.47142,36.55962],[126.46744,36.56455],[126.46737,36.56931],[126.46376,36.57658],[126.4642,36.58332],[126.45788,36.58913],[126.45528,36.59539],[126.44067,36.60034],[126.45274,36.61536],[126.45302,36.62578],[126.49729,36.63127],[126.50566,36.63486],[126.51138,36.63069],[126.516,36.63231],[126.51836,36.63821],[126.52412,36.63889],[126.53429,36.64593],[126.54303,36.64343],[126.54561,36.64021],[126.56014,36.64364],[126.56534,36.64954],[126.57084,36.64864],[126.57449,36.65317],[126.57961,36.65487],[126.58144,36.66433],[126.58559,36.66553],[126.59085,36.66174],[126.59583,36.65167],[126.59037,36.64568],[126.58967,36.64058],[126.58707,36.63751],[126.58569,36.61836],[126.59691,36.62141],[126.60251,36.61924],[126.60625,36.62529],[126.61545,36.6235],[126.61692,36.61681],[126.62345,36.60906],[126.62663,36.61389],[126.62626,36.62513],[126.6239,36.62674],[126.6247,36.63138],[126.61979,36.63721],[126.62818,36.64955],[126.6495,36.64853],[126.65942,36.65672],[126.67145,36.65824],[126.68107,36.66168],[126.68995,36.65956],[126.69824,36.66323],[126.70761,36.66294],[126.70799,36.66471],[126.70478,36.66678],[126.70861,36.67248],[126.7254,36.66748]]]]}},{"type":"Feature","properties":{"code":"34370","name":"예산군","slug":"yesan-gun","wide":"chungnam","center":[126.76975,36.67446]},"geometry":{"type":"MultiPolygon","coordinates":[[[[126.7159,36.80152],[126.72794,36.79598],[126.7365,36.78603],[126.73751,36.78149],[126.74354,36.77796],[126.74679,36.76745],[126.7591,36.76329],[126.7678,36.75636],[126.772,36.74926],[126.78732,36.76367],[126.79419,36.76773],[126.80082,36.76634],[126.80199,36.76831],[126.7989,36.77386],[126.80066,36.77505],[126.81039,36.77005],[126.81373,36.77342],[126.82486,36.77734],[126.81444,36.78582],[126.8169,36.78708],[126.82335,36.78385],[126.83524,36.78617],[126.83183,36.77607],[126.82913,36.7732],[126.83132,36.76834],[126.83087,36.76208],[126.83798,36.76063],[126.8373,36.75615],[126.83899,36.75303],[126.84186,36.75166],[126.8471,36.75329],[126.85004,36.74906],[126.85898,36.74704],[126.85766,36.74285],[126.86681,36.72945],[126.87497,36.72818],[126.88663,36.73144],[126.89207,36.72448],[126.89715,36.72362],[126.89904,36.71703],[126.90234,36.71506],[126.90446,36.70936],[126.90219,36.70227],[126.90678,36.70161],[126.91329,36.70387],[126.92199,36.70075],[126.92839,36.70454],[126.93325,36.70276],[126.93872,36.70343],[126.94122,36.70145],[126.94998,36.70377],[126.95472,36.6989],[126.96671,36.6954],[126.97234,36.6909],[126.96782,36.68659],[126.96767,36.67925],[126.96446,36.67847],[126.95738,36.67203],[126.95913,36.65687],[126.9545,36.65132],[126.95515,36.64543],[126.94838,36.641],[126.94353,36.63295],[126.9454,36.62811],[126.93585,36.62313],[126.9375,36.61582],[126.93221,36.61306],[126.93007,36.60682],[126.93197,36.60326],[126.92744,36.60098],[126.9274,36.59562],[126.93098,36.59174],[126.92482,36.58766],[126.92046,36.57749],[126.91143,36.57216],[126.91035,36.56691],[126.90665,36.56638],[126.89784,36.55905],[126.89357,36.55931],[126.87222,36.56981],[126.86106,36.56854],[126.84997,36.57042],[126.84973,36.57181],[126.8494,36.57009],[126.84574,36.5696],[126.84486,36.56524],[126.84048,36.56255],[126.83782,36.55444],[126.83286,36.55087],[126.82949,36.53682],[126.82467,36.52874],[126.81243,36.5315],[126.8063,36.52999],[126.80514,36.52666],[126.78498,36.53482],[126.77813,36.53234],[126.76908,36.53636],[126.76584,36.53541],[126.7591,36.52737],[126.74657,36.53178],[126.74101,36.53715],[126.73712,36.55148],[126.74214,36.55572],[126.74546,36.5546],[126.74834,36.55749],[126.74907,36.56617],[126.74696,36.57609],[126.74849,36.58044],[126.75223,36.58064],[126.75574,36.58481],[126.76542,36.58817],[126.77242,36.59404],[126.77063,36.59659],[126.77195,36.60642],[126.77038,36.61709],[126.76485,36.61926],[126.76061,36.61839],[126.75602,36.62356],[126.75868,36.62663],[126.75758,36.63183],[126.7498,36.6353],[126.75185,36.64566],[126.74793,36.64813],[126.74551,36.64644],[126.74218,36.64862],[126.73615,36.64843],[126.73707,36.65879],[126.74234,36.66306],[126.74544,36.67068],[126.73887,36.67192],[126.7254,36.66748],[126.70861,36.67248],[126.70478,36.66678],[126.70799,36.66471],[126.70761,36.66294],[126.69824,36.66323],[126.68995,36.65956],[126.68107,36.66168],[126.67145,36.65824],[126.65942,36.65672],[126.6495,36.64853],[126.62818,36.64955],[126.61979,36.63721],[126.6247,36.63138],[126.6239,36.62674],[126.62626,36.62513],[126.62663,36.61389],[126.62345,36.60906],[126.61692,36.61681],[126.61545,36.6235],[126.60625,36.62529],[126.60251,36.61924],[126.59691,36.62141],[126.58569,36.61836],[126.58707,36.63751],[126.58967,36.64058],[126.59037,36.64568],[126.59583,36.65167],[126.58898,36.6635],[126.59504,36.6682],[126.59815,36.67463],[126.5991,36.67868],[126.59626,36.68538],[126.60034,36.69045],[126.60019,36.69686],[126.60485,36.69848],[126.6096,36.7043],[126.60548,36.71013],[126.60227,36.72003],[126.60911,36.72912],[126.60881,36.73296],[126.62486,36.73357],[126.63316,36.74064],[126.63391,36.74897],[126.63166,36.75578],[126.63315,36.75785],[126.63705,36.75832],[126.64494,36.75179],[126.64967,36.75316],[126.65316,36.7505],[126.65276,36.75662],[126.64753,36.76108],[126.6513,36.76648],[126.64916,36.77007],[126.65362,36.77491],[126.65674,36.77559],[126.66024,36.77092],[126.66502,36.77092],[126.66898,36.78063],[126.676,36.78386],[126.68387,36.78211],[126.69405,36.7849],[126.69745,36.79305],[126.69513,36.79877],[126.69625,36.80052],[126.70319,36.80278],[126.70442,36.80086],[126.71015,36.80372],[126.7159,36.80152]]]]}},{"type":"Feature","properties":{"code":"34380","name":"태안군","slug":"taean-gun","wide":"chungnam","center":[126.22677,36.78046]},"geometry":{"type":"MultiPolygon","coordinates":[[[[126.2141,36.42845],[126.21021,36.42859],[126.21188,36.4318],[126.21563,36.43108],[126.2141,36.42845]]],[[[126.4278,36.45254],[126.42832,36.4497],[126.42644,36.45019],[126.4278,36.45254]]],[[[126.30575,36.45469],[126.30793,36.45522],[126.31275,36.45122],[126.31083,36.44809],[126.30586,36.44999],[126.30173,36.44876],[126.3049,36.45198],[126.30341,36.45525],[126.30575,36.45469]]],[[[126.23671,36.44961],[126.23225,36.44885],[126.23533,36.44975],[126.23548,36.45164],[126.2315,36.45549],[126.23947,36.45532],[126.24035,36.45411],[126.23671,36.44961]]],[[[126.43302,36.45992],[126.43223,36.46441],[126.43596,36.46449],[126.43302,36.45992]]],[[[126.16061,36.51485],[126.16378,36.51245],[126.16215,36.50948],[126.15844,36.50865],[126.15544,36.51125],[126.16061,36.51485]]],[[[126.20239,36.58025],[126.20183,36.57552],[126.19633,36.56915],[126.1906,36.56843],[126.18889,36.57188],[126.1979,36.57186],[126.20213,36.57678],[126.20142,36.57999],[126.19767,36.57646],[126.19468,36.57847],[126.19694,36.58011],[126.19553,36.58282],[126.2053,36.58518],[126.20239,36.58025]]],[[[126.20463,36.58993],[126.20069,36.59077],[126.19732,36.59604],[126.19991,36.5965],[126.20463,36.58993]]],[[[126.3751,36.59668],[126.3775,36.60408],[126.3802,36.60641],[126.38208,36.60681],[126.38101,36.60249],[126.38574,36.60428],[126.38085,36.59155],[126.37877,36.59696],[126.3751,36.59668]]],[[[126.24374,36.60762],[126.24539,36.6064],[126.24558,36.60121],[126.24169,36.59704],[126.24454,36.59078],[126.24198,36.58824],[126.23945,36.59024],[126.24065,36.59435],[126.23414,36.59671],[126.23931,36.603],[126.23482,36.60464],[126.23655,36.60702],[126.24357,36.60889],[126.24374,36.60762]]],[[[126.37484,36.59656],[126.37149,36.5903],[126.37577,36.58726],[126.37387,36.58291],[126.37514,36.57879],[126.36839,36.576],[126.36367,36.57735],[126.35882,36.57215],[126.36283,36.56742],[126.36852,36.56761],[126.37517,36.56452],[126.37352,36.56191],[126.37426,36.55802],[126.37899,36.54933],[126.37793,36.54419],[126.37494,36.54202],[126.38079,36.52998],[126.38639,36.52663],[126.38661,36.52424],[126.38548,36.52069],[126.3781,36.5192],[126.38136,36.5144],[126.39441,36.51456],[126.39098,36.50943],[126.39248,36.50852],[126.39738,36.51123],[126.39805,36.50665],[126.40176,36.50547],[126.4034,36.49866],[126.39941,36.49653],[126.39895,36.48824],[126.40318,36.49013],[126.40564,36.48775],[126.40879,36.49276],[126.41029,36.49166],[126.40872,36.47456],[126.41501,36.46784],[126.41529,36.46481],[126.41746,36.46461],[126.41648,36.46174],[126.41128,36.46047],[126.40647,36.45315],[126.41476,36.45124],[126.42175,36.44603],[126.42136,36.44045],[126.4319,36.43737],[126.42784,36.432],[126.43479,36.42024],[126.43391,36.4181],[126.42763,36.41623],[126.42223,36.41007],[126.42748,36.39929],[126.42129,36.39995],[126.41806,36.40597],[126.41228,36.40497],[126.41113,36.40711],[126.41289,36.41035],[126.41047,36.41342],[126.40691,36.41436],[126.40044,36.41237],[126.3972,36.41912],[126.38999,36.42192],[126.37971,36.42057],[126.38059,36.41558],[126.37596,36.41176],[126.37173,36.41112],[126.3666,36.41564],[126.36235,36.41552],[126.35736,36.42445],[126.35102,36.42542],[126.35421,36.42763],[126.35754,36.43937],[126.36162,36.44014],[126.36191,36.43815],[126.36501,36.43721],[126.36402,36.44059],[126.35379,36.44181],[126.34491,36.43895],[126.33031,36.4413],[126.33302,36.44574],[126.32904,36.45786],[126.3314,36.46152],[126.33086,36.46497],[126.32418,36.4682],[126.32885,36.47476],[126.33184,36.48446],[126.33256,36.49569],[126.33021,36.49999],[126.33873,36.50511],[126.33773,36.50669],[126.33607,36.50377],[126.33341,36.50392],[126.3321,36.51025],[126.32779,36.51255],[126.32788,36.52145],[126.33034,36.52464],[126.33083,36.52943],[126.32774,36.55485],[126.31423,36.57107],[126.31536,36.57478],[126.31162,36.58542],[126.31867,36.58642],[126.31898,36.58417],[126.32324,36.58343],[126.3248,36.58839],[126.32298,36.5899],[126.32251,36.59853],[126.34022,36.60827],[126.34418,36.60427],[126.34785,36.6046],[126.34856,36.6102],[126.35489,36.60976],[126.35918,36.61245],[126.36592,36.60967],[126.36804,36.60006],[126.37146,36.5969],[126.37484,36.59656]]],[[[125.54408,36.61309],[125.54633,36.60957],[125.54184,36.61282],[125.54408,36.61309]]],[[[125.57605,36.61964],[125.5807,36.61279],[125.57198,36.61698],[125.57218,36.62139],[125.57605,36.61964]]],[[[125.56112,36.62262],[125.55764,36.6252],[125.55807,36.62682],[125.56093,36.62668],[125.56112,36.62262]]],[[[126.08595,36.63675],[126.08701,36.63593],[126.08533,36.63467],[126.08595,36.63675]]],[[[125.71307,36.63195],[125.7183,36.63152],[125.71174,36.62797],[125.71036,36.63194],[125.71307,36.63195]]],[[[126.12547,36.64293],[126.12562,36.64041],[126.12337,36.6417],[126.12547,36.64293]]],[[[125.69923,36.63802],[125.68971,36.64042],[125.68903,36.64367],[125.69197,36.64538],[125.69341,36.64061],[125.70055,36.63897],[125.69923,36.63802]]],[[[126.00788,36.64626],[126.00647,36.64732],[126.00978,36.64983],[126.01015,36.64751],[126.00788,36.64626]]],[[[125.82454,36.66132],[125.82422,36.65887],[125.82086,36.65952],[125.82454,36.66132]]],[[[126.03668,36.66666],[126.03401,36.66566],[126.03278,36.66704],[126.03539,36.66852],[126.03668,36.66666]]],[[[125.8588,36.66676],[125.86224,36.66213],[125.85747,36.66222],[125.85634,36.66527],[125.8588,36.66676]]],[[[125.74563,36.66559],[125.74781,36.66352],[125.74576,36.66158],[125.74389,36.66393],[125.74563,36.66559]]],[[[126.13517,36.6874],[126.13669,36.68254],[126.14197,36.68555],[126.14811,36.68622],[126.15039,36.68149],[126.14877,36.67831],[126.15169,36.67749],[126.14318,36.67404],[126.13973,36.66917],[126.1352,36.6727],[126.13127,36.66867],[126.13169,36.67326],[126.13628,36.67563],[126.1351,36.68537],[126.12872,36.68172],[126.12628,36.67661],[126.12376,36.67907],[126.13138,36.68756],[126.13517,36.6874]]],[[[126.08286,36.69199],[126.0871,36.68969],[126.0841,36.68448],[126.08775,36.68017],[126.08023,36.67674],[126.081,36.67248],[126.07678,36.67226],[126.07505,36.67],[126.07097,36.67362],[126.05822,36.67244],[126.052,36.66754],[126.04891,36.67],[126.04878,36.6723],[126.06187,36.6801],[126.07267,36.67889],[126.08299,36.68402],[126.08371,36.68589],[126.08047,36.6885],[126.08286,36.69199]]],[[[126.11653,36.7069],[126.11248,36.70333],[126.11273,36.70668],[126.11492,36.7084],[126.11741,36.70819],[126.11653,36.7069]]],[[[125.94856,36.72358],[125.94423,36.72121],[125.94184,36.72409],[125.94794,36.72653],[125.94856,36.72358]]],[[[126.15821,36.75356],[126.16049,36.74865],[126.15888,36.74679],[126.15736,36.74865],[126.15821,36.75356]]],[[[126.14324,36.79982],[126.13889,36.80354],[126.14385,36.80126],[126.14324,36.79982]]],[[[126.3144,36.86335],[126.3109,36.8618],[126.30722,36.86396],[126.31393,36.86671],[126.3144,36.86335]]],[[[126.15103,36.8992],[126.15209,36.89786],[126.15063,36.89739],[126.1489,36.89897],[126.15103,36.8992]]],[[[126.16812,36.92981],[126.17121,36.92807],[126.16809,36.92675],[126.16812,36.92981]]],[[[126.3084,36.93644],[126.30711,36.93697],[126.30955,36.94178],[126.31306,36.94434],[126.31325,36.93917],[126.3084,36.93644]]],[[[126.14146,36.7242],[126.12857,36.71554],[126.12364,36.70761],[126.11961,36.7085],[126.12187,36.71164],[126.12073,36.71411],[126.127,36.71789],[126.12399,36.7199],[126.12462,36.72228],[126.12194,36.72363],[126.12171,36.72579],[126.1255,36.72659],[126.12593,36.73156],[126.13353,36.73911],[126.13426,36.74332],[126.13149,36.74663],[126.13409,36.74845],[126.1307,36.75249],[126.12208,36.75315],[126.12122,36.75509],[126.12392,36.75845],[126.11985,36.76091],[126.12184,36.76449],[126.11317,36.7691],[126.1116,36.77281],[126.11661,36.77291],[126.11462,36.77034],[126.11639,36.76933],[126.12041,36.77395],[126.12664,36.77478],[126.12827,36.7728],[126.13116,36.7743],[126.12877,36.77812],[126.13529,36.77554],[126.13478,36.77946],[126.13058,36.78321],[126.13066,36.7871],[126.13335,36.7842],[126.13868,36.78362],[126.14583,36.7911],[126.14602,36.79429],[126.14246,36.79563],[126.14716,36.79578],[126.14974,36.80355],[126.14597,36.80409],[126.14751,36.80603],[126.14301,36.80872],[126.15403,36.81093],[126.15475,36.81361],[126.14935,36.81697],[126.1558,36.81653],[126.15631,36.82126],[126.16069,36.82644],[126.15951,36.82984],[126.14549,36.83771],[126.14869,36.83906],[126.15144,36.83657],[126.15491,36.83803],[126.15494,36.84183],[126.14913,36.84572],[126.15556,36.84342],[126.1586,36.84865],[126.16041,36.84166],[126.17107,36.8407],[126.16751,36.83725],[126.16632,36.83056],[126.17074,36.82449],[126.17452,36.82471],[126.17188,36.81993],[126.17188,36.81178],[126.17694,36.81023],[126.17899,36.81233],[126.18397,36.81291],[126.18553,36.81521],[126.18168,36.81989],[126.18546,36.8205],[126.18839,36.82508],[126.18461,36.8298],[126.181,36.82916],[126.17545,36.83242],[126.19121,36.84266],[126.19686,36.85015],[126.19852,36.8557],[126.19563,36.85957],[126.19184,36.85845],[126.19227,36.86399],[126.19032,36.86745],[126.18772,36.86878],[126.18378,36.86705],[126.1845,36.86964],[126.19098,36.8716],[126.19155,36.87718],[126.18631,36.88249],[126.17743,36.88365],[126.17824,36.88604],[126.18493,36.88823],[126.19262,36.88634],[126.1975,36.88856],[126.1991,36.89064],[126.19811,36.89317],[126.20084,36.89425],[126.20317,36.90045],[126.20276,36.90488],[126.20787,36.90268],[126.20628,36.90046],[126.21234,36.89951],[126.22131,36.90558],[126.2346,36.90773],[126.23549,36.90985],[126.24778,36.914],[126.25194,36.91321],[126.24798,36.90945],[126.27652,36.8978],[126.28073,36.90177],[126.28379,36.89906],[126.29248,36.90109],[126.28512,36.90373],[126.28419,36.90709],[126.28519,36.91186],[126.2915,36.92199],[126.28997,36.92338],[126.29418,36.92928],[126.29231,36.93543],[126.2892,36.93621],[126.29141,36.94335],[126.28907,36.94703],[126.29045,36.9524],[126.28742,36.95506],[126.2847,36.96326],[126.28594,36.96952],[126.29472,36.96954],[126.2998,36.97708],[126.30471,36.97848],[126.30386,36.96774],[126.29203,36.96286],[126.3052,36.96209],[126.31023,36.95615],[126.30166,36.94235],[126.3096,36.92964],[126.30105,36.92242],[126.30028,36.91947],[126.30832,36.91258],[126.30835,36.90952],[126.31342,36.90503],[126.31932,36.9033],[126.32079,36.89602],[126.31936,36.89198],[126.32589,36.89028],[126.33073,36.89112],[126.32951,36.88729],[126.32603,36.88526],[126.31801,36.88704],[126.3132,36.88351],[126.31182,36.87342],[126.3025,36.86416],[126.30421,36.8596],[126.2956,36.8528],[126.29333,36.84299],[126.31699,36.83736],[126.31528,36.83281],[126.3042,36.83009],[126.29522,36.82431],[126.2868,36.8232],[126.28281,36.82506],[126.28077,36.81779],[126.28658,36.81645],[126.28889,36.81386],[126.28659,36.80605],[126.28729,36.79953],[126.29115,36.79802],[126.29736,36.80326],[126.29501,36.8054],[126.29614,36.80804],[126.30466,36.81459],[126.31837,36.81412],[126.32246,36.81982],[126.32814,36.81467],[126.33498,36.81501],[126.34901,36.79971],[126.35513,36.79029],[126.35263,36.78284],[126.34832,36.77826],[126.35059,36.76752],[126.34747,36.7562],[126.34337,36.74659],[126.33701,36.74285],[126.33897,36.73987],[126.34289,36.7421],[126.34378,36.74099],[126.34617,36.73071],[126.3468,36.71454],[126.34523,36.7126],[126.34731,36.68024],[126.36019,36.62489],[126.35489,36.62242],[126.3537,36.61869],[126.34015,36.61578],[126.33541,36.61867],[126.3327,36.6162],[126.33529,36.61162],[126.32148,36.6004],[126.31975,36.59457],[126.31397,36.58839],[126.31044,36.59428],[126.30689,36.59545],[126.30295,36.59324],[126.3029,36.58885],[126.29221,36.58481],[126.28871,36.59093],[126.28315,36.59384],[126.2879,36.59801],[126.2888,36.60231],[126.28732,36.61866],[126.28309,36.62219],[126.28599,36.62407],[126.2849,36.62256],[126.28878,36.61511],[126.29784,36.62036],[126.30115,36.62663],[126.30097,36.63844],[126.29314,36.65689],[126.29448,36.65782],[126.28428,36.67171],[126.2799,36.67367],[126.26551,36.67163],[126.26644,36.68183],[126.26355,36.68454],[126.2613,36.69386],[126.2651,36.69937],[126.27313,36.70353],[126.2709,36.71372],[126.27368,36.71995],[126.27066,36.72692],[126.27256,36.72869],[126.27503,36.72685],[126.27942,36.7299],[126.27676,36.7306],[126.27629,36.7326],[126.2699,36.73024],[126.25762,36.7178],[126.25254,36.71797],[126.25148,36.71375],[126.24808,36.71837],[126.23503,36.7181],[126.23397,36.7076],[126.2402,36.70557],[126.23908,36.70292],[126.23124,36.70093],[126.23219,36.69593],[126.23063,36.69504],[126.20941,36.6932],[126.20805,36.68793],[126.19872,36.68458],[126.19661,36.68103],[126.1991,36.6801],[126.19623,36.67431],[126.19432,36.67631],[126.18913,36.67554],[126.18072,36.67843],[126.17602,36.67616],[126.17114,36.67979],[126.15558,36.67779],[126.15254,36.67945],[126.15361,36.68261],[126.15042,36.69356],[126.15146,36.69771],[126.14683,36.7028],[126.16322,36.70797],[126.16285,36.71052],[126.15982,36.71102],[126.16722,36.71719],[126.18317,36.71395],[126.18482,36.71084],[126.1993,36.70539],[126.2073,36.7052],[126.21767,36.71078],[126.22336,36.71977],[126.22246,36.72239],[126.21498,36.72726],[126.20428,36.7217],[126.1992,36.72157],[126.2022,36.72147],[126.20335,36.72631],[126.20995,36.73093],[126.21302,36.73883],[126.21145,36.74107],[126.20584,36.73658],[126.19629,36.73836],[126.18901,36.74488],[126.18251,36.7465],[126.18573,36.74846],[126.18389,36.74909],[126.18596,36.75023],[126.18498,36.75326],[126.17508,36.75438],[126.17235,36.7573],[126.16639,36.75832],[126.16003,36.75501],[126.15594,36.7566],[126.14084,36.75406],[126.14691,36.74992],[126.14744,36.74769],[126.14992,36.748],[126.15207,36.73621],[126.14932,36.7289],[126.14307,36.72897],[126.14146,36.7242]]]]}},{"type":"Feature","properties":{"code":"35011","name":"전주시완산구","slug":"jeonjusiwansangu","wide":"jeonbuk","center":[127.11973,35.79573]},"geometry":{"type":"MultiPolygon","coordinates":[[[[127.11045,35.83895],[127.11822,35.8384],[127.12683,35.83226],[127.12877,35.82844],[127.12663,35.82569],[127.12717,35.82092],[127.133,35.81753],[127.13557,35.82055],[127.13178,35.82398],[127.13315,35.82514],[127.14606,35.8289],[127.14652,35.83067],[127.15564,35.82833],[127.15673,35.82941],[127.16939,35.81769],[127.17387,35.80983],[127.18019,35.80511],[127.1874,35.80549],[127.19129,35.80975],[127.1999,35.8106],[127.20732,35.80577],[127.2136,35.80489],[127.21702,35.80115],[127.21246,35.79738],[127.21123,35.79382],[127.2006,35.78646],[127.20183,35.78513],[127.19882,35.77477],[127.19523,35.77415],[127.18689,35.77924],[127.17876,35.77518],[127.17102,35.7805],[127.16185,35.78341],[127.15395,35.77929],[127.1504,35.77459],[127.14863,35.7695],[127.1502,35.76745],[127.14631,35.76398],[127.14641,35.75952],[127.1366,35.76099],[127.13084,35.75576],[127.11818,35.75161],[127.11587,35.74927],[127.10259,35.7525],[127.09569,35.74477],[127.09573,35.73749],[127.09137,35.73617],[127.08514,35.72857],[127.08149,35.73045],[127.07858,35.73636],[127.071,35.74075],[127.0697,35.74834],[127.06321,35.7531],[127.05836,35.75214],[127.05042,35.7556],[127.0535,35.76376],[127.06421,35.76688],[127.06602,35.77026],[127.07425,35.77562],[127.07086,35.78263],[127.06544,35.78616],[127.06513,35.80201],[127.06834,35.80761],[127.06742,35.81475],[127.06923,35.81517],[127.06549,35.82488],[127.05513,35.82586],[127.05098,35.82717],[127.05051,35.82893],[127.05215,35.83327],[127.05858,35.83299],[127.0586,35.8384],[127.06735,35.83884],[127.06731,35.83373],[127.07106,35.83199],[127.07114,35.82524],[127.0833,35.83106],[127.09011,35.83821],[127.10169,35.83852],[127.10441,35.84329],[127.11045,35.83895]]]]}},{"type":"Feature","properties":{"code":"35012","name":"전주시덕진구","slug":"jeonjusideokjingu","wide":"jeonbuk","center":[127.12061,35.8518]},"geometry":{"type":"MultiPolygon","coordinates":[[[[127.12126,35.90311],[127.12424,35.90146],[127.13698,35.90196],[127.13981,35.89834],[127.14519,35.89594],[127.14991,35.88691],[127.1513,35.87913],[127.15976,35.87145],[127.1684,35.85364],[127.18468,35.85421],[127.19007,35.85927],[127.19654,35.86031],[127.1984,35.85356],[127.20102,35.85268],[127.20495,35.84496],[127.21012,35.84087],[127.20994,35.83289],[127.20778,35.82918],[127.21028,35.82554],[127.21919,35.81976],[127.22699,35.82219],[127.23416,35.82198],[127.23096,35.81976],[127.22806,35.80849],[127.21701,35.80165],[127.2136,35.80489],[127.20732,35.80577],[127.1999,35.8106],[127.19129,35.80975],[127.1874,35.80549],[127.18019,35.80511],[127.17387,35.80983],[127.16939,35.81769],[127.15771,35.82881],[127.14652,35.83067],[127.14606,35.8289],[127.13178,35.82398],[127.13557,35.82055],[127.133,35.81753],[127.12717,35.82092],[127.12663,35.82569],[127.12877,35.82844],[127.12617,35.83287],[127.11822,35.8384],[127.11045,35.83895],[127.10441,35.84329],[127.10169,35.83852],[127.09011,35.83821],[127.0833,35.83106],[127.07114,35.82524],[127.07106,35.83199],[127.06731,35.83373],[127.06735,35.83884],[127.05577,35.83959],[127.04952,35.85237],[127.04512,35.85315],[127.03435,35.85031],[127.03163,35.85202],[127.0269,35.8569],[127.02828,35.86154],[127.02639,35.86425],[127.02694,35.86753],[127.01678,35.86052],[127.00641,35.86601],[127.00743,35.87541],[126.99784,35.88418],[127.00155,35.8893],[127.0007,35.89321],[127.0275,35.89796],[127.04069,35.89839],[127.04843,35.8926],[127.05368,35.89243],[127.05825,35.89476],[127.0615,35.90025],[127.08009,35.89768],[127.08318,35.89227],[127.08682,35.89175],[127.08674,35.89337],[127.11095,35.89808],[127.12126,35.90311]]]]}},{"type":"Feature","properties":{"code":"35020","name":"군산시","slug":"gunsan-si","wide":"jeonbuk","center":[126.63518,35.92194]},"geometry":{"type":"MultiPolygon","coordinates":[[[[126.45885,35.6743],[126.45738,35.67553],[126.46003,35.67628],[126.45885,35.6743]]],[[[126.46023,35.72606],[126.46002,35.72861],[126.4625,35.72892],[126.46023,35.72606]]],[[[126.47138,35.73952],[126.46849,35.73898],[126.46992,35.74055],[126.47138,35.73952]]],[[[126.46365,35.73881],[126.46428,35.74091],[126.46693,35.74074],[126.46365,35.73881]]],[[[126.44974,35.74846],[126.45454,35.74496],[126.4592,35.73483],[126.45615,35.73427],[126.45585,35.73052],[126.45339,35.72827],[126.44866,35.73133],[126.45108,35.73811],[126.44019,35.74217],[126.44974,35.74846]]],[[[126.46842,35.74693],[126.46384,35.74798],[126.46341,35.75024],[126.46744,35.75226],[126.46994,35.74776],[126.46842,35.74693]]],[[[126.4128,35.80228],[126.41125,35.79801],[126.41068,35.80085],[126.4128,35.80228]]],[[[126.44122,35.81103],[126.44287,35.80936],[126.43655,35.80097],[126.42817,35.79717],[126.42547,35.79349],[126.42311,35.79627],[126.41931,35.79368],[126.41358,35.7983],[126.41532,35.79912],[126.41508,35.80216],[126.41815,35.80314],[126.41717,35.80613],[126.41959,35.80874],[126.43185,35.80216],[126.43354,35.80339],[126.43244,35.80857],[126.43425,35.80925],[126.43349,35.80602],[126.43774,35.80575],[126.43939,35.80732],[126.43755,35.80916],[126.43835,35.80664],[126.43682,35.8063],[126.43655,35.81058],[126.44122,35.81103]]],[[[126.39759,35.81319],[126.40027,35.81304],[126.39775,35.80746],[126.39419,35.80907],[126.39759,35.81319]]],[[[126.48337,35.81355],[126.51953,35.73804],[126.52297,35.73594],[126.52446,35.73265],[126.52326,35.73135],[126.52022,35.73168],[126.48281,35.81086],[126.47962,35.81244],[126.48224,35.81517],[126.48668,35.81586],[126.48337,35.81355]]],[[[126.36853,35.82146],[126.37407,35.8202],[126.37461,35.81849],[126.37147,35.81897],[126.37225,35.81687],[126.37062,35.81602],[126.37228,35.81544],[126.37233,35.81271],[126.37652,35.814],[126.38061,35.80414],[126.37669,35.80433],[126.37585,35.79997],[126.37421,35.79998],[126.37311,35.80395],[126.3682,35.80855],[126.36685,35.81495],[126.36853,35.82146]]],[[[126.3895,35.82174],[126.39322,35.82167],[126.39727,35.8189],[126.39755,35.81572],[126.3931,35.81556],[126.38894,35.81917],[126.3895,35.82174]]],[[[126.40474,35.83196],[126.41396,35.8305],[126.41742,35.82687],[126.41662,35.82403],[126.42581,35.81835],[126.41311,35.82127],[126.41021,35.81425],[126.41677,35.81257],[126.41477,35.8059],[126.41345,35.80704],[126.40885,35.80468],[126.41017,35.80734],[126.40728,35.8069],[126.40613,35.80917],[126.40417,35.80643],[126.40272,35.80692],[126.40227,35.80425],[126.40046,35.80544],[126.403,35.81207],[126.4101,35.81561],[126.41238,35.82216],[126.41173,35.82425],[126.40854,35.82385],[126.40437,35.82756],[126.40185,35.82541],[126.39898,35.82607],[126.39947,35.82831],[126.40229,35.82925],[126.40178,35.8314],[126.40474,35.83196]]],[[[126.4825,35.8464],[126.48433,35.84227],[126.47337,35.842],[126.4825,35.8464]]],[[[126.44529,35.849],[126.44493,35.85103],[126.44691,35.8499],[126.44529,35.849]]],[[[126.34731,35.85324],[126.35233,35.85352],[126.35391,35.84936],[126.35702,35.84782],[126.33811,35.85205],[126.33941,35.85458],[126.34731,35.85324]]],[[[126.38717,35.85601],[126.38862,35.8529],[126.38464,35.85254],[126.38013,35.84747],[126.36828,35.8457],[126.36391,35.84748],[126.36113,35.84625],[126.35819,35.84855],[126.36454,35.8479],[126.36717,35.85041],[126.36715,35.85328],[126.37882,35.85336],[126.38717,35.85601]]],[[[126.33379,35.85309],[126.33011,35.85279],[126.3325,35.856],[126.33379,35.85309]]],[[[126.40806,35.85937],[126.4333,35.85583],[126.42266,35.85519],[126.40529,35.8582],[126.39468,35.85442],[126.39919,35.85845],[126.40806,35.85937]]],[[[126.3218,35.85762],[126.32604,35.8591],[126.32543,35.85705],[126.32783,35.85378],[126.32645,35.85223],[126.31711,35.85419],[126.31865,35.85691],[126.31639,35.85632],[126.31664,35.85357],[126.31354,35.85587],[126.3152,35.85904],[126.3218,35.85762]]],[[[126.0763,35.88887],[126.07842,35.88769],[126.07606,35.88709],[126.07141,35.88808],[126.0763,35.88887]]],[[[126.69982,35.99575],[126.70129,35.99548],[126.70025,35.99335],[126.68449,35.98608],[126.65586,35.9873],[126.65794,35.99054],[126.67965,35.99146],[126.69982,35.99575]]],[[[126.22614,35.99032],[126.23065,35.99022],[126.2302,35.98842],[126.22099,35.98837],[126.22266,35.99232],[126.22614,35.99032]]],[[[126.2412,35.99345],[126.23714,35.99186],[126.23878,35.99002],[126.23455,35.99123],[126.23512,35.9936],[126.23844,35.99339],[126.2395,35.99531],[126.2412,35.99345]]],[[[126.22203,35.99389],[126.21949,35.99821],[126.22298,35.99685],[126.22203,35.99389]]],[[[126.22134,35.99936],[126.21973,35.99965],[126.22053,36.0011],[126.22308,36.00068],[126.22134,35.99936]]],[[[126.52411,36.03434],[126.52233,36.03483],[126.5241,36.03571],[126.52411,36.03434]]],[[[126.52901,36.04161],[126.53017,36.0402],[126.52875,36.03909],[126.53136,36.03691],[126.53001,36.03545],[126.52507,36.03797],[126.52901,36.04161]]],[[[126.54693,36.04421],[126.55253,36.0465],[126.55619,36.04479],[126.55692,36.03686],[126.55514,36.03547],[126.55511,36.03138],[126.53973,36.03677],[126.54413,36.03982],[126.5429,36.04079],[126.54483,36.04285],[126.54381,36.04435],[126.54516,36.0442],[126.54405,36.04651],[126.54693,36.04421]]],[[[126.88289,36.02682],[126.90113,36.00786],[126.91495,36.00428],[126.91317,35.99088],[126.90822,35.98707],[126.90879,35.98139],[126.90229,35.97837],[126.90298,35.97213],[126.88509,35.96082],[126.89113,35.95835],[126.89367,35.95513],[126.883,35.94799],[126.88183,35.93946],[126.87867,35.9345],[126.85964,35.91749],[126.8566,35.91886],[126.85141,35.91691],[126.8432,35.91767],[126.83773,35.91212],[126.82621,35.90585],[126.79035,35.89572],[126.7904,35.87778],[126.76826,35.87596],[126.75717,35.87954],[126.67649,35.86986],[126.67455,35.88915],[126.6675,35.88359],[126.64078,35.88438],[126.63021,35.88689],[126.62971,35.89189],[126.62879,35.88664],[126.62304,35.8865],[126.62028,35.88855],[126.61288,35.88605],[126.61174,35.88843],[126.61479,35.89118],[126.61063,35.91675],[126.61183,35.92968],[126.61745,35.93997],[126.61603,35.94252],[126.59438,35.94656],[126.5936,35.94834],[126.58804,35.94781],[126.58827,35.90272],[126.57568,35.90311],[126.5881,35.90295],[126.58792,35.92076],[126.57152,35.91982],[126.56459,35.90705],[126.56774,35.904],[126.56487,35.90518],[126.56968,35.91722],[126.5646,35.9286],[126.56481,35.93618],[126.53991,35.93503],[126.5408,35.93257],[126.53442,35.93401],[126.49891,35.84764],[126.50095,35.84312],[126.49789,35.83483],[126.47284,35.81095],[126.46247,35.81306],[126.46456,35.81935],[126.46189,35.81914],[126.45733,35.8146],[126.45468,35.8147],[126.45705,35.81016],[126.45363,35.8061],[126.4525,35.80832],[126.44929,35.80684],[126.44826,35.8134],[126.44322,35.81359],[126.44976,35.81581],[126.44606,35.81956],[126.451,35.817],[126.45329,35.81838],[126.45261,35.82031],[126.44479,35.82337],[126.44625,35.82418],[126.44516,35.82655],[126.44165,35.82769],[126.44359,35.83106],[126.45367,35.83153],[126.46096,35.82447],[126.46295,35.82556],[126.4753,35.82233],[126.49075,35.83819],[126.48552,35.84575],[126.49655,35.84709],[126.53266,35.93729],[126.52919,35.93838],[126.52663,35.93435],[126.52756,35.93321],[126.52499,35.93535],[126.52514,35.93815],[126.52979,35.94363],[126.52526,35.9439],[126.52182,35.94804],[126.52305,35.95039],[126.5213,35.97221],[126.51281,35.97494],[126.51823,35.97244],[126.52225,35.97307],[126.52332,35.9663],[126.52592,35.96649],[126.52584,35.97363],[126.61314,35.97885],[126.61786,35.97645],[126.6183,35.9707],[126.62438,35.97101],[126.62233,35.97795],[126.64114,35.97892],[126.65839,35.98376],[126.68341,35.98416],[126.69415,35.98738],[126.70601,35.99471],[126.72847,35.98447],[126.73593,35.98551],[126.74721,35.99186],[126.75593,36.01054],[126.74896,36.01314],[126.74166,36.01221],[126.74805,36.02575],[126.76166,36.02602],[126.76971,36.02964],[126.80582,36.03436],[126.8211,36.04992],[126.84054,36.05296],[126.86505,36.06071],[126.86472,36.05609],[126.86854,36.04586],[126.87296,36.0435],[126.87044,36.03309],[126.88289,36.02682]]],[[[126.43746,36.08673],[126.44208,36.0796],[126.44483,36.07885],[126.44486,36.0756],[126.44118,36.07803],[126.43614,36.07684],[126.42938,36.08205],[126.42884,36.08552],[126.43441,36.08557],[126.43612,36.08799],[126.43746,36.08673]]],[[[125.98667,36.12214],[125.99332,36.12182],[125.99558,36.11856],[125.9921,36.11426],[125.99224,36.11046],[125.988,36.11939],[125.98494,36.12143],[125.98164,36.11981],[125.98465,36.11387],[125.97838,36.11015],[125.97688,36.11371],[125.97211,36.11285],[125.9666,36.12621],[125.97041,36.12739],[125.97883,36.12612],[125.98667,36.12214]]]]}},{"type":"Feature","properties":{"code":"35030","name":"익산시","slug":"iksan-si","wide":"jeonbuk","center":[126.99078,36.01249]},"geometry":{"type":"MultiPolygon","coordinates":[[[[126.99525,36.14685],[127.00534,36.15062],[127.00667,36.1474],[127.01127,36.14586],[127.01544,36.14876],[127.02041,36.13824],[127.02423,36.13649],[127.0354,36.13899],[127.03969,36.13827],[127.04252,36.14648],[127.04484,36.14609],[127.04533,36.13526],[127.05071,36.13091],[127.05564,36.13012],[127.05611,36.12678],[127.06301,36.12522],[127.06106,36.11719],[127.05697,36.11509],[127.06105,36.10548],[127.06039,36.09414],[127.06313,36.09157],[127.06115,36.089],[127.06615,36.08917],[127.07171,36.08463],[127.07485,36.08483],[127.08783,36.07556],[127.09038,36.0718],[127.09381,36.07482],[127.10203,36.07578],[127.12269,36.06358],[127.13103,36.06578],[127.13147,36.06351],[127.13972,36.05697],[127.13538,36.05289],[127.13164,36.04532],[127.11637,36.03053],[127.11824,36.02616],[127.1158,36.0241],[127.12115,36.02039],[127.12551,36.01168],[127.12543,36.00535],[127.10746,35.99539],[127.10958,35.9861],[127.1041,35.96854],[127.10632,35.95941],[127.09465,35.9404],[127.09247,35.93136],[127.08057,35.92144],[127.07711,35.92069],[127.07684,35.92216],[127.06677,35.91569],[127.05537,35.92186],[127.04076,35.9256],[127.03654,35.91893],[127.02871,35.91736],[127.03153,35.91225],[127.03639,35.90906],[127.03251,35.90612],[127.03781,35.90202],[127.03831,35.89781],[127.0275,35.89796],[127.0007,35.89321],[127.00155,35.8893],[126.99641,35.88357],[126.99411,35.88426],[126.99312,35.88765],[126.99708,35.89078],[126.99077,35.89206],[126.98837,35.89663],[126.97865,35.8991],[126.97311,35.89685],[126.97136,35.90021],[126.96203,35.90199],[126.95668,35.90862],[126.95602,35.91653],[126.95201,35.91327],[126.95225,35.90873],[126.93213,35.91467],[126.93182,35.91172],[126.92911,35.91014],[126.91121,35.9032],[126.89286,35.91415],[126.89003,35.91218],[126.88356,35.91319],[126.87302,35.91153],[126.86081,35.90566],[126.85679,35.90705],[126.85222,35.91095],[126.85141,35.91691],[126.85659,35.91886],[126.85964,35.91749],[126.87867,35.9345],[126.88183,35.93946],[126.883,35.94799],[126.89367,35.95513],[126.89113,35.95835],[126.88509,35.96082],[126.90298,35.97213],[126.90229,35.97837],[126.90879,35.98139],[126.90822,35.98707],[126.91276,35.99016],[126.91514,35.99671],[126.91495,36.00428],[126.90113,36.00786],[126.88419,36.02598],[126.87044,36.03309],[126.87296,36.0435],[126.86854,36.04586],[126.86472,36.05609],[126.86505,36.06071],[126.87082,36.0674],[126.87332,36.08565],[126.87381,36.11044],[126.88221,36.13129],[126.88779,36.13799],[126.89525,36.14245],[126.90415,36.14129],[126.91327,36.13601],[126.91969,36.1363],[126.932,36.14269],[126.9344,36.14685],[126.94132,36.1521],[126.95663,36.15657],[126.96303,36.15628],[126.97719,36.14852],[126.99525,36.14685]]]]}},{"type":"Feature","properties":{"code":"35040","name":"정읍시","slug":"jeongeup-si","wide":"jeonbuk","center":[126.90999,35.59263]},"geometry":{"type":"MultiPolygon","coordinates":[[[[126.88347,35.75282],[126.88807,35.75279],[126.88664,35.75454],[126.8968,35.75332],[126.90793,35.7469],[126.91572,35.74491],[126.92532,35.7366],[126.93245,35.72239],[126.93556,35.71983],[126.93586,35.72227],[126.94361,35.72096],[126.95274,35.72467],[126.96766,35.72121],[126.98103,35.71465],[126.99219,35.7016],[126.99161,35.68945],[127.00246,35.68542],[127.00467,35.68002],[127.0163,35.67629],[127.02387,35.66833],[127.03071,35.66616],[127.03475,35.66816],[127.04061,35.66667],[127.04737,35.66774],[127.05087,35.67041],[127.05603,35.66873],[127.06064,35.67031],[127.06377,35.67738],[127.08197,35.66811],[127.0793,35.66014],[127.08959,35.65334],[127.08953,35.638],[127.09358,35.63345],[127.08986,35.6272],[127.09295,35.62176],[127.09046,35.61459],[127.10049,35.60388],[127.10481,35.59594],[127.10258,35.59021],[127.09134,35.58645],[127.08634,35.58681],[127.08314,35.58449],[127.0844,35.5789],[127.09231,35.56706],[127.08517,35.55601],[127.08394,35.55056],[127.108,35.54235],[127.11632,35.5371],[127.11626,35.53221],[127.10509,35.53327],[127.09791,35.52722],[127.09914,35.5234],[127.09691,35.5198],[127.0939,35.51874],[127.09554,35.51409],[127.09731,35.51852],[127.10147,35.52073],[127.10962,35.51941],[127.10792,35.51565],[127.1095,35.5093],[127.09153,35.50593],[127.08776,35.50804],[127.08291,35.50679],[127.07598,35.51023],[127.07445,35.5138],[127.06681,35.51631],[127.0604,35.51066],[127.05431,35.50937],[127.05063,35.51205],[127.05184,35.51804],[127.05004,35.52117],[127.04265,35.5228],[127.03913,35.52874],[127.02267,35.53608],[127.01929,35.54172],[127.01914,35.54613],[127.00822,35.54197],[126.99597,35.54005],[126.99286,35.53696],[126.98216,35.54813],[126.98006,35.55488],[126.97507,35.55613],[126.96274,35.54928],[126.95309,35.53836],[126.95118,35.53847],[126.9502,35.53369],[126.95148,35.53268],[126.94798,35.52964],[126.93938,35.52785],[126.93554,35.5238],[126.9311,35.52477],[126.9283,35.51888],[126.92981,35.50955],[126.93365,35.50717],[126.93551,35.4958],[126.94169,35.49092],[126.93594,35.48813],[126.93586,35.48196],[126.93415,35.48117],[126.92791,35.4794],[126.92265,35.48289],[126.91354,35.4768],[126.89792,35.48076],[126.89381,35.48086],[126.8895,35.47839],[126.88062,35.48489],[126.87311,35.47967],[126.85981,35.47967],[126.8657,35.46381],[126.8691,35.46153],[126.86324,35.46121],[126.85114,35.46574],[126.84003,35.46225],[126.83791,35.46453],[126.84166,35.46696],[126.8433,35.47833],[126.83146,35.48037],[126.82786,35.48628],[126.82334,35.48691],[126.81388,35.48419],[126.81397,35.4688],[126.79235,35.46763],[126.7819,35.47063],[126.77262,35.4679],[126.7703,35.48222],[126.76677,35.48568],[126.76434,35.49306],[126.76842,35.49614],[126.768,35.50233],[126.77062,35.5076],[126.76075,35.51052],[126.7596,35.51424],[126.76067,35.51676],[126.77361,35.52379],[126.76114,35.53299],[126.76218,35.5447],[126.76622,35.54914],[126.76266,35.55504],[126.76937,35.56077],[126.76105,35.57124],[126.75439,35.57433],[126.75253,35.57168],[126.74444,35.56958],[126.74112,35.57153],[126.73971,35.56835],[126.73683,35.56839],[126.72649,35.57245],[126.71911,35.57255],[126.71579,35.57527],[126.71761,35.58321],[126.72425,35.58364],[126.72442,35.59181],[126.72157,35.59487],[126.72236,35.60102],[126.71996,35.61039],[126.72247,35.62442],[126.72026,35.63023],[126.72284,35.63202],[126.72683,35.6482],[126.73785,35.65031],[126.744,35.66643],[126.75019,35.66349],[126.75155,35.66774],[126.75535,35.66688],[126.756,35.66502],[126.76322,35.66197],[126.76528,35.66447],[126.76499,35.67318],[126.76968,35.68148],[126.77298,35.68358],[126.77728,35.68216],[126.77721,35.6796],[126.78346,35.6758],[126.78711,35.67529],[126.798,35.68484],[126.80579,35.67579],[126.80884,35.68075],[126.81422,35.68332],[126.81878,35.68069],[126.8271,35.67999],[126.8288,35.68438],[126.83459,35.68703],[126.83796,35.69707],[126.8406,35.69583],[126.84091,35.69766],[126.83347,35.70086],[126.83482,35.70378],[126.82634,35.71201],[126.82682,35.71454],[126.82988,35.71543],[126.8279,35.71896],[126.84768,35.72814],[126.85253,35.72622],[126.86728,35.72754],[126.8818,35.74132],[126.88221,35.74837],[126.87844,35.75198],[126.87502,35.75242],[126.87314,35.75851],[126.88211,35.75812],[126.88347,35.75282]]]]}},{"type":"Feature","properties":{"code":"35050","name":"남원시","slug":"namwon-si","wide":"jeonbuk","center":[127.44505,35.43798]},"geometry":{"type":"MultiPolygon","coordinates":[[[[127.42524,35.55034],[127.4402,35.55165],[127.44125,35.54719],[127.45278,35.54006],[127.45624,35.54653],[127.46108,35.54528],[127.46698,35.54658],[127.47095,35.54082],[127.49242,35.53413],[127.49131,35.52708],[127.49594,35.52303],[127.50164,35.52172],[127.50108,35.51825],[127.50359,35.51458],[127.51338,35.50889],[127.51608,35.49828],[127.52725,35.49577],[127.52827,35.49103],[127.52672,35.48577],[127.51392,35.48009],[127.52653,35.47322],[127.53611,35.47034],[127.54164,35.4716],[127.54266,35.46832],[127.54503,35.46781],[127.56177,35.4735],[127.56234,35.47615],[127.55962,35.4801],[127.56227,35.48355],[127.56354,35.49089],[127.58013,35.50201],[127.58001,35.51393],[127.57112,35.51888],[127.5685,35.52479],[127.56863,35.53328],[127.5715,35.53471],[127.57282,35.5461],[127.57852,35.54754],[127.58486,35.55391],[127.59024,35.55401],[127.59678,35.54744],[127.60926,35.54086],[127.61209,35.53592],[127.61915,35.5366],[127.6207,35.53384],[127.62473,35.53369],[127.62869,35.53598],[127.62881,35.53372],[127.62533,35.5314],[127.62575,35.52532],[127.63108,35.52046],[127.63442,35.52021],[127.63364,35.51327],[127.64417,35.5001],[127.65039,35.49788],[127.65,35.49133],[127.65311,35.48687],[127.63661,35.47821],[127.63669,35.45935],[127.64519,35.44913],[127.65339,35.45158],[127.66116,35.44754],[127.67045,35.44872],[127.67407,35.44572],[127.67068,35.43962],[127.66518,35.43565],[127.66577,35.42743],[127.66355,35.42621],[127.66047,35.41443],[127.65684,35.41392],[127.64645,35.40266],[127.63634,35.3992],[127.62529,35.3847],[127.62565,35.37691],[127.62129,35.37222],[127.61266,35.36893],[127.6102,35.36592],[127.61224,35.35585],[127.62333,35.34217],[127.62074,35.33256],[127.61514,35.33073],[127.60769,35.32504],[127.60478,35.31837],[127.58567,35.30914],[127.57748,35.3089],[127.56697,35.319],[127.55485,35.32198],[127.55229,35.32481],[127.54228,35.3285],[127.54063,35.33435],[127.53096,35.33604],[127.52447,35.34487],[127.51665,35.34729],[127.51399,35.35113],[127.50806,35.35318],[127.50202,35.35836],[127.49791,35.35989],[127.48571,35.35835],[127.47836,35.36397],[127.47077,35.36534],[127.45824,35.36354],[127.45411,35.36075],[127.44373,35.36095],[127.44136,35.36384],[127.43089,35.35811],[127.42141,35.35087],[127.41508,35.336],[127.40609,35.32442],[127.40054,35.322],[127.3967,35.31426],[127.39277,35.31273],[127.3927,35.30735],[127.38457,35.30246],[127.38009,35.30368],[127.37552,35.3122],[127.36769,35.31416],[127.35426,35.32236],[127.34632,35.31838],[127.33069,35.3149],[127.32946,35.31105],[127.32643,35.30923],[127.32558,35.31047],[127.32347,35.30741],[127.30867,35.30449],[127.29095,35.31337],[127.25717,35.31246],[127.23179,35.33374],[127.21979,35.33413],[127.21576,35.32871],[127.21271,35.31735],[127.20974,35.31557],[127.19905,35.31665],[127.19677,35.3193],[127.18773,35.32258],[127.18476,35.32611],[127.18422,35.33221],[127.18723,35.33653],[127.19463,35.3392],[127.1871,35.34248],[127.18806,35.3488],[127.19308,35.3564],[127.19622,35.35772],[127.20099,35.35653],[127.20879,35.36567],[127.21499,35.36938],[127.21659,35.3716],[127.21268,35.37374],[127.22607,35.39877],[127.23321,35.39749],[127.2358,35.39905],[127.2471,35.39917],[127.2517,35.41732],[127.2574,35.42119],[127.26014,35.42697],[127.27371,35.42086],[127.27832,35.42476],[127.28453,35.42401],[127.29159,35.4265],[127.2965,35.4334],[127.29823,35.44416],[127.31378,35.46369],[127.31427,35.46622],[127.31116,35.46933],[127.30712,35.48412],[127.31152,35.49564],[127.31396,35.49671],[127.32041,35.49379],[127.32566,35.49571],[127.33364,35.49189],[127.34169,35.4966],[127.35286,35.4974],[127.357,35.50096],[127.35375,35.51304],[127.33773,35.5255],[127.33774,35.52779],[127.34068,35.52594],[127.34542,35.52724],[127.35012,35.5355],[127.34818,35.54214],[127.34079,35.54366],[127.33576,35.54766],[127.33406,35.55065],[127.33533,35.5536],[127.3388,35.55454],[127.34429,35.55091],[127.35017,35.55154],[127.35927,35.55891],[127.36116,35.5573],[127.36366,35.55824],[127.37997,35.54732],[127.39924,35.54708],[127.40264,35.54835],[127.39924,35.55308],[127.40559,35.56006],[127.4105,35.56082],[127.41344,35.56028],[127.41993,35.55295],[127.42524,35.55034]]]]}},{"type":"Feature","properties":{"code":"35060","name":"김제시","slug":"gimje-si","wide":"jeonbuk","center":[126.92792,35.781]},"geometry":{"type":"MultiPolygon","coordinates":[[[[126.84433,35.91771],[126.85141,35.91691],[126.85312,35.9096],[126.86081,35.90566],[126.87302,35.91153],[126.88356,35.91319],[126.89003,35.91218],[126.89286,35.91415],[126.90995,35.90315],[126.92911,35.91014],[126.93182,35.91172],[126.93213,35.91467],[126.95188,35.90862],[126.95201,35.91327],[126.95602,35.91653],[126.95668,35.90862],[126.96203,35.90199],[126.97136,35.90021],[126.97311,35.89685],[126.97865,35.8991],[126.98837,35.89663],[126.99077,35.89206],[126.99708,35.89078],[126.99322,35.88822],[126.99411,35.88426],[126.99951,35.8833],[127.00743,35.87541],[127.00601,35.86204],[127.00954,35.84672],[127.00171,35.83903],[127.00048,35.83348],[126.99515,35.82806],[126.99815,35.81519],[127.01945,35.7997],[127.02917,35.80153],[127.0338,35.79803],[127.04223,35.79832],[127.04247,35.79624],[127.0555,35.79146],[127.06357,35.79181],[127.0658,35.79033],[127.06544,35.78616],[127.07086,35.78263],[127.07425,35.77562],[127.06602,35.77026],[127.06421,35.76688],[127.0535,35.76376],[127.05043,35.75632],[127.05836,35.75214],[127.06321,35.7531],[127.0697,35.74834],[127.071,35.74075],[127.07858,35.73636],[127.08149,35.73045],[127.08668,35.72608],[127.08156,35.72134],[127.0746,35.71987],[127.07138,35.71702],[127.0699,35.71239],[127.06158,35.70495],[127.06031,35.70207],[127.0685,35.69456],[127.06903,35.68989],[127.06064,35.67031],[127.05603,35.66873],[127.04943,35.67024],[127.04737,35.66774],[127.04061,35.66667],[127.03475,35.66816],[127.03071,35.66616],[127.02387,35.66833],[127.0163,35.67629],[127.00467,35.68002],[127.00246,35.68542],[126.99161,35.68945],[126.99219,35.7016],[126.98124,35.71452],[126.96766,35.72121],[126.95274,35.72467],[126.94361,35.72096],[126.93586,35.72227],[126.93556,35.71983],[126.93245,35.72239],[126.92532,35.7366],[126.91572,35.74491],[126.90793,35.7469],[126.8968,35.75332],[126.88664,35.75454],[126.88807,35.75279],[126.88347,35.75282],[126.88211,35.75812],[126.87988,35.75856],[126.87285,35.75766],[126.87502,35.75242],[126.87844,35.75198],[126.88221,35.74837],[126.8818,35.74132],[126.86728,35.72754],[126.85253,35.72622],[126.84768,35.72814],[126.84263,35.72664],[126.8279,35.71896],[126.82988,35.71543],[126.82841,35.71408],[126.82574,35.716],[126.82399,35.71279],[126.82235,35.71688],[126.81306,35.71563],[126.81241,35.71851],[126.81632,35.71977],[126.81815,35.72537],[126.81677,35.72701],[126.8148,35.72623],[126.8149,35.7242],[126.81126,35.72313],[126.81421,35.72713],[126.81364,35.72897],[126.80476,35.7264],[126.80923,35.73086],[126.80654,35.73277],[126.8067,35.74542],[126.79893,35.74264],[126.79666,35.74448],[126.79776,35.74623],[126.79578,35.75341],[126.78306,35.75174],[126.78302,35.75491],[126.77966,35.75703],[126.76296,35.79664],[126.6982,35.81287],[126.69155,35.82532],[126.69001,35.84145],[126.68345,35.84202],[126.67649,35.86986],[126.75717,35.87954],[126.76826,35.87596],[126.7904,35.87778],[126.79035,35.89572],[126.82621,35.90585],[126.84433,35.91771]]]]}},{"type":"Feature","properties":{"code":"35310","name":"완주군","slug":"wanju-gun","wide":"jeonbuk","center":[127.20838,35.88977]},"geometry":{"type":"MultiPolygon","coordinates":[[[[127.02828,35.86154],[127.02703,35.85659],[127.03392,35.85044],[127.04512,35.85315],[127.04952,35.85237],[127.05577,35.83959],[127.0586,35.8384],[127.05858,35.83299],[127.05175,35.83305],[127.0505,35.82784],[127.06549,35.82488],[127.06923,35.81517],[127.06742,35.81475],[127.06834,35.80761],[127.06513,35.80201],[127.06509,35.79098],[127.06164,35.79242],[127.0555,35.79146],[127.04247,35.79624],[127.04223,35.79832],[127.0338,35.79803],[127.02917,35.80153],[127.01945,35.7997],[126.99815,35.81519],[126.99515,35.82806],[127.00048,35.83348],[127.00171,35.83903],[127.00954,35.84672],[127.00641,35.86601],[127.01678,35.86052],[127.02694,35.86753],[127.02639,35.86425],[127.02828,35.86154]]],[[[127.09295,35.62176],[127.08986,35.6272],[127.09358,35.63345],[127.08953,35.638],[127.08959,35.65334],[127.0793,35.66014],[127.08197,35.66811],[127.06377,35.67738],[127.06892,35.69267],[127.06031,35.70207],[127.06158,35.70495],[127.0699,35.71239],[127.07138,35.71702],[127.0746,35.71987],[127.08156,35.72134],[127.08651,35.72513],[127.08598,35.7302],[127.09137,35.73617],[127.09573,35.73749],[127.09569,35.74477],[127.10259,35.7525],[127.11587,35.74927],[127.11818,35.75161],[127.13084,35.75576],[127.1366,35.76099],[127.14641,35.75952],[127.14631,35.76398],[127.1502,35.76745],[127.14863,35.7695],[127.1504,35.77459],[127.15395,35.77929],[127.16185,35.78341],[127.17102,35.7805],[127.17876,35.77518],[127.18689,35.77924],[127.19523,35.77415],[127.19882,35.77477],[127.20183,35.78513],[127.2006,35.78646],[127.21123,35.79382],[127.21701,35.80165],[127.22806,35.80849],[127.23096,35.81976],[127.23416,35.82198],[127.22699,35.82219],[127.21919,35.81976],[127.21028,35.82554],[127.20778,35.82918],[127.20994,35.83289],[127.21012,35.84087],[127.20495,35.84496],[127.20102,35.85268],[127.1984,35.85356],[127.19654,35.86031],[127.19007,35.85927],[127.18468,35.85421],[127.1684,35.85364],[127.15976,35.87145],[127.1513,35.87913],[127.14991,35.88691],[127.14519,35.89594],[127.13981,35.89834],[127.13698,35.90196],[127.11882,35.90274],[127.11157,35.89827],[127.08674,35.89337],[127.08682,35.89175],[127.08318,35.89227],[127.08009,35.89768],[127.0613,35.90025],[127.05752,35.8942],[127.04957,35.89225],[127.04293,35.89808],[127.03831,35.89781],[127.03781,35.90202],[127.03251,35.90612],[127.03639,35.90906],[127.03153,35.91225],[127.02871,35.91736],[127.03654,35.91893],[127.04194,35.9256],[127.05537,35.92186],[127.06677,35.91569],[127.07684,35.92216],[127.07711,35.92069],[127.08057,35.92144],[127.09247,35.93136],[127.09465,35.9404],[127.10632,35.95941],[127.1041,35.96854],[127.10958,35.9861],[127.10746,35.99539],[127.12543,36.00535],[127.12551,36.01168],[127.12115,36.02039],[127.1158,36.0241],[127.11824,36.02616],[127.11637,36.03053],[127.13164,36.04532],[127.13538,36.05289],[127.13972,36.05697],[127.13147,36.06351],[127.13103,36.06578],[127.13395,36.07029],[127.13377,36.08149],[127.1377,36.08684],[127.14885,36.09033],[127.1512,36.09004],[127.15371,36.08475],[127.15833,36.08351],[127.16448,36.08544],[127.16878,36.08398],[127.17868,36.09423],[127.18244,36.09469],[127.19065,36.08777],[127.19804,36.08579],[127.20223,36.08846],[127.2008,36.09162],[127.20381,36.09365],[127.20487,36.10018],[127.21173,36.10067],[127.21387,36.09794],[127.21953,36.09671],[127.22592,36.09914],[127.2287,36.09808],[127.23519,36.094],[127.24269,36.08499],[127.2487,36.08307],[127.25472,36.08744],[127.24658,36.09485],[127.24559,36.10097],[127.24619,36.10479],[127.25035,36.10737],[127.25213,36.11313],[127.2597,36.11286],[127.26484,36.10868],[127.27452,36.10743],[127.28528,36.11216],[127.29394,36.11307],[127.29707,36.12273],[127.30169,36.1252],[127.3054,36.1258],[127.31092,36.12044],[127.31532,36.1191],[127.31855,36.11973],[127.31939,36.12423],[127.32278,36.12696],[127.3228,36.13063],[127.33848,36.1305],[127.34364,36.11888],[127.35051,36.1164],[127.35492,36.10834],[127.34769,36.09827],[127.35019,36.0946],[127.36006,36.08938],[127.35726,36.08689],[127.35695,36.08155],[127.36012,36.07984],[127.36173,36.07617],[127.35946,36.06925],[127.36403,36.06825],[127.36434,36.06577],[127.36056,36.06151],[127.36037,36.05452],[127.37206,36.04372],[127.37354,36.03452],[127.37821,36.03062],[127.37611,36.02248],[127.37216,36.0202],[127.3701,36.02197],[127.36753,36.02116],[127.36052,36.01138],[127.36037,36.00546],[127.36342,36.00006],[127.36163,35.99448],[127.36404,35.99076],[127.35269,35.98908],[127.3499,35.98347],[127.34262,35.97884],[127.342,35.97159],[127.34555,35.96851],[127.34603,35.96244],[127.34432,35.95912],[127.35281,35.94952],[127.34739,35.93993],[127.35133,35.93478],[127.3489,35.92698],[127.35094,35.92204],[127.35031,35.9176],[127.35378,35.91315],[127.33854,35.90803],[127.33206,35.90831],[127.33455,35.88762],[127.33228,35.88302],[127.33374,35.88203],[127.33329,35.87343],[127.32453,35.87104],[127.3206,35.868],[127.31898,35.86302],[127.32501,35.85693],[127.321,35.8507],[127.32133,35.84743],[127.31075,35.84112],[127.30859,35.83037],[127.31031,35.82435],[127.29718,35.81734],[127.29844,35.8128],[127.29513,35.80794],[127.30308,35.80077],[127.28763,35.79526],[127.28682,35.79282],[127.27395,35.79041],[127.27512,35.78174],[127.27145,35.77759],[127.26501,35.77681],[127.2615,35.76954],[127.25429,35.76643],[127.24488,35.75605],[127.24631,35.74818],[127.25358,35.74161],[127.25145,35.73534],[127.25617,35.73276],[127.25621,35.72794],[127.25071,35.71801],[127.25597,35.70837],[127.25643,35.69938],[127.2595,35.69342],[127.24669,35.68892],[127.23996,35.69017],[127.24197,35.69656],[127.23635,35.70339],[127.22394,35.71221],[127.21072,35.71005],[127.20778,35.71113],[127.20565,35.71491],[127.20616,35.72322],[127.19761,35.72593],[127.19692,35.72934],[127.18818,35.73108],[127.1862,35.7355],[127.17746,35.73763],[127.16773,35.73183],[127.16233,35.72543],[127.1587,35.72399],[127.15256,35.72519],[127.13932,35.7192],[127.13729,35.70215],[127.13037,35.69592],[127.12971,35.69171],[127.12523,35.69117],[127.12635,35.67408],[127.13125,35.66916],[127.12743,35.65878],[127.13573,35.64706],[127.13237,35.64486],[127.13206,35.64037],[127.12663,35.63539],[127.12431,35.63681],[127.11954,35.63324],[127.11495,35.62649],[127.1059,35.61957],[127.09295,35.62176]]]]}},{"type":"Feature","properties":{"code":"35320","name":"진안군","slug":"jinan-gun","wide":"jeonbuk","center":[127.4338,35.83908]},"geometry":{"type":"MultiPolygon","coordinates":[[[[127.4354,36.0142],[127.43741,36.00911],[127.44499,36.00662],[127.44415,36.00356],[127.44812,35.99892],[127.44861,35.99315],[127.45675,35.98328],[127.46393,35.98394],[127.46559,35.98747],[127.46837,35.98809],[127.47593,35.98059],[127.48773,35.97826],[127.49441,35.98618],[127.49934,35.98738],[127.50671,35.97961],[127.5236,35.98553],[127.52701,35.98293],[127.52787,35.97751],[127.53695,35.97816],[127.5374,35.9762],[127.53379,35.97117],[127.53657,35.97083],[127.5395,35.9651],[127.54658,35.96018],[127.5479,35.95424],[127.55026,35.95376],[127.55305,35.94741],[127.55488,35.94694],[127.55301,35.93748],[127.54857,35.93306],[127.55396,35.92338],[127.56314,35.92286],[127.56727,35.91827],[127.56841,35.91267],[127.57673,35.90851],[127.58485,35.89789],[127.57801,35.88817],[127.57465,35.87891],[127.5813,35.87654],[127.58918,35.87756],[127.5931,35.88172],[127.60314,35.88028],[127.59813,35.87761],[127.59923,35.87229],[127.61281,35.85846],[127.61769,35.85926],[127.62139,35.85024],[127.62484,35.84739],[127.61941,35.84058],[127.61996,35.83894],[127.60751,35.83111],[127.60075,35.80672],[127.59897,35.80527],[127.59459,35.80851],[127.59191,35.80285],[127.57908,35.794],[127.57008,35.79437],[127.56731,35.79758],[127.55907,35.80029],[127.55287,35.80819],[127.54293,35.80676],[127.53314,35.8153],[127.52039,35.81101],[127.51837,35.80297],[127.51326,35.79954],[127.51143,35.79515],[127.51086,35.79114],[127.51336,35.78638],[127.51109,35.7777],[127.51361,35.77374],[127.51323,35.77021],[127.52276,35.7564],[127.52246,35.75431],[127.49516,35.73692],[127.48901,35.73108],[127.4877,35.72722],[127.4843,35.72542],[127.48346,35.7223],[127.47859,35.72133],[127.47605,35.71845],[127.47776,35.70245],[127.46488,35.69304],[127.46687,35.68484],[127.45953,35.67332],[127.4642,35.66759],[127.47661,35.66114],[127.47769,35.65859],[127.47407,35.65467],[127.47388,35.64709],[127.46642,35.63753],[127.47011,35.62885],[127.46872,35.62136],[127.46207,35.62221],[127.45385,35.6187],[127.44195,35.61902],[127.43524,35.62305],[127.43469,35.62619],[127.4305,35.63001],[127.43268,35.63453],[127.4283,35.64203],[127.41853,35.64116],[127.39891,35.65199],[127.39301,35.65116],[127.38797,35.65549],[127.3782,35.65415],[127.3777,35.66444],[127.36765,35.66265],[127.36453,35.66037],[127.3619,35.66676],[127.3563,35.66911],[127.34662,35.66544],[127.33568,35.66508],[127.32763,35.66082],[127.32333,35.6636],[127.32192,35.67027],[127.31769,35.6773],[127.30621,35.68484],[127.29801,35.68278],[127.28808,35.6871],[127.29434,35.69889],[127.29076,35.70532],[127.29347,35.71781],[127.28687,35.72984],[127.28755,35.73325],[127.2812,35.73717],[127.28106,35.74258],[127.2773,35.74713],[127.27488,35.75451],[127.26863,35.7588],[127.2653,35.76457],[127.26598,35.76913],[127.27245,35.7741],[127.27148,35.77765],[127.27512,35.78174],[127.27395,35.79041],[127.28682,35.79282],[127.28763,35.79526],[127.30308,35.80077],[127.29513,35.80794],[127.29844,35.8128],[127.29718,35.81734],[127.31031,35.82435],[127.30859,35.83037],[127.31075,35.84112],[127.32133,35.84743],[127.321,35.8507],[127.32501,35.85693],[127.31898,35.86302],[127.3206,35.868],[127.32453,35.87104],[127.33329,35.87343],[127.33374,35.88203],[127.33228,35.88302],[127.33455,35.88762],[127.33206,35.90831],[127.33854,35.90803],[127.35378,35.91315],[127.35031,35.9176],[127.35094,35.92204],[127.3489,35.92698],[127.35133,35.93478],[127.34739,35.93993],[127.35281,35.94952],[127.34432,35.95912],[127.34603,35.96244],[127.34555,35.96851],[127.342,35.97159],[127.34226,35.97748],[127.34375,35.98086],[127.35037,35.98397],[127.35269,35.98908],[127.36404,35.99076],[127.36163,35.99448],[127.36342,36.00006],[127.36037,36.00546],[127.36052,36.01138],[127.36487,36.01827],[127.3701,36.02197],[127.37216,36.0202],[127.37649,36.02292],[127.38342,36.0214],[127.38964,36.01621],[127.39202,36.01693],[127.39681,36.01068],[127.40122,36.00874],[127.40732,36.01422],[127.41341,36.01516],[127.41959,36.0227],[127.43456,36.0295],[127.4373,36.02065],[127.4354,36.0142]]]]}},{"type":"Feature","properties":{"code":"35330","name":"무주군","slug":"muju-gun","wide":"jeonbuk","center":[127.69583,35.9514]},"geometry":{"type":"MultiPolygon","coordinates":[[[[127.64455,36.06681],[127.6484,36.06261],[127.64905,36.05799],[127.65443,36.0559],[127.6609,36.03819],[127.66906,36.03866],[127.67274,36.04163],[127.66978,36.05137],[127.68555,36.06219],[127.68902,36.06267],[127.69074,36.05803],[127.69504,36.05876],[127.69502,36.04591],[127.69646,36.0411],[127.70193,36.03527],[127.71339,36.03573],[127.71918,36.03186],[127.73484,36.03232],[127.74149,36.0248],[127.74359,36.02847],[127.74731,36.0297],[127.75386,36.02406],[127.76161,36.02518],[127.76264,36.02157],[127.75928,36.01521],[127.76505,36.0123],[127.78153,36.01651],[127.78762,36.0145],[127.79727,36.02501],[127.80073,36.02656],[127.81604,36.02818],[127.8304,36.03523],[127.83909,36.03588],[127.84855,36.03972],[127.85281,36.03911],[127.85566,36.03293],[127.8606,36.03146],[127.86615,36.02429],[127.87677,36.02251],[127.8757,36.00894],[127.87864,36.0025],[127.8756,35.99691],[127.89391,35.98585],[127.88961,35.97966],[127.89635,35.97766],[127.89626,35.97191],[127.90227,35.9569],[127.90395,35.95409],[127.91008,35.95123],[127.91137,35.94918],[127.91012,35.94592],[127.9061,35.94063],[127.89568,35.93419],[127.88224,35.92888],[127.88364,35.9248],[127.8824,35.91947],[127.88816,35.91482],[127.88506,35.90961],[127.87951,35.90985],[127.86927,35.90401],[127.86409,35.90662],[127.85954,35.90649],[127.85827,35.89702],[127.85075,35.89005],[127.85368,35.88134],[127.85106,35.87764],[127.84678,35.8779],[127.84488,35.87561],[127.84486,35.87025],[127.84175,35.86625],[127.83495,35.8669],[127.83273,35.86892],[127.82656,35.86835],[127.81941,35.86253],[127.81944,35.85964],[127.81454,35.85679],[127.81392,35.85362],[127.80436,35.85869],[127.79205,35.85241],[127.78378,35.85085],[127.77723,35.84325],[127.76885,35.83831],[127.75776,35.83676],[127.75253,35.8414],[127.74445,35.84442],[127.73805,35.83519],[127.73859,35.82708],[127.73246,35.82091],[127.73117,35.81486],[127.72965,35.813],[127.72457,35.8125],[127.72401,35.80528],[127.72061,35.80199],[127.71939,35.79732],[127.71048,35.7918],[127.70653,35.79202],[127.69974,35.78823],[127.6934,35.79162],[127.68821,35.79552],[127.68677,35.80392],[127.6773,35.81026],[127.67077,35.80979],[127.66922,35.81372],[127.66351,35.81808],[127.65491,35.81175],[127.64666,35.8122],[127.63426,35.81853],[127.6295,35.81481],[127.62103,35.82411],[127.62272,35.83132],[127.61941,35.84058],[127.62484,35.84739],[127.62139,35.85024],[127.61769,35.85926],[127.61281,35.85846],[127.59923,35.87229],[127.59813,35.87761],[127.60314,35.88028],[127.60157,35.88106],[127.5931,35.88172],[127.58918,35.87756],[127.5813,35.87654],[127.57465,35.87891],[127.57801,35.88817],[127.58485,35.89789],[127.57673,35.90851],[127.56841,35.91267],[127.56727,35.91827],[127.56314,35.92286],[127.55396,35.92338],[127.54857,35.93306],[127.55301,35.93748],[127.55488,35.94694],[127.55305,35.94741],[127.55026,35.95376],[127.5479,35.95424],[127.54658,35.96018],[127.5395,35.9651],[127.53657,35.97083],[127.53379,35.97117],[127.5374,35.9762],[127.53695,35.97816],[127.52787,35.97751],[127.52701,35.98293],[127.52437,35.98513],[127.53587,35.9949],[127.53611,36.00051],[127.5321,36.00797],[127.53987,36.01172],[127.53613,36.01994],[127.53871,36.02634],[127.53688,36.03259],[127.532,36.03457],[127.53142,36.04084],[127.54686,36.03806],[127.5522,36.03277],[127.55903,36.03344],[127.56633,36.03122],[127.57453,36.0233],[127.58256,36.02723],[127.58977,36.02605],[127.5915,36.02105],[127.5963,36.01901],[127.60007,36.01194],[127.60659,36.01191],[127.60664,36.00804],[127.60976,36.00494],[127.61057,36.00104],[127.61349,36.00061],[127.61866,36.00798],[127.61644,36.01906],[127.61097,36.0223],[127.61074,36.02535],[127.61655,36.02632],[127.62291,36.02464],[127.62691,36.02691],[127.62845,36.03196],[127.63134,36.03216],[127.63497,36.02951],[127.63975,36.03225],[127.63703,36.03511],[127.63268,36.03545],[127.63053,36.04215],[127.62513,36.04231],[127.6191,36.03917],[127.61864,36.05266],[127.62055,36.06421],[127.62392,36.06727],[127.638,36.06667],[127.63823,36.0686],[127.64455,36.06681]]]]}},{"type":"Feature","properties":{"code":"35340","name":"장수군","slug":"jangsu-gun","wide":"jeonbuk","center":[127.54379,35.65278]},"geometry":{"type":"MultiPolygon","coordinates":[[[[127.62521,35.81885],[127.6295,35.81481],[127.63426,35.81853],[127.64666,35.8122],[127.65491,35.81175],[127.66351,35.81808],[127.66922,35.81372],[127.67077,35.80979],[127.6773,35.81026],[127.68677,35.80392],[127.68821,35.79552],[127.69974,35.78823],[127.68481,35.77768],[127.67944,35.7685],[127.67577,35.77088],[127.66951,35.77137],[127.66582,35.76883],[127.6635,35.76404],[127.66229,35.76083],[127.66366,35.75463],[127.66183,35.74918],[127.66313,35.74158],[127.66039,35.73746],[127.6631,35.72486],[127.65987,35.71583],[127.66096,35.70991],[127.65742,35.70584],[127.64944,35.7038],[127.64975,35.70141],[127.64562,35.6988],[127.6418,35.69289],[127.63905,35.67899],[127.64046,35.67281],[127.63908,35.66992],[127.62895,35.66402],[127.62948,35.65664],[127.62216,35.65102],[127.6201,35.64614],[127.62026,35.64164],[127.62448,35.63804],[127.62567,35.62913],[127.63534,35.61848],[127.6214,35.61512],[127.61822,35.61041],[127.61302,35.60825],[127.61208,35.5989],[127.60887,35.59773],[127.60746,35.59491],[127.61119,35.58389],[127.60633,35.58159],[127.60485,35.57759],[127.59607,35.57369],[127.59234,35.56686],[127.58877,35.56477],[127.58729,35.55704],[127.58424,35.55278],[127.57852,35.54754],[127.57282,35.5461],[127.5715,35.53471],[127.56863,35.53328],[127.5685,35.52479],[127.57112,35.51888],[127.58001,35.51393],[127.58013,35.50201],[127.56354,35.49089],[127.56227,35.48355],[127.55962,35.4801],[127.56234,35.47615],[127.56177,35.4735],[127.54503,35.46781],[127.54266,35.46832],[127.54164,35.4716],[127.53583,35.47039],[127.51495,35.47888],[127.51392,35.48009],[127.51533,35.48107],[127.52672,35.48577],[127.52827,35.49103],[127.52725,35.49577],[127.51608,35.49828],[127.51338,35.50889],[127.50359,35.51458],[127.50108,35.51825],[127.50164,35.52172],[127.49594,35.52303],[127.49131,35.52708],[127.49242,35.53413],[127.47095,35.54082],[127.46752,35.5464],[127.45951,35.54529],[127.45624,35.54653],[127.45278,35.54006],[127.44125,35.54719],[127.4402,35.55165],[127.42413,35.55045],[127.41344,35.56028],[127.4105,35.56082],[127.40559,35.56006],[127.39924,35.55308],[127.40264,35.54835],[127.38409,35.54611],[127.37825,35.54795],[127.36367,35.55797],[127.36218,35.56234],[127.3635,35.56682],[127.37893,35.57643],[127.37698,35.58361],[127.37177,35.58662],[127.3721,35.59258],[127.37494,35.5981],[127.37268,35.60619],[127.38166,35.6132],[127.38694,35.61469],[127.4002,35.61286],[127.41013,35.61498],[127.42528,35.61477],[127.43629,35.62214],[127.44273,35.61893],[127.45385,35.6187],[127.46207,35.62221],[127.46872,35.62136],[127.47011,35.62885],[127.46642,35.63753],[127.47388,35.64709],[127.47407,35.65467],[127.47769,35.65859],[127.47661,35.66114],[127.4642,35.66759],[127.45978,35.67456],[127.46433,35.6789],[127.46687,35.68484],[127.46488,35.69304],[127.47776,35.70245],[127.47605,35.71845],[127.47859,35.72133],[127.48346,35.7223],[127.4843,35.72542],[127.4877,35.72722],[127.48901,35.73108],[127.49516,35.73692],[127.52246,35.75431],[127.52276,35.7564],[127.51285,35.77119],[127.51361,35.77374],[127.51109,35.7777],[127.51336,35.78638],[127.51081,35.7916],[127.51326,35.79954],[127.51837,35.80297],[127.52137,35.81216],[127.53314,35.8153],[127.54293,35.80676],[127.55287,35.80819],[127.55907,35.80029],[127.56731,35.79758],[127.57008,35.79437],[127.57866,35.79387],[127.59191,35.80285],[127.59459,35.80851],[127.59897,35.80527],[127.60075,35.80672],[127.60646,35.82927],[127.61701,35.83835],[127.61996,35.83894],[127.62272,35.83132],[127.62103,35.82411],[127.62521,35.81885]]]]}},{"type":"Feature","properties":{"code":"35350","name":"임실군","slug":"imsil-gun","wide":"jeonbuk","center":[127.24279,35.60743]},"geometry":{"type":"MultiPolygon","coordinates":[[[[127.27149,35.77762],[127.27245,35.7741],[127.26609,35.76931],[127.26561,35.76313],[127.27488,35.75451],[127.2773,35.74713],[127.28106,35.74258],[127.2812,35.73717],[127.28755,35.73325],[127.28687,35.72984],[127.29347,35.71781],[127.29076,35.70532],[127.29434,35.69889],[127.28808,35.6871],[127.29801,35.68278],[127.30621,35.68484],[127.31769,35.6773],[127.32192,35.67027],[127.32333,35.6636],[127.32763,35.66082],[127.33568,35.66508],[127.34662,35.66544],[127.3563,35.66911],[127.3619,35.66676],[127.36453,35.66037],[127.36765,35.66265],[127.3777,35.66444],[127.3782,35.65415],[127.38797,35.65549],[127.39301,35.65116],[127.39891,35.65199],[127.41853,35.64116],[127.4283,35.64203],[127.43268,35.63453],[127.4305,35.63001],[127.43629,35.62214],[127.42528,35.61477],[127.41013,35.61498],[127.4002,35.61286],[127.38694,35.61469],[127.38166,35.6132],[127.37268,35.60619],[127.37494,35.5981],[127.3721,35.59258],[127.37177,35.58662],[127.37698,35.58361],[127.3789,35.57637],[127.3635,35.56682],[127.36218,35.56234],[127.36366,35.55824],[127.36116,35.5573],[127.35882,35.55884],[127.35017,35.55154],[127.34335,35.5511],[127.3388,35.55454],[127.33463,35.55274],[127.33576,35.54766],[127.34079,35.54366],[127.34818,35.54214],[127.34965,35.53912],[127.35012,35.5355],[127.34542,35.52724],[127.34068,35.52594],[127.33774,35.52779],[127.33767,35.5257],[127.35375,35.51304],[127.357,35.50096],[127.35286,35.4974],[127.34169,35.4966],[127.33364,35.49189],[127.32566,35.49571],[127.32041,35.49379],[127.31353,35.49662],[127.31056,35.4941],[127.30705,35.48528],[127.30864,35.47791],[127.29843,35.47821],[127.29247,35.47584],[127.2843,35.47894],[127.27429,35.47298],[127.26795,35.47577],[127.26483,35.47502],[127.25713,35.48122],[127.24463,35.48447],[127.23339,35.47706],[127.23209,35.47442],[127.23017,35.47459],[127.21738,35.48936],[127.203,35.48979],[127.20075,35.48794],[127.19559,35.48825],[127.17554,35.473],[127.17788,35.46542],[127.17287,35.45979],[127.16496,35.46304],[127.15611,35.46079],[127.14419,35.46191],[127.14288,35.46825],[127.14006,35.4699],[127.14091,35.47688],[127.13418,35.48641],[127.13437,35.49222],[127.13082,35.49695],[127.12912,35.50364],[127.11593,35.50417],[127.1095,35.5093],[127.10792,35.51565],[127.10962,35.51941],[127.10147,35.52073],[127.09731,35.51852],[127.09554,35.51409],[127.09479,35.51564],[127.0939,35.51874],[127.09691,35.5198],[127.09914,35.5234],[127.09791,35.52722],[127.10556,35.5336],[127.11626,35.53221],[127.11694,35.53486],[127.11555,35.538],[127.108,35.54235],[127.08394,35.55056],[127.08517,35.55601],[127.09231,35.56706],[127.0844,35.5789],[127.08314,35.58449],[127.08634,35.58681],[127.09134,35.58645],[127.10258,35.59021],[127.10481,35.59594],[127.10049,35.60388],[127.09125,35.61299],[127.09167,35.62073],[127.1059,35.61957],[127.11495,35.62649],[127.11954,35.63324],[127.12431,35.63681],[127.12663,35.63539],[127.13206,35.64037],[127.13237,35.64486],[127.13573,35.64706],[127.12743,35.65878],[127.13125,35.66916],[127.12635,35.67408],[127.12523,35.69117],[127.12971,35.69171],[127.13037,35.69592],[127.13729,35.70215],[127.13932,35.7192],[127.15256,35.72519],[127.1587,35.72399],[127.16233,35.72543],[127.16773,35.73183],[127.17746,35.73763],[127.1862,35.7355],[127.18818,35.73108],[127.19692,35.72934],[127.19761,35.72593],[127.20616,35.72322],[127.20565,35.71491],[127.20778,35.71113],[127.21072,35.71005],[127.22394,35.71221],[127.23635,35.70339],[127.24197,35.69656],[127.23996,35.69017],[127.24669,35.68892],[127.25928,35.69309],[127.25938,35.69608],[127.25643,35.69938],[127.25597,35.70837],[127.25071,35.71801],[127.25621,35.72794],[127.25617,35.73276],[127.25145,35.73534],[127.25358,35.74161],[127.24631,35.74818],[127.24488,35.75605],[127.25429,35.76643],[127.2615,35.76954],[127.26501,35.77681],[127.27149,35.77762]]]]}},{"type":"Feature","properties":{"code":"35360","name":"순창군","slug":"sunchang-gun","wide":"jeonbuk","center":[127.06544,35.43846]},"geometry":{"type":"MultiPolygon","coordinates":[[[[126.8691,35.46153],[126.8657,35.46381],[126.86081,35.47423],[126.86198,35.47718],[126.85981,35.47967],[126.86183,35.48049],[126.87311,35.47967],[126.88062,35.48489],[126.88897,35.47843],[126.89792,35.48076],[126.91354,35.4768],[126.92265,35.48289],[126.92791,35.4794],[126.93586,35.48196],[126.93594,35.48813],[126.94167,35.4911],[126.93551,35.4958],[126.93365,35.50717],[126.92981,35.50955],[126.9283,35.51888],[126.9311,35.52477],[126.93554,35.5238],[126.93938,35.52785],[126.94798,35.52964],[126.95148,35.53268],[126.9502,35.53369],[126.95118,35.53847],[126.95309,35.53836],[126.96274,35.54928],[126.97507,35.55613],[126.98006,35.55488],[126.98216,35.54813],[126.99286,35.53696],[126.99597,35.54005],[127.00822,35.54197],[127.01914,35.54613],[127.01929,35.54172],[127.02267,35.53608],[127.03913,35.52874],[127.04265,35.5228],[127.05004,35.52117],[127.05184,35.51804],[127.05063,35.51205],[127.05431,35.50937],[127.0604,35.51066],[127.06681,35.51631],[127.07445,35.5138],[127.07598,35.51023],[127.08291,35.50679],[127.08776,35.50804],[127.09153,35.50593],[127.1078,35.5096],[127.11593,35.50417],[127.12912,35.50364],[127.13082,35.49695],[127.13437,35.49222],[127.13418,35.48641],[127.14091,35.47688],[127.14006,35.4699],[127.14288,35.46825],[127.14419,35.46191],[127.15611,35.46079],[127.16496,35.46304],[127.17287,35.45979],[127.17788,35.46542],[127.17499,35.47161],[127.17809,35.47521],[127.19559,35.48825],[127.21089,35.49023],[127.21905,35.48811],[127.23017,35.47459],[127.23209,35.47442],[127.23339,35.47706],[127.24463,35.48447],[127.24862,35.48418],[127.25713,35.48122],[127.2611,35.47661],[127.26795,35.47577],[127.27144,35.47322],[127.27429,35.47298],[127.2843,35.47894],[127.29247,35.47584],[127.29843,35.47821],[127.30864,35.47791],[127.31116,35.46933],[127.31427,35.46622],[127.30647,35.45288],[127.29823,35.44416],[127.2965,35.4334],[127.29107,35.42609],[127.28453,35.42401],[127.27832,35.42476],[127.27371,35.42086],[127.26014,35.42697],[127.2574,35.42119],[127.2517,35.41732],[127.2471,35.39917],[127.2358,35.39905],[127.23321,35.39749],[127.22607,35.39877],[127.21268,35.37374],[127.21659,35.3716],[127.21499,35.36938],[127.20879,35.36567],[127.20099,35.35653],[127.19622,35.35772],[127.19308,35.3564],[127.18806,35.3488],[127.1871,35.34248],[127.19457,35.33887],[127.18616,35.33695],[127.17296,35.33047],[127.17012,35.33274],[127.16087,35.32774],[127.1517,35.31786],[127.14679,35.31542],[127.14547,35.30898],[127.13009,35.30846],[127.12689,35.30658],[127.12599,35.30323],[127.11551,35.2996],[127.10524,35.29923],[127.07986,35.31053],[127.07185,35.31243],[127.06808,35.31141],[127.06178,35.31713],[127.05091,35.31672],[127.04309,35.32189],[127.05095,35.32937],[127.05233,35.34026],[127.05525,35.34106],[127.06238,35.33625],[127.07025,35.33964],[127.06745,35.34546],[127.0699,35.3514],[127.06517,35.35655],[127.07063,35.36521],[127.06359,35.3699],[127.06432,35.37601],[127.05762,35.38265],[127.05505,35.38286],[127.04886,35.37737],[127.0391,35.38014],[127.03954,35.38401],[127.03076,35.38982],[127.02746,35.39468],[127.02702,35.39986],[127.04171,35.39872],[127.04693,35.40219],[127.04514,35.40722],[127.05232,35.42652],[127.04903,35.43108],[127.04483,35.43317],[127.04018,35.43179],[127.03735,35.43386],[127.03826,35.43772],[127.035,35.44764],[127.03492,35.45699],[127.03652,35.45981],[127.03472,35.46657],[127.02394,35.46423],[127.01429,35.45782],[127.00303,35.46446],[127.00002,35.46287],[126.99802,35.4573],[127.0002,35.45243],[126.99455,35.4398],[126.98531,35.43673],[126.98163,35.42665],[126.97138,35.42767],[126.97029,35.41979],[126.97598,35.40727],[126.9761,35.40005],[126.9631,35.39495],[126.95427,35.39664],[126.94174,35.39428],[126.93537,35.39456],[126.93064,35.39876],[126.93316,35.40608],[126.91743,35.40214],[126.91661,35.40492],[126.91977,35.40995],[126.91854,35.41248],[126.91615,35.41584],[126.90882,35.41541],[126.90777,35.42002],[126.90307,35.42063],[126.90188,35.42333],[126.90432,35.4297],[126.89761,35.43295],[126.89808,35.43605],[126.90511,35.44082],[126.89964,35.4427],[126.89677,35.44799],[126.88414,35.45131],[126.88112,35.4559],[126.8691,35.46153]]]]}},{"type":"Feature","properties":{"code":"35370","name":"고창군","slug":"gochang-gun","wide":"jeonbuk","center":[126.60723,35.44889]},"geometry":{"type":"MultiPolygon","coordinates":[[[[126.42795,35.45001],[126.42496,35.45031],[126.42323,35.44844],[126.42475,35.45066],[126.42857,35.45119],[126.42795,35.45001]]],[[[126.49825,35.52379],[126.49736,35.52551],[126.49971,35.5275],[126.50641,35.52888],[126.501,35.5275],[126.49825,35.52379]]],[[[126.48229,35.53633],[126.48489,35.53455],[126.48,35.53375],[126.47933,35.53486],[126.48229,35.53633]]],[[[126.48212,35.53668],[126.47725,35.53994],[126.47949,35.53979],[126.48098,35.54266],[126.48559,35.54041],[126.48212,35.53668]]],[[[126.44236,35.54522],[126.44284,35.54274],[126.43912,35.54435],[126.4393,35.54586],[126.44236,35.54522]]],[[[126.58654,35.56873],[126.58748,35.57369],[126.58997,35.56998],[126.58654,35.56873]]],[[[126.42947,35.44964],[126.43913,35.4503],[126.45807,35.4778],[126.46211,35.48038],[126.47402,35.50654],[126.47774,35.50974],[126.48485,35.52227],[126.48648,35.52245],[126.49112,35.51178],[126.49682,35.50992],[126.49362,35.5163],[126.49783,35.51728],[126.50252,35.52527],[126.5179,35.53297],[126.52543,35.53219],[126.52639,35.53482],[126.54114,35.534],[126.54327,35.53262],[126.54165,35.5276],[126.54426,35.52733],[126.54372,35.52997],[126.54752,35.53455],[126.54974,35.53363],[126.54877,35.53757],[126.55136,35.5385],[126.55235,35.53677],[126.5557,35.53666],[126.55999,35.54003],[126.55773,35.54204],[126.55982,35.54326],[126.562,35.54162],[126.58116,35.54459],[126.58185,35.54308],[126.59455,35.54098],[126.59234,35.53373],[126.59539,35.52975],[126.59393,35.5346],[126.59975,35.54331],[126.59773,35.54429],[126.60854,35.55753],[126.61084,35.55757],[126.61407,35.57045],[126.62403,35.56825],[126.62686,35.57126],[126.62598,35.57344],[126.63319,35.57473],[126.64753,35.57159],[126.66798,35.55268],[126.67313,35.55082],[126.67487,35.54622],[126.67633,35.54761],[126.67514,35.55064],[126.6667,35.55553],[126.66422,35.56602],[126.66817,35.56622],[126.66945,35.56994],[126.67753,35.57195],[126.69214,35.56947],[126.70514,35.57482],[126.72649,35.57245],[126.73971,35.56835],[126.74112,35.57153],[126.74697,35.56997],[126.75253,35.57168],[126.75439,35.57433],[126.76105,35.57124],[126.76937,35.56077],[126.76266,35.55504],[126.76622,35.54914],[126.76218,35.5447],[126.76114,35.53299],[126.77361,35.52379],[126.76067,35.51676],[126.7596,35.51424],[126.76075,35.51052],[126.77062,35.5076],[126.768,35.50233],[126.76842,35.49614],[126.76434,35.49306],[126.76677,35.48568],[126.7703,35.48222],[126.77262,35.4679],[126.76296,35.46628],[126.75778,35.46229],[126.75534,35.45626],[126.74808,35.45058],[126.74101,35.45298],[126.73772,35.44949],[126.74382,35.44068],[126.74818,35.43993],[126.75173,35.4359],[126.75151,35.42276],[126.7542,35.4165],[126.74868,35.41559],[126.74446,35.40917],[126.73769,35.40599],[126.7362,35.40341],[126.72247,35.39993],[126.72308,35.39749],[126.72963,35.39461],[126.73219,35.38319],[126.73126,35.37688],[126.7225,35.36686],[126.71735,35.36475],[126.70462,35.36513],[126.69934,35.35009],[126.69182,35.35143],[126.68573,35.34424],[126.68231,35.34713],[126.66644,35.35149],[126.6644,35.34571],[126.66008,35.34424],[126.66076,35.33991],[126.65368,35.32865],[126.65173,35.32682],[126.64705,35.32846],[126.64428,35.3272],[126.64698,35.32474],[126.6448,35.31978],[126.62642,35.32135],[126.60417,35.33566],[126.59805,35.33012],[126.58706,35.33081],[126.58354,35.32909],[126.58093,35.31725],[126.58294,35.31571],[126.58945,35.31751],[126.58857,35.30733],[126.58491,35.30079],[126.57671,35.30436],[126.57271,35.31015],[126.56834,35.31125],[126.564,35.30953],[126.56096,35.31187],[126.55108,35.31368],[126.53232,35.30674],[126.52977,35.30873],[126.52993,35.31231],[126.52368,35.31476],[126.5206,35.32531],[126.51386,35.32747],[126.51343,35.32949],[126.51563,35.32946],[126.51751,35.33414],[126.5172,35.33852],[126.52053,35.34835],[126.51388,35.35643],[126.51276,35.36203],[126.50451,35.35923],[126.49695,35.35005],[126.49355,35.35038],[126.49214,35.35411],[126.49615,35.3576],[126.49741,35.3732],[126.48622,35.37758],[126.48328,35.38057],[126.48289,35.38463],[126.47738,35.38618],[126.49058,35.39515],[126.49288,35.40924],[126.49163,35.4113],[126.48039,35.42105],[126.47966,35.4265],[126.47603,35.42933],[126.46988,35.42549],[126.46418,35.42539],[126.45022,35.42788],[126.44761,35.42978],[126.44796,35.43469],[126.44635,35.43529],[126.44129,35.43565],[126.43503,35.43237],[126.42985,35.43292],[126.42876,35.435],[126.43665,35.44852],[126.42947,35.44964]]]]}},{"type":"Feature","properties":{"code":"35380","name":"부안군","slug":"buan-gun","wide":"jeonbuk","center":[126.64602,35.67003]},"geometry":{"type":"MultiPolygon","coordinates":[[[[126.24736,35.57394],[126.24171,35.57368],[126.24505,35.57829],[126.25012,35.57754],[126.24736,35.57394]]],[[[126.24499,35.58583],[126.24563,35.58306],[126.24377,35.58354],[126.24499,35.58583]]],[[[126.29909,35.58576],[126.29681,35.589],[126.29932,35.59076],[126.29909,35.58576]]],[[[126.26568,35.61074],[126.26717,35.60749],[126.26409,35.60834],[126.26568,35.61074]]],[[[126.29203,35.62029],[126.29349,35.61691],[126.29149,35.61072],[126.2877,35.61466],[126.29154,35.61613],[126.29247,35.61895],[126.29009,35.61944],[126.29203,35.62029]]],[[[126.30386,35.62191],[126.30754,35.62045],[126.31564,35.61068],[126.31122,35.60384],[126.30496,35.60034],[126.30385,35.59588],[126.29005,35.5927],[126.28819,35.59082],[126.289,35.58934],[126.27909,35.57942],[126.26537,35.57587],[126.26258,35.57114],[126.26699,35.56667],[126.25554,35.57377],[126.25476,35.5802],[126.2503,35.58098],[126.25379,35.58375],[126.24945,35.58407],[126.24849,35.58727],[126.25422,35.58995],[126.25669,35.58677],[126.27077,35.59012],[126.26911,35.59339],[126.25671,35.59383],[126.25944,35.59864],[126.26057,35.59607],[126.26427,35.59522],[126.27303,35.59924],[126.2677,35.60483],[126.26865,35.6064],[126.27139,35.60568],[126.2708,35.60867],[126.27564,35.60429],[126.28205,35.60573],[126.28276,35.60786],[126.27589,35.61282],[126.27529,35.61713],[126.2801,35.614],[126.28458,35.6149],[126.28703,35.60998],[126.29392,35.60433],[126.29681,35.61241],[126.30351,35.61277],[126.29993,35.62004],[126.30506,35.61728],[126.3044,35.62064],[126.30128,35.62038],[126.30386,35.62191]]],[[[126.36903,35.62306],[126.36792,35.62439],[126.36939,35.62583],[126.36903,35.62306]]],[[[126.28299,35.63282],[126.28413,35.63136],[126.28566,35.63376],[126.29014,35.63347],[126.29493,35.62853],[126.28525,35.62364],[126.28491,35.62064],[126.28236,35.62547],[126.28584,35.62631],[126.28627,35.62979],[126.27803,35.62916],[126.27569,35.62532],[126.2733,35.62634],[126.27591,35.62685],[126.27569,35.6306],[126.27205,35.63192],[126.2785,35.6327],[126.27924,35.63513],[126.28299,35.63282]]],[[[126.12021,35.64609],[126.12448,35.64404],[126.13022,35.6366],[126.12419,35.63396],[126.1235,35.63806],[126.1209,35.64036],[126.11782,35.6402],[126.11669,35.63783],[126.11269,35.63826],[126.11253,35.6443],[126.12021,35.64609]]],[[[126.48391,35.66016],[126.48597,35.66538],[126.48756,35.66126],[126.48391,35.66016]]],[[[126.12151,35.66599],[126.12315,35.66579],[126.12279,35.66395],[126.11997,35.6646],[126.12151,35.66599]]],[[[126.11102,35.66689],[126.1122,35.66446],[126.10907,35.65975],[126.11161,35.6579],[126.11048,35.65588],[126.10744,35.65551],[126.10597,35.65873],[126.10024,35.65972],[126.10357,35.66402],[126.11102,35.66689]]],[[[126.75189,35.79931],[126.76296,35.79664],[126.77966,35.75703],[126.78302,35.75491],[126.78306,35.75174],[126.79578,35.75341],[126.79776,35.74623],[126.79666,35.74448],[126.79893,35.74264],[126.8067,35.74542],[126.80654,35.73277],[126.80923,35.73086],[126.80476,35.7264],[126.81364,35.72897],[126.81421,35.72713],[126.81126,35.72313],[126.8149,35.7242],[126.8148,35.72623],[126.81677,35.72701],[126.81815,35.72537],[126.81632,35.71977],[126.81241,35.71851],[126.81306,35.71563],[126.82235,35.71688],[126.82319,35.71264],[126.82695,35.71561],[126.82634,35.71201],[126.83482,35.70378],[126.83347,35.70086],[126.84091,35.69766],[126.8406,35.69583],[126.83796,35.69707],[126.83459,35.68703],[126.8288,35.68438],[126.8271,35.67999],[126.81878,35.68069],[126.81422,35.68332],[126.80884,35.68075],[126.80579,35.67579],[126.798,35.68484],[126.78711,35.67529],[126.78346,35.6758],[126.77721,35.6796],[126.77728,35.68216],[126.77298,35.68358],[126.76968,35.68148],[126.76499,35.67318],[126.76528,35.66447],[126.76322,35.66197],[126.756,35.66502],[126.75535,35.66688],[126.75155,35.66774],[126.75019,35.66349],[126.744,35.66643],[126.73785,35.65031],[126.72683,35.6482],[126.72284,35.63202],[126.72026,35.63023],[126.72247,35.62442],[126.71996,35.61039],[126.72236,35.60102],[126.72157,35.59487],[126.72442,35.59181],[126.72425,35.58364],[126.7182,35.5837],[126.71662,35.58163],[126.71579,35.57527],[126.71813,35.57327],[126.70415,35.57478],[126.69878,35.57097],[126.69214,35.56947],[126.67766,35.57196],[126.67317,35.56995],[126.66479,35.57594],[126.66075,35.58528],[126.65754,35.58688],[126.65119,35.58061],[126.62063,35.58838],[126.60406,35.58645],[126.59357,35.5901],[126.59278,35.5884],[126.58584,35.58791],[126.5752,35.59042],[126.55755,35.58492],[126.54722,35.58415],[126.54607,35.58606],[126.52922,35.57931],[126.51668,35.58068],[126.51745,35.58618],[126.51511,35.58769],[126.51054,35.5829],[126.51222,35.57923],[126.5087,35.5792],[126.49852,35.58379],[126.49871,35.58592],[126.49184,35.5859],[126.48773,35.5898],[126.48707,35.59583],[126.47803,35.60234],[126.46917,35.60263],[126.46797,35.59828],[126.46647,35.59868],[126.46579,35.6032],[126.46767,35.60228],[126.46733,35.60601],[126.46435,35.60981],[126.45989,35.61048],[126.46298,35.61852],[126.46989,35.61877],[126.46931,35.62344],[126.46366,35.62337],[126.46922,35.62801],[126.46886,35.63044],[126.46689,35.63484],[126.46194,35.6335],[126.45757,35.63579],[126.45811,35.63779],[126.45959,35.63676],[126.46544,35.63982],[126.466,35.64348],[126.4705,35.6427],[126.48103,35.64539],[126.49212,35.65536],[126.49935,35.65699],[126.51338,35.66638],[126.51802,35.67025],[126.52096,35.67626],[126.52473,35.67844],[126.52664,35.67745],[126.52638,35.675],[126.53327,35.69004],[126.54061,35.69096],[126.55637,35.69778],[126.53344,35.72475],[126.52952,35.72771],[126.52811,35.72688],[126.53089,35.72482],[126.52697,35.72692],[126.52793,35.7288],[126.52326,35.73135],[126.52446,35.73265],[126.53186,35.73064],[126.55817,35.69823],[126.5669,35.69423],[126.56937,35.68643],[126.57247,35.69072],[126.56903,35.69281],[126.57615,35.69964],[126.58052,35.70088],[126.58001,35.70247],[126.58423,35.70719],[126.58865,35.70781],[126.5974,35.71463],[126.61159,35.7336],[126.61115,35.73602],[126.62862,35.74907],[126.62558,35.77757],[126.62729,35.78063],[126.62137,35.78689],[126.63146,35.79949],[126.63744,35.79879],[126.63938,35.79393],[126.65244,35.79195],[126.68961,35.79556],[126.69739,35.79811],[126.7065,35.79635],[126.6982,35.81287],[126.75189,35.79931]]]]}},{"type":"Feature","properties":{"code":"36010","name":"목포시","slug":"mokpo-si","wide":"jeonnam","center":[126.40144,34.80744]},"geometry":{"type":"MultiPolygon","coordinates":[[[[126.29832,34.78159],[126.30127,34.78216],[126.30131,34.77618],[126.28835,34.77803],[126.29198,34.77951],[126.29523,34.78397],[126.29832,34.78159]]],[[[126.3578,34.77967],[126.36461,34.77464],[126.37567,34.77053],[126.37105,34.76405],[126.37283,34.75927],[126.36429,34.75943],[126.36223,34.75233],[126.35864,34.75219],[126.3603,34.74478],[126.35045,34.75058],[126.35037,34.76183],[126.35447,34.76175],[126.35443,34.76531],[126.35223,34.76554],[126.35856,34.76576],[126.35841,34.77096],[126.35271,34.77181],[126.35851,34.7713],[126.35468,34.77894],[126.3551,34.78513],[126.3578,34.77967]]],[[[126.32851,34.78196],[126.32877,34.77561],[126.32236,34.77348],[126.31915,34.75942],[126.30662,34.76416],[126.30475,34.77205],[126.30853,34.78238],[126.31452,34.78136],[126.32113,34.78833],[126.32851,34.78196]]],[[[126.33197,34.79458],[126.33331,34.79381],[126.33261,34.78985],[126.33197,34.79458]]],[[[126.33964,34.78893],[126.33889,34.78197],[126.33741,34.78669],[126.3353,34.78826],[126.33347,34.78727],[126.3404,34.79509],[126.33964,34.78893]]],[[[126.32731,34.81643],[126.33115,34.81224],[126.33216,34.79587],[126.32069,34.79594],[126.31397,34.79228],[126.31828,34.80269],[126.31696,34.80489],[126.31472,34.80411],[126.316,34.80734],[126.32731,34.81643]]],[[[126.4184,34.8442],[126.42511,34.83885],[126.43437,34.83818],[126.43781,34.83573],[126.43929,34.83039],[126.43837,34.82132],[126.45452,34.81749],[126.45511,34.81081],[126.45942,34.80858],[126.45834,34.79337],[126.44544,34.79134],[126.44097,34.79928],[126.42632,34.79329],[126.42572,34.79163],[126.41757,34.79114],[126.41127,34.7931],[126.41425,34.78834],[126.40604,34.78497],[126.40272,34.78537],[126.40119,34.78308],[126.38772,34.78091],[126.39322,34.78708],[126.39166,34.78826],[126.38198,34.77927],[126.38171,34.78071],[126.36873,34.78086],[126.36601,34.78942],[126.36064,34.79369],[126.35,34.79636],[126.358,34.80384],[126.35683,34.80225],[126.35995,34.79963],[126.36534,34.80398],[126.36251,34.80628],[126.3597,34.80543],[126.36831,34.81135],[126.38035,34.82768],[126.38544,34.82911],[126.38224,34.83022],[126.38662,34.8295],[126.3883,34.83676],[126.39675,34.83805],[126.40077,34.84195],[126.4184,34.8442]]]]}},{"type":"Feature","properties":{"code":"36020","name":"여수시","slug":"yeosu-si","wide":"jeonnam","center":[127.62198,34.75298]},"geometry":{"type":"MultiPolygon","coordinates":[[[[127.31619,34.02924],[127.32429,34.02522],[127.30928,34.02394],[127.30839,34.02834],[127.31619,34.02924]]],[[[127.60883,34.03019],[127.60846,34.0322],[127.61109,34.0326],[127.60883,34.03019]]],[[[127.60794,34.0336],[127.60554,34.03391],[127.60572,34.03571],[127.60786,34.03656],[127.60794,34.0336]]],[[[127.60599,34.03681],[127.60433,34.03788],[127.60538,34.03979],[127.60742,34.03918],[127.60599,34.03681]]],[[[127.36064,34.04353],[127.36246,34.04242],[127.35945,34.03995],[127.35633,34.04202],[127.36064,34.04353]]],[[[127.38676,34.05277],[127.38452,34.05442],[127.38778,34.05464],[127.38841,34.05322],[127.38676,34.05277]]],[[[127.58355,34.05733],[127.58658,34.05659],[127.58589,34.05402],[127.58313,34.05299],[127.58355,34.05733]]],[[[127.27955,34.05749],[127.27909,34.05943],[127.28174,34.05956],[127.27955,34.05749]]],[[[127.58414,34.05972],[127.58244,34.0589],[127.58138,34.06069],[127.5832,34.06169],[127.58414,34.05972]]],[[[127.38767,34.0618],[127.39273,34.06177],[127.39839,34.05697],[127.39051,34.05731],[127.38947,34.05508],[127.3863,34.05555],[127.38824,34.05948],[127.38475,34.06147],[127.38767,34.0618]]],[[[127.30601,34.06277],[127.30912,34.05814],[127.31764,34.05615],[127.32123,34.05872],[127.32342,34.05724],[127.32629,34.05288],[127.32426,34.04584],[127.33214,34.04157],[127.33459,34.03669],[127.33355,34.03434],[127.33127,34.03324],[127.32802,34.03677],[127.31472,34.0403],[127.30953,34.03271],[127.3141,34.04473],[127.30951,34.05297],[127.3033,34.05834],[127.30601,34.06277]]],[[[127.29921,34.05698],[127.29232,34.04874],[127.29486,34.04481],[127.29413,34.03981],[127.2974,34.03816],[127.29665,34.03236],[127.30489,34.02886],[127.30773,34.02209],[127.30441,34.02066],[127.30502,34.01871],[127.31073,34.01821],[127.31553,34.01409],[127.32054,34.01621],[127.32448,34.01525],[127.32529,34.01257],[127.32307,34.00593],[127.3176,34.01013],[127.31711,34.01266],[127.30398,34.01188],[127.30061,34.01428],[127.29465,34.01426],[127.29637,34.01804],[127.29026,34.0237],[127.28882,34.03305],[127.28611,34.03573],[127.28276,34.03413],[127.28098,34.03545],[127.27994,34.04849],[127.28235,34.05089],[127.28003,34.05303],[127.27536,34.05302],[127.28023,34.0577],[127.28283,34.05466],[127.28574,34.05529],[127.28625,34.05872],[127.29134,34.05475],[127.2948,34.0554],[127.29134,34.06278],[127.29242,34.06338],[127.2958,34.06231],[127.29921,34.05698]]],[[[127.51665,34.1137],[127.50881,34.11523],[127.51314,34.11602],[127.51665,34.1137]]],[[[127.35615,34.17089],[127.35245,34.1721],[127.35099,34.1748],[127.35457,34.18052],[127.358,34.17442],[127.35615,34.17089]]],[[[127.22598,34.21218],[127.22345,34.20969],[127.22138,34.21043],[127.22598,34.21218]]],[[[127.22226,34.22105],[127.21764,34.22307],[127.21982,34.22467],[127.22433,34.22403],[127.22545,34.22334],[127.22226,34.22105]]],[[[127.46538,34.2272],[127.45945,34.22806],[127.45911,34.232],[127.46157,34.23223],[127.46538,34.2272]]],[[[127.45284,34.2494],[127.45638,34.24687],[127.45545,34.2425],[127.44884,34.24007],[127.44465,34.24213],[127.44699,34.24852],[127.45077,34.25048],[127.45284,34.2494]]],[[[127.25981,34.24659],[127.26044,34.24427],[127.25801,34.24228],[127.26208,34.23852],[127.25779,34.23745],[127.25811,34.23379],[127.2625,34.22692],[127.26146,34.22458],[127.25656,34.22275],[127.25234,34.22452],[127.24965,34.22155],[127.25794,34.21929],[127.25856,34.21201],[127.25353,34.21222],[127.24832,34.21539],[127.24585,34.21403],[127.24088,34.21906],[127.23736,34.21814],[127.23884,34.21537],[127.23404,34.21619],[127.2263,34.21326],[127.22491,34.21613],[127.22746,34.21759],[127.23378,34.23673],[127.23547,34.23783],[127.23559,34.23593],[127.23881,34.23525],[127.24586,34.23969],[127.24321,34.24303],[127.24286,34.24767],[127.24732,34.24634],[127.25582,34.25114],[127.25811,34.25073],[127.25981,34.24659]]],[[[127.4501,34.25644],[127.44775,34.25855],[127.45366,34.25965],[127.4501,34.25644]]],[[[127.26112,34.25829],[127.25457,34.26006],[127.25779,34.26452],[127.26147,34.26123],[127.26112,34.25829]]],[[[127.53646,34.26775],[127.54023,34.2676],[127.53895,34.26404],[127.53568,34.26056],[127.5311,34.26078],[127.52835,34.26747],[127.53345,34.26977],[127.53646,34.26775]]],[[[127.2806,34.27579],[127.28328,34.27409],[127.27981,34.27463],[127.27663,34.27205],[127.26761,34.27216],[127.2806,34.27579]]],[[[127.27943,34.27899],[127.27809,34.2811],[127.28159,34.28012],[127.27943,34.27899]]],[[[127.26573,34.28845],[127.26573,34.29132],[127.26936,34.29056],[127.26573,34.28845]]],[[[127.35715,34.28593],[127.36127,34.28679],[127.3614,34.29132],[127.36404,34.29367],[127.3674,34.29283],[127.37115,34.28772],[127.36669,34.28676],[127.36153,34.27847],[127.35165,34.26835],[127.34874,34.26787],[127.34819,34.28249],[127.35016,34.29374],[127.35313,34.29512],[127.35275,34.2886],[127.35715,34.28593]]],[[[127.3811,34.29434],[127.3741,34.29223],[127.37034,34.29515],[127.37659,34.29419],[127.38141,34.29604],[127.3811,34.29434]]],[[[127.40059,34.28503],[127.39828,34.28415],[127.39847,34.28054],[127.39588,34.28035],[127.39565,34.28301],[127.39381,34.28368],[127.39032,34.27889],[127.38825,34.28085],[127.38943,34.28539],[127.38607,34.28971],[127.38645,34.29232],[127.39166,34.29669],[127.39575,34.29787],[127.39895,34.29646],[127.40216,34.29029],[127.40059,34.28503]]],[[[127.37533,34.33141],[127.37216,34.33211],[127.37542,34.33288],[127.37533,34.33141]]],[[[127.90382,34.41757],[127.90489,34.41601],[127.90209,34.41408],[127.90382,34.41757]]],[[[127.78501,34.45163],[127.78225,34.4529],[127.78648,34.45271],[127.78501,34.45163]]],[[[127.80234,34.45083],[127.80563,34.45151],[127.8091,34.44958],[127.81467,34.45329],[127.81729,34.45184],[127.8098,34.44365],[127.80989,34.43422],[127.80448,34.4292],[127.80899,34.42505],[127.80795,34.41686],[127.80426,34.41651],[127.80315,34.41435],[127.80527,34.40918],[127.79885,34.40966],[127.7981,34.41586],[127.79644,34.41698],[127.78862,34.41268],[127.78599,34.41804],[127.78875,34.42562],[127.80107,34.43131],[127.78517,34.43011],[127.78615,34.43489],[127.79134,34.43555],[127.796,34.4397],[127.79429,34.44161],[127.79819,34.44412],[127.79727,34.45237],[127.7939,34.45363],[127.79502,34.45726],[127.80018,34.46038],[127.8073,34.45989],[127.80592,34.45649],[127.8017,34.45414],[127.80234,34.45083]]],[[[127.7911,34.47506],[127.78894,34.47865],[127.79137,34.48137],[127.7935,34.48022],[127.79375,34.47725],[127.7911,34.47506]]],[[[127.82651,34.49703],[127.82594,34.49512],[127.81292,34.49189],[127.81474,34.48886],[127.819,34.48881],[127.82544,34.48497],[127.82361,34.4818],[127.82122,34.4815],[127.82154,34.47601],[127.81952,34.4755],[127.81886,34.47798],[127.8159,34.47939],[127.8128,34.47524],[127.81028,34.47526],[127.80864,34.47694],[127.81064,34.47804],[127.81046,34.48062],[127.80495,34.48303],[127.80085,34.47497],[127.80397,34.47128],[127.7965,34.4731],[127.798,34.49125],[127.80384,34.48561],[127.81133,34.49771],[127.81881,34.49704],[127.82299,34.4998],[127.82651,34.49703]]],[[[127.80642,34.5011],[127.80435,34.50257],[127.80735,34.50374],[127.80642,34.5011]]],[[[127.80685,34.51064],[127.80543,34.51296],[127.80821,34.51109],[127.80685,34.51064]]],[[[127.77431,34.53545],[127.76996,34.535],[127.77279,34.53785],[127.77431,34.53545]]],[[[127.76967,34.53046],[127.77094,34.52647],[127.78015,34.52008],[127.78216,34.51203],[127.7669,34.51031],[127.77761,34.50534],[127.78107,34.50763],[127.78579,34.50615],[127.78648,34.50777],[127.79322,34.50194],[127.79096,34.49858],[127.79205,34.49661],[127.79523,34.49465],[127.79866,34.49602],[127.79615,34.4928],[127.79118,34.49083],[127.78992,34.4869],[127.77132,34.4874],[127.76994,34.49142],[127.76687,34.4891],[127.76265,34.49114],[127.76945,34.49249],[127.77397,34.4981],[127.77302,34.50005],[127.76733,34.49623],[127.76231,34.49921],[127.7538,34.49932],[127.75409,34.5047],[127.75104,34.50491],[127.74727,34.50163],[127.73478,34.50315],[127.73393,34.50608],[127.7402,34.50783],[127.7407,34.51045],[127.72672,34.51359],[127.72552,34.51587],[127.73245,34.52518],[127.73174,34.52729],[127.71986,34.52311],[127.71138,34.53032],[127.70283,34.53148],[127.6963,34.53888],[127.70478,34.53965],[127.71168,34.538],[127.72514,34.54707],[127.7255,34.54894],[127.74042,34.55314],[127.75166,34.55045],[127.75776,34.5515],[127.76407,34.53997],[127.7624,34.53484],[127.76662,34.53071],[127.76967,34.53046]]],[[[127.76538,34.56245],[127.76484,34.56447],[127.77024,34.5668],[127.76538,34.56245]]],[[[127.75144,34.56763],[127.75226,34.56568],[127.74889,34.56346],[127.74443,34.56535],[127.75144,34.56763]]],[[[127.74157,34.56329],[127.73572,34.55919],[127.73077,34.56234],[127.72435,34.56076],[127.73004,34.57112],[127.73597,34.56941],[127.73709,34.56425],[127.74157,34.56329]]],[[[127.7402,34.56995],[127.73764,34.57189],[127.74052,34.57574],[127.74234,34.57163],[127.7402,34.56995]]],[[[127.72752,34.5775],[127.7232,34.56881],[127.71332,34.56494],[127.71179,34.56589],[127.71013,34.57621],[127.71825,34.57936],[127.72133,34.57674],[127.72492,34.57977],[127.72752,34.5775]]],[[[127.68145,34.58026],[127.68198,34.57743],[127.6796,34.5792],[127.68145,34.58026]]],[[[127.76214,34.5795],[127.76414,34.57644],[127.76151,34.57417],[127.75643,34.5762],[127.75496,34.57993],[127.7625,34.58228],[127.76214,34.5795]]],[[[127.66372,34.58307],[127.66682,34.58302],[127.66973,34.58032],[127.67096,34.57222],[127.6757,34.57416],[127.68043,34.56994],[127.68426,34.57061],[127.68554,34.57285],[127.68331,34.575],[127.69097,34.57652],[127.69591,34.5751],[127.69739,34.56946],[127.70356,34.56821],[127.70497,34.5648],[127.69612,34.56267],[127.6904,34.56482],[127.68725,34.56084],[127.68694,34.56473],[127.69067,34.56843],[127.68778,34.57123],[127.68556,34.56897],[127.68001,34.56896],[127.67416,34.55565],[127.6701,34.55535],[127.66939,34.56092],[127.66381,34.55775],[127.66489,34.55526],[127.65867,34.55266],[127.64933,34.55654],[127.64701,34.56279],[127.64768,34.56725],[127.6419,34.56982],[127.63854,34.56608],[127.64076,34.56169],[127.63889,34.55674],[127.63701,34.56638],[127.63888,34.56873],[127.63924,34.57486],[127.648,34.5814],[127.65359,34.5799],[127.65741,34.58571],[127.66372,34.58307]]],[[[127.56368,34.58808],[127.56777,34.58584],[127.56329,34.58663],[127.56248,34.58844],[127.56368,34.58808]]],[[[127.60284,34.59027],[127.60552,34.58873],[127.59958,34.58933],[127.60284,34.59027]]],[[[127.55637,34.59058],[127.56075,34.58843],[127.56064,34.58554],[127.55725,34.59],[127.55548,34.58849],[127.55387,34.59007],[127.55335,34.59228],[127.55748,34.59347],[127.55637,34.59058]]],[[[127.56863,34.59115],[127.56557,34.59283],[127.56878,34.59416],[127.57014,34.59212],[127.56863,34.59115]]],[[[127.7342,34.58918],[127.74364,34.58283],[127.74379,34.5797],[127.73782,34.57862],[127.73289,34.57517],[127.72979,34.57874],[127.7299,34.58136],[127.72454,34.58636],[127.71776,34.59115],[127.71295,34.5911],[127.71202,34.59257],[127.71794,34.59381],[127.71957,34.58965],[127.72178,34.58886],[127.73183,34.59504],[127.73391,34.59392],[127.7342,34.58918]]],[[[127.69034,34.59251],[127.698,34.59037],[127.69348,34.58936],[127.69039,34.59092],[127.68499,34.58865],[127.68045,34.59435],[127.68439,34.59571],[127.68967,34.5944],[127.69034,34.59251]]],[[[127.62645,34.59344],[127.626,34.58872],[127.62334,34.5905],[127.60616,34.58944],[127.61889,34.59412],[127.62113,34.59676],[127.62543,34.59593],[127.62645,34.59344]]],[[[127.57964,34.59883],[127.57982,34.59686],[127.57778,34.59628],[127.57726,34.59996],[127.57964,34.59883]]],[[[127.65777,34.60357],[127.66194,34.60249],[127.65395,34.59674],[127.65866,34.59152],[127.65476,34.59231],[127.65144,34.58723],[127.64606,34.59068],[127.6507,34.59427],[127.65102,34.6044],[127.65777,34.60357]]],[[[127.60139,34.59488],[127.59811,34.5949],[127.59558,34.59746],[127.59677,34.60066],[127.60231,34.60423],[127.60654,34.60432],[127.60702,34.60176],[127.60139,34.59488]]],[[[127.79787,34.60782],[127.7972,34.6101],[127.79989,34.60858],[127.79787,34.60782]]],[[[127.71425,34.61147],[127.72425,34.6096],[127.7258,34.60838],[127.72479,34.60705],[127.71279,34.60732],[127.70804,34.60328],[127.70428,34.60411],[127.70611,34.61007],[127.71425,34.61147]]],[[[127.58642,34.61297],[127.58324,34.61168],[127.58528,34.61521],[127.58773,34.61477],[127.58642,34.61297]]],[[[127.53484,34.5977],[127.53992,34.59865],[127.54077,34.60192],[127.53876,34.60612],[127.54027,34.60834],[127.53666,34.60963],[127.53531,34.60487],[127.53111,34.60375],[127.52723,34.60567],[127.52628,34.60227],[127.52218,34.61521],[127.5291,34.61748],[127.53253,34.61627],[127.53125,34.61473],[127.53392,34.61162],[127.53797,34.61387],[127.54058,34.61173],[127.5443,34.61303],[127.54164,34.61451],[127.54169,34.61679],[127.54582,34.61837],[127.5512,34.61758],[127.55142,34.61473],[127.55782,34.61684],[127.56411,34.6136],[127.56436,34.60795],[127.56685,34.60548],[127.56518,34.60383],[127.55754,34.60226],[127.55571,34.60386],[127.55144,34.60197],[127.54996,34.59598],[127.53484,34.5977]]],[[[127.64325,34.61813],[127.64679,34.61896],[127.65528,34.60896],[127.64684,34.60841],[127.64469,34.61186],[127.6422,34.61191],[127.6398,34.60935],[127.64087,34.60565],[127.63926,34.60761],[127.63326,34.60736],[127.62481,34.61466],[127.62716,34.62142],[127.63083,34.62405],[127.63849,34.62379],[127.64325,34.61813]]],[[[127.53422,34.62618],[127.53784,34.62425],[127.53358,34.62441],[127.53252,34.62704],[127.53422,34.62618]]],[[[127.5374,34.62944],[127.54081,34.6297],[127.54118,34.63203],[127.54355,34.63253],[127.54758,34.63153],[127.55212,34.62738],[127.54092,34.62306],[127.54126,34.62485],[127.53332,34.62769],[127.53511,34.63355],[127.5374,34.62944]]],[[[127.64616,34.63205],[127.64685,34.63547],[127.64997,34.63638],[127.64616,34.63205]]],[[[127.71236,34.63576],[127.70988,34.63629],[127.71225,34.63763],[127.71455,34.63669],[127.71236,34.63576]]],[[[127.51712,34.63425],[127.51346,34.63236],[127.51613,34.62855],[127.51591,34.62525],[127.52008,34.62361],[127.52353,34.62611],[127.52228,34.62277],[127.52468,34.62093],[127.52342,34.62001],[127.52075,34.61921],[127.51457,34.62293],[127.50904,34.63313],[127.5133,34.63856],[127.51841,34.64114],[127.51712,34.63425]]],[[[127.56899,34.62672],[127.5476,34.63827],[127.54788,34.64152],[127.55064,34.6424],[127.55798,34.63766],[127.568,34.63486],[127.56899,34.62672]]],[[[127.79988,34.64878],[127.80065,34.64609],[127.79914,34.64675],[127.79988,34.64878]]],[[[127.55063,34.65749],[127.54885,34.65764],[127.55041,34.65952],[127.55063,34.65749]]],[[[127.63627,34.65985],[127.6392,34.65511],[127.63504,34.65716],[127.63627,34.65985]]],[[[127.7338,34.66132],[127.73128,34.66431],[127.7333,34.66496],[127.7338,34.66132]]],[[[127.71072,34.67064],[127.71333,34.67029],[127.71077,34.66928],[127.70827,34.6711],[127.71072,34.67064]]],[[[127.7011,34.67951],[127.70499,34.6769],[127.70102,34.67606],[127.69926,34.67861],[127.7011,34.67951]]],[[[127.74315,34.67643],[127.73991,34.68088],[127.74139,34.68258],[127.74416,34.67819],[127.74315,34.67643]]],[[[127.71166,34.70217],[127.70097,34.70844],[127.70037,34.71091],[127.7092,34.7092],[127.71166,34.70217]]],[[[127.70977,34.71806],[127.7121,34.71209],[127.70959,34.71437],[127.70977,34.71806]]],[[[127.70966,34.71929],[127.71144,34.72134],[127.71471,34.71987],[127.70966,34.71929]]],[[[127.7245,34.71939],[127.72392,34.71795],[127.73169,34.71844],[127.73151,34.71494],[127.72777,34.71509],[127.7258,34.71128],[127.74047,34.70656],[127.7425,34.70474],[127.74173,34.70318],[127.73775,34.70309],[127.73478,34.69908],[127.71996,34.70532],[127.72013,34.71009],[127.71694,34.71309],[127.72199,34.71525],[127.71846,34.71865],[127.72473,34.7224],[127.72621,34.72138],[127.7245,34.71939]]],[[[127.78639,34.71203],[127.79098,34.70289],[127.78891,34.6995],[127.78602,34.69928],[127.78616,34.70153],[127.78405,34.70281],[127.78037,34.70084],[127.77587,34.70225],[127.7806,34.70776],[127.77851,34.71198],[127.77359,34.70419],[127.77143,34.70542],[127.77137,34.71065],[127.76376,34.70951],[127.7661,34.70474],[127.77053,34.70242],[127.76309,34.70626],[127.76032,34.70622],[127.75917,34.70386],[127.76596,34.69426],[127.77436,34.69886],[127.77916,34.697],[127.77896,34.69321],[127.78233,34.68944],[127.77745,34.68625],[127.77627,34.68135],[127.78325,34.67446],[127.78301,34.6716],[127.78967,34.66986],[127.79301,34.67242],[127.79505,34.67127],[127.7955,34.66738],[127.8007,34.66754],[127.8011,34.66634],[127.79387,34.66515],[127.7949,34.66064],[127.80654,34.66081],[127.80627,34.65794],[127.79792,34.65485],[127.79876,34.65333],[127.79628,34.64872],[127.79828,34.6455],[127.79676,34.64412],[127.795,34.64575],[127.79362,34.64368],[127.79713,34.64224],[127.79774,34.63447],[127.80006,34.63014],[127.79568,34.62817],[127.79224,34.63023],[127.79198,34.62561],[127.79387,34.62353],[127.79059,34.62233],[127.78969,34.6173],[127.79212,34.61063],[127.78795,34.60702],[127.79354,34.60317],[127.79593,34.60477],[127.80237,34.60168],[127.80407,34.59963],[127.80104,34.5985],[127.80213,34.59607],[127.80793,34.59661],[127.80369,34.58785],[127.78967,34.58479],[127.77845,34.5897],[127.77575,34.58718],[127.7726,34.58728],[127.76371,34.59347],[127.74926,34.5929],[127.73809,34.60505],[127.73768,34.61055],[127.71933,34.61377],[127.71421,34.62073],[127.71171,34.62147],[127.71678,34.62873],[127.72144,34.63038],[127.7246,34.63754],[127.71739,34.64344],[127.71366,34.64152],[127.7122,34.64339],[127.71928,34.64594],[127.72115,34.6532],[127.72363,34.6558],[127.72965,34.65638],[127.74496,34.66661],[127.74808,34.66952],[127.74679,34.67246],[127.75224,34.68031],[127.76141,34.68444],[127.76304,34.68757],[127.75883,34.68933],[127.75672,34.69186],[127.75779,34.69393],[127.75416,34.6976],[127.75626,34.70789],[127.75218,34.71398],[127.74664,34.71544],[127.74149,34.7238],[127.74182,34.72721],[127.73717,34.72945],[127.73691,34.73131],[127.74002,34.73387],[127.75605,34.73137],[127.78116,34.7196],[127.78699,34.71574],[127.78639,34.71203]]],[[[127.56455,34.73284],[127.5615,34.73542],[127.56224,34.73799],[127.56552,34.73567],[127.56455,34.73284]]],[[[127.65689,34.73992],[127.65671,34.74155],[127.65898,34.74153],[127.65689,34.73992]]],[[[127.67248,34.74205],[127.66974,34.74541],[127.67355,34.74552],[127.67397,34.74258],[127.67248,34.74205]]],[[[127.66337,34.74052],[127.66306,34.74414],[127.66568,34.74634],[127.66578,34.74231],[127.66337,34.74052]]],[[[127.56525,34.73929],[127.55802,34.74075],[127.5586,34.74818],[127.56294,34.74894],[127.56735,34.74257],[127.56525,34.73929]]],[[[127.76922,34.74494],[127.7657,34.74296],[127.76253,34.74449],[127.76585,34.74606],[127.7665,34.75231],[127.76787,34.75092],[127.76634,34.74712],[127.76922,34.74494]]],[[[127.51611,34.75452],[127.51039,34.75759],[127.50947,34.76074],[127.51375,34.7595],[127.51611,34.75452]]],[[[127.49567,34.76532],[127.4957,34.76118],[127.50303,34.75492],[127.49955,34.75179],[127.49715,34.75921],[127.48946,34.76494],[127.49125,34.76738],[127.49567,34.76532]]],[[[127.56427,34.76662],[127.56709,34.76752],[127.57071,34.7628],[127.566,34.76153],[127.56028,34.76281],[127.55903,34.77068],[127.56427,34.76662]]],[[[127.5573,34.78039],[127.55559,34.78242],[127.55843,34.78252],[127.5573,34.78039]]],[[[127.56,34.79176],[127.56223,34.79041],[127.56048,34.78819],[127.56,34.79176]]],[[[127.64669,34.84338],[127.6473,34.84156],[127.64534,34.8414],[127.64376,34.84343],[127.64454,34.84474],[127.64669,34.84338]]],[[[127.71957,34.86324],[127.71685,34.86419],[127.71956,34.86475],[127.71957,34.86324]]],[[[127.61943,34.86586],[127.61925,34.8679],[127.62206,34.87002],[127.62282,34.86738],[127.61943,34.86586]]],[[[127.61059,34.8675],[127.60855,34.86917],[127.61121,34.87169],[127.61059,34.8675]]],[[[127.62128,34.88143],[127.62433,34.88261],[127.63041,34.88046],[127.62985,34.87421],[127.62419,34.87986],[127.61279,34.87982],[127.61907,34.88324],[127.62128,34.88143]]],[[[127.59899,34.88284],[127.59039,34.87724],[127.58959,34.87469],[127.59195,34.8708],[127.60074,34.86156],[127.60435,34.8543],[127.61228,34.85796],[127.60444,34.85362],[127.60956,34.84972],[127.61098,34.84986],[127.60994,34.85327],[127.61319,34.85442],[127.62327,34.84441],[127.63632,34.84649],[127.63563,34.83941],[127.62965,34.8388],[127.6269,34.84059],[127.62681,34.83573],[127.63621,34.82808],[127.64276,34.83046],[127.66164,34.84461],[127.67036,34.83714],[127.68018,34.84497],[127.695,34.86474],[127.69865,34.85924],[127.71997,34.85893],[127.72828,34.86181],[127.7355,34.85462],[127.74304,34.85082],[127.73978,34.86148],[127.75233,34.861],[127.76385,34.86342],[127.77275,34.86157],[127.77616,34.85607],[127.77488,34.83749],[127.76777,34.83133],[127.76822,34.82294],[127.77445,34.82204],[127.77329,34.82005],[127.76958,34.82059],[127.767,34.81831],[127.76912,34.81406],[127.76619,34.80924],[127.7689,34.80274],[127.75888,34.80052],[127.75504,34.79293],[127.75686,34.78681],[127.74711,34.78064],[127.74518,34.77741],[127.75436,34.76341],[127.7518,34.75467],[127.75747,34.75213],[127.75281,34.75382],[127.74839,34.74805],[127.75694,34.74303],[127.75481,34.73868],[127.74952,34.73612],[127.73297,34.73897],[127.73167,34.72934],[127.70906,34.7237],[127.7046,34.72047],[127.69844,34.721],[127.70008,34.72387],[127.69604,34.72735],[127.68438,34.734],[127.68234,34.73245],[127.67265,34.74168],[127.67414,34.74252],[127.67359,34.74572],[127.66843,34.74615],[127.6635,34.75],[127.66135,34.75402],[127.66425,34.75597],[127.66262,34.75678],[127.65806,34.75561],[127.65543,34.74996],[127.65847,34.74635],[127.65255,34.74441],[127.64739,34.7331],[127.64012,34.72414],[127.63973,34.71433],[127.64279,34.70621],[127.63873,34.7063],[127.63553,34.71024],[127.62626,34.71196],[127.62829,34.71731],[127.62504,34.71837],[127.62072,34.71304],[127.62194,34.70822],[127.61674,34.70974],[127.61379,34.70686],[127.61494,34.70336],[127.6279,34.69584],[127.62174,34.69058],[127.62334,34.68723],[127.63178,34.68315],[127.63418,34.68555],[127.63946,34.68342],[127.62844,34.67998],[127.61893,34.68466],[127.61734,34.68298],[127.62189,34.67801],[127.62937,34.67483],[127.62947,34.67193],[127.63312,34.67015],[127.6316,34.66586],[127.6341,34.66309],[127.63364,34.65873],[127.63044,34.65613],[127.62991,34.64934],[127.6373,34.64876],[127.64084,34.65225],[127.64266,34.65045],[127.64021,34.64591],[127.6335,34.64552],[127.64032,34.64396],[127.63494,34.64156],[127.63316,34.63619],[127.64306,34.63385],[127.6462,34.62885],[127.6372,34.626],[127.63443,34.62777],[127.63648,34.62983],[127.63402,34.63272],[127.63091,34.63274],[127.62719,34.62955],[127.62444,34.6302],[127.6253,34.6345],[127.61516,34.64318],[127.58845,34.65192],[127.58093,34.65169],[127.57466,34.64791],[127.57622,34.63955],[127.58264,34.63132],[127.5806,34.63069],[127.57473,34.63571],[127.56465,34.65481],[127.55884,34.65927],[127.55664,34.65767],[127.55362,34.65854],[127.55121,34.66468],[127.55253,34.6691],[127.55784,34.6715],[127.56014,34.67065],[127.56356,34.67533],[127.55757,34.6791],[127.55578,34.67738],[127.55047,34.68198],[127.55286,34.6935],[127.5586,34.69409],[127.55644,34.69618],[127.55954,34.70027],[127.56286,34.69808],[127.57363,34.69891],[127.5814,34.69374],[127.57724,34.7005],[127.5722,34.70382],[127.56941,34.70407],[127.56593,34.70065],[127.56429,34.70143],[127.56264,34.70427],[127.56323,34.70889],[127.55782,34.70757],[127.55912,34.70313],[127.55545,34.70038],[127.55317,34.7008],[127.55573,34.70533],[127.55686,34.71372],[127.55497,34.71443],[127.54923,34.71091],[127.5485,34.71296],[127.55205,34.71592],[127.55227,34.71962],[127.55499,34.71861],[127.56402,34.72412],[127.56127,34.7319],[127.56726,34.72795],[127.57622,34.73149],[127.57991,34.73565],[127.57761,34.73703],[127.57797,34.73886],[127.58414,34.73958],[127.58445,34.74313],[127.58177,34.74516],[127.58457,34.74628],[127.59203,34.74423],[127.59411,34.74846],[127.59024,34.75105],[127.5873,34.74962],[127.58554,34.75088],[127.59018,34.75714],[127.58507,34.76736],[127.58164,34.76878],[127.57912,34.76128],[127.57251,34.76013],[127.57516,34.76927],[127.57167,34.77452],[127.5689,34.77705],[127.56167,34.77619],[127.56007,34.77749],[127.56351,34.78052],[127.56999,34.77932],[127.57145,34.78273],[127.56786,34.78519],[127.56506,34.79205],[127.55854,34.79619],[127.56064,34.80245],[127.55743,34.80674],[127.54619,34.81028],[127.543,34.809],[127.54347,34.806],[127.53843,34.80556],[127.53286,34.80666],[127.52746,34.8111],[127.52548,34.80918],[127.52315,34.81041],[127.52604,34.82245],[127.53809,34.83167],[127.54279,34.84026],[127.54464,34.84991],[127.55006,34.85515],[127.55067,34.86394],[127.54131,34.86783],[127.5355,34.87805],[127.53844,34.88289],[127.54938,34.88948],[127.55625,34.88685],[127.5629,34.88775],[127.56761,34.88511],[127.58198,34.88517],[127.58628,34.88747],[127.59195,34.88267],[127.58748,34.88761],[127.5937,34.8901],[127.60029,34.89867],[127.61327,34.8921],[127.59899,34.88284]]],[[[127.72563,34.89375],[127.7329,34.89126],[127.73386,34.89502],[127.74529,34.89088],[127.75075,34.87803],[127.74615,34.8733],[127.72647,34.87403],[127.7237,34.87182],[127.72351,34.86841],[127.72066,34.86784],[127.7172,34.86818],[127.71612,34.87198],[127.71328,34.87288],[127.70391,34.87031],[127.7012,34.87111],[127.7027,34.87267],[127.69796,34.87296],[127.70116,34.87527],[127.70032,34.87731],[127.69165,34.88284],[127.69177,34.88501],[127.69888,34.8925],[127.71044,34.89763],[127.71894,34.89872],[127.72563,34.89375]]]]}},{"type":"Feature","properties":{"code":"36030","name":"순천시","slug":"suncheon-si","wide":"jeonnam","center":[127.39132,34.98569]},"geometry":{"type":"MultiPolygon","coordinates":[[[[127.57859,34.91883],[127.57922,34.91648],[127.58007,34.9188],[127.58977,34.91688],[127.58721,34.91523],[127.59163,34.90013],[127.59469,34.89688],[127.59102,34.89398],[127.5937,34.8901],[127.58748,34.88761],[127.59218,34.88274],[127.58628,34.88747],[127.58198,34.88517],[127.56761,34.88511],[127.5629,34.88775],[127.55625,34.88685],[127.54938,34.88948],[127.53844,34.88289],[127.53549,34.87808],[127.54131,34.86783],[127.55083,34.86305],[127.55006,34.85515],[127.54464,34.84991],[127.54298,34.84357],[127.53829,34.84131],[127.52795,34.8436],[127.52323,34.84961],[127.52288,34.85772],[127.51941,34.86024],[127.5167,34.87254],[127.51785,34.87868],[127.5128,34.87319],[127.49267,34.87555],[127.49022,34.87441],[127.4903,34.86727],[127.49349,34.86704],[127.49443,34.86323],[127.49279,34.85801],[127.49008,34.85727],[127.49272,34.85205],[127.49216,34.84761],[127.48596,34.84174],[127.46696,34.84472],[127.46156,34.84117],[127.45207,34.84031],[127.44729,34.83666],[127.43989,34.83645],[127.43814,34.84193],[127.4364,34.84187],[127.43721,34.84563],[127.43917,34.84613],[127.43605,34.84547],[127.43253,34.8361],[127.42768,34.83541],[127.426,34.83239],[127.41966,34.83217],[127.4038,34.84255],[127.39945,34.84359],[127.39203,34.83979],[127.38079,34.84276],[127.37875,34.84453],[127.37898,34.85243],[127.36743,34.8624],[127.36678,34.86768],[127.35636,34.86424],[127.35047,34.8678],[127.34415,34.86594],[127.33883,34.86818],[127.34019,34.87705],[127.33586,34.8848],[127.33586,34.88983],[127.32482,34.88252],[127.32365,34.8874],[127.31647,34.89166],[127.31648,34.89452],[127.30651,34.90304],[127.30254,34.90038],[127.29193,34.90169],[127.27389,34.89007],[127.2649,34.88935],[127.26261,34.89214],[127.2583,34.88586],[127.2525,34.88414],[127.24281,34.88667],[127.23612,34.89395],[127.2274,34.89498],[127.22495,34.89928],[127.22857,34.9015],[127.23202,34.91764],[127.23466,34.92009],[127.24044,34.92113],[127.23154,34.93661],[127.22379,34.93991],[127.22479,34.9472],[127.22124,34.9554],[127.21062,34.95821],[127.20369,34.96746],[127.20904,34.97302],[127.20498,34.97501],[127.20049,34.98587],[127.1968,34.9873],[127.1889,34.98127],[127.19111,34.97112],[127.18905,34.96786],[127.18338,34.96839],[127.17484,34.97812],[127.17923,34.98509],[127.1749,34.98863],[127.17785,34.9947],[127.17576,34.99853],[127.17751,35.00569],[127.18254,35.01113],[127.18768,35.01237],[127.18613,35.0227],[127.18731,35.02796],[127.18286,35.03574],[127.18476,35.04154],[127.18388,35.04871],[127.18545,35.05615],[127.1924,35.06403],[127.18565,35.06919],[127.18585,35.09225],[127.18263,35.09251],[127.18169,35.09497],[127.18307,35.09889],[127.18726,35.10192],[127.18759,35.10657],[127.1905,35.11027],[127.18809,35.12273],[127.1922,35.13007],[127.19784,35.13166],[127.20417,35.12901],[127.21458,35.13261],[127.21968,35.12876],[127.21806,35.12434],[127.2195,35.11845],[127.23222,35.11539],[127.23515,35.11071],[127.24169,35.10811],[127.24177,35.10161],[127.24576,35.10187],[127.24634,35.11021],[127.25983,35.09717],[127.26156,35.09068],[127.25957,35.08358],[127.26144,35.08201],[127.27267,35.08634],[127.2793,35.09121],[127.28224,35.08484],[127.29219,35.08647],[127.29855,35.08153],[127.30046,35.07622],[127.31254,35.07547],[127.32256,35.06946],[127.33111,35.07357],[127.33593,35.07821],[127.33788,35.08128],[127.33531,35.0879],[127.33708,35.0925],[127.34467,35.09836],[127.35899,35.09645],[127.37594,35.10098],[127.38252,35.11181],[127.38207,35.11671],[127.38652,35.12197],[127.38684,35.12599],[127.39561,35.12869],[127.40178,35.13564],[127.40012,35.13868],[127.41044,35.14644],[127.41228,35.15721],[127.41038,35.16196],[127.41155,35.16864],[127.40678,35.17986],[127.40956,35.18814],[127.41433,35.18716],[127.41507,35.18912],[127.42133,35.18687],[127.43547,35.17851],[127.44537,35.16867],[127.45864,35.16225],[127.46675,35.16116],[127.47266,35.15502],[127.48133,35.15222],[127.49805,35.13355],[127.49612,35.12762],[127.50322,35.12439],[127.51873,35.1258],[127.5269,35.11408],[127.5319,35.1125],[127.53189,35.10866],[127.53505,35.10536],[127.53331,35.10535],[127.53239,35.09861],[127.52904,35.09481],[127.5319,35.0841],[127.52683,35.0778],[127.52609,35.06606],[127.52818,35.06059],[127.53531,35.05408],[127.53677,35.0501],[127.5575,35.03559],[127.55639,35.02976],[127.56064,35.02494],[127.55771,35.01915],[127.55807,35.01565],[127.56035,35.0095],[127.56498,35.00716],[127.5678,35.00155],[127.55823,34.99787],[127.55199,34.98806],[127.5497,34.98733],[127.55746,34.97804],[127.55372,34.97351],[127.5462,34.97129],[127.54992,34.96472],[127.54756,34.96013],[127.55868,34.95337],[127.55985,34.9505],[127.55756,34.94635],[127.56197,34.9461],[127.56901,34.94017],[127.57385,34.94053],[127.57467,34.94263],[127.57802,34.94105],[127.57683,34.91993],[127.57859,34.91883]]]]}},{"type":"Feature","properties":{"code":"36040","name":"나주시","slug":"naju-si","wide":"jeonnam","center":[126.70299,34.98338]},"geometry":{"type":"MultiPolygon","coordinates":[[[[126.65709,35.11328],[126.66536,35.1139],[126.66911,35.11126],[126.66896,35.1079],[126.66697,35.10657],[126.66942,35.1046],[126.68444,35.10764],[126.68322,35.11141],[126.6849,35.11202],[126.69597,35.10749],[126.6984,35.10798],[126.70163,35.11232],[126.7054,35.11301],[126.70883,35.10947],[126.71585,35.11074],[126.7195,35.10842],[126.72839,35.10741],[126.73128,35.10811],[126.73062,35.11142],[126.73266,35.11286],[126.73644,35.10823],[126.74904,35.10076],[126.75399,35.09264],[126.76187,35.09103],[126.76565,35.08273],[126.7648,35.07875],[126.77135,35.07018],[126.767,35.06818],[126.75698,35.06838],[126.75318,35.06476],[126.75674,35.05824],[126.76019,35.06279],[126.76629,35.06388],[126.76863,35.06066],[126.76748,35.0557],[126.7728,35.05291],[126.78159,35.05384],[126.79523,35.06112],[126.8012,35.0582],[126.80488,35.05158],[126.81849,35.05273],[126.82235,35.06026],[126.83597,35.06386],[126.83683,35.06567],[126.84408,35.06543],[126.84844,35.07222],[126.85381,35.07429],[126.85561,35.07836],[126.86113,35.07894],[126.86537,35.07535],[126.87168,35.07434],[126.8854,35.08159],[126.89199,35.07795],[126.89116,35.07631],[126.89569,35.07264],[126.89391,35.06298],[126.89902,35.05422],[126.89129,35.04959],[126.88994,35.04613],[126.89244,35.04203],[126.89046,35.03802],[126.8821,35.03189],[126.88247,35.02148],[126.87428,35.01888],[126.86811,35.00964],[126.88432,35.00323],[126.8947,34.99278],[126.89226,34.98319],[126.88586,34.98037],[126.88296,34.97207],[126.8768,34.96683],[126.8785,34.96249],[126.88215,34.96027],[126.87921,34.95573],[126.87835,34.9498],[126.87345,34.94775],[126.8665,34.93965],[126.86809,34.93479],[126.87185,34.93258],[126.87332,34.92704],[126.86896,34.92141],[126.86949,34.91738],[126.87249,34.91472],[126.8715,34.90678],[126.87633,34.90357],[126.87643,34.89887],[126.87178,34.89588],[126.87087,34.8911],[126.86025,34.88699],[126.84437,34.88446],[126.83523,34.88022],[126.82388,34.87108],[126.81137,34.87442],[126.81016,34.8694],[126.80553,34.86794],[126.80128,34.86993],[126.80109,34.87319],[126.7944,34.87794],[126.78497,34.8796],[126.78421,34.88483],[126.77636,34.8894],[126.76614,34.89951],[126.75039,34.89624],[126.74368,34.89806],[126.74371,34.89622],[126.73348,34.89051],[126.72585,34.88933],[126.71989,34.89333],[126.72058,34.89995],[126.71177,34.90703],[126.71581,34.91772],[126.7065,34.92527],[126.69918,34.94036],[126.67629,34.94623],[126.6691,34.94509],[126.66213,34.93383],[126.66297,34.92736],[126.6692,34.92526],[126.67654,34.91688],[126.67721,34.91409],[126.67327,34.91092],[126.67744,34.90978],[126.67696,34.90167],[126.68222,34.8944],[126.68015,34.89237],[126.6749,34.89273],[126.67436,34.88707],[126.67741,34.88358],[126.67545,34.88209],[126.6725,34.88183],[126.66462,34.88753],[126.6641,34.89201],[126.66116,34.89354],[126.6516,34.8935],[126.64995,34.88861],[126.64385,34.89132],[126.63973,34.88912],[126.63148,34.88881],[126.63187,34.89359],[126.62886,34.89477],[126.62872,34.89905],[126.63467,34.89785],[126.63492,34.90561],[126.62871,34.91749],[126.6289,34.92119],[126.62144,34.91944],[126.62402,34.92199],[126.61855,34.926],[126.6123,34.92259],[126.61033,34.92365],[126.61173,34.92633],[126.60682,34.92544],[126.60487,34.93008],[126.6002,34.92828],[126.60293,34.92344],[126.59775,34.92352],[126.59569,34.92561],[126.59376,34.92456],[126.59212,34.91866],[126.59577,34.91521],[126.59328,34.91442],[126.58138,34.91956],[126.57454,34.91511],[126.57323,34.90781],[126.57997,34.90533],[126.57998,34.89584],[126.57222,34.8926],[126.57203,34.88185],[126.568,34.87514],[126.56027,34.86934],[126.55587,34.86958],[126.54558,34.88689],[126.53323,34.89592],[126.51396,34.9186],[126.51388,34.92421],[126.51937,34.9286],[126.52481,34.9287],[126.53021,34.92545],[126.53572,34.91801],[126.54107,34.91826],[126.54241,34.91992],[126.54163,34.92721],[126.53128,34.94082],[126.52916,34.94964],[126.54606,34.98321],[126.55599,34.98859],[126.56047,34.98862],[126.56554,34.98578],[126.57078,34.97416],[126.57375,34.97351],[126.5814,34.97783],[126.5881,34.98974],[126.59887,34.99652],[126.59853,34.99805],[126.59621,34.99559],[126.592,34.99632],[126.59647,34.99975],[126.59342,35.00538],[126.59427,35.00647],[126.59572,35.00423],[126.59866,35.00727],[126.59901,35.01228],[126.5887,35.01284],[126.58579,35.01519],[126.59462,35.02797],[126.59327,35.03439],[126.5894,35.04019],[126.59161,35.04546],[126.58804,35.04628],[126.58916,35.05209],[126.58761,35.05495],[126.59101,35.05927],[126.58911,35.06274],[126.59233,35.06779],[126.59021,35.06971],[126.59727,35.09232],[126.59507,35.09838],[126.60474,35.09922],[126.6061,35.09476],[126.6232,35.08692],[126.63443,35.09473],[126.64625,35.09795],[126.6477,35.09953],[126.64707,35.10382],[126.65459,35.10824],[126.65455,35.11428],[126.65709,35.11328]]]]}},{"type":"Feature","properties":{"code":"36060","name":"광양시","slug":"gwangyang-si","wide":"jeonnam","center":[127.64312,35.01344]},"geometry":{"type":"MultiPolygon","coordinates":[[[[127.5907,34.9187],[127.60452,34.90455],[127.60447,34.90216],[127.60858,34.8978],[127.61353,34.89478],[127.61231,34.8931],[127.59971,34.89865],[127.5937,34.8901],[127.59102,34.89398],[127.59469,34.89688],[127.59163,34.90013],[127.58721,34.91523],[127.58977,34.91688],[127.58561,34.91871],[127.5907,34.9187]]],[[[127.68521,34.91175],[127.67318,34.90441],[127.66361,34.91155],[127.6725,34.9302],[127.68019,34.92874],[127.69343,34.91677],[127.68521,34.91175]]],[[[127.73795,34.94011],[127.73558,34.93508],[127.73773,34.93212],[127.76521,34.93167],[127.7845,34.91552],[127.78424,34.88653],[127.7759,34.88673],[127.76637,34.89198],[127.76268,34.89181],[127.762,34.90199],[127.74215,34.90559],[127.76029,34.90268],[127.76198,34.90339],[127.761,34.90848],[127.74843,34.90845],[127.74842,34.9066],[127.74395,34.90662],[127.74395,34.90864],[127.74019,34.90861],[127.73494,34.9081],[127.73851,34.90808],[127.73713,34.9065],[127.70463,34.91329],[127.70392,34.92944],[127.71484,34.93258],[127.71514,34.93793],[127.72405,34.94714],[127.73152,34.95191],[127.7398,34.94589],[127.73795,34.94011]],[[127.76835,34.91186],[127.76832,34.90863],[127.76668,34.90864],[127.76724,34.89646],[127.78179,34.89645],[127.78144,34.91251],[127.78044,34.91117],[127.77196,34.91138],[127.77199,34.91459],[127.76838,34.91461],[127.76835,34.91186]]],[[[127.65193,35.1598],[127.65934,35.15896],[127.6757,35.14734],[127.68868,35.13517],[127.69463,35.125],[127.69533,35.10538],[127.69726,35.10178],[127.70662,35.09541],[127.71612,35.08347],[127.73635,35.0736],[127.73994,35.06336],[127.74326,35.06096],[127.75154,35.05672],[127.76532,35.05363],[127.76966,35.04623],[127.77163,35.03372],[127.77879,35.02473],[127.78521,35.02042],[127.78677,35.01093],[127.78004,34.98919],[127.77165,34.98106],[127.76403,34.97672],[127.75939,34.96678],[127.75272,34.96199],[127.75396,34.95782],[127.76094,34.96022],[127.76773,34.95383],[127.76858,34.94637],[127.76675,34.94104],[127.76861,34.94102],[127.76854,34.93379],[127.7476,34.93348],[127.74476,34.93484],[127.73979,34.94895],[127.74189,34.9523],[127.75356,34.95774],[127.75156,34.96194],[127.73109,34.95485],[127.71794,34.94451],[127.71069,34.93556],[127.70111,34.9319],[127.69873,34.92518],[127.6962,34.92321],[127.69777,34.92241],[127.69586,34.91895],[127.68323,34.92685],[127.68171,34.92972],[127.67232,34.93149],[127.66276,34.91245],[127.67099,34.90309],[127.63934,34.88378],[127.63487,34.88826],[127.63697,34.88951],[127.62436,34.90218],[127.65638,34.90926],[127.62274,34.90534],[127.61737,34.91603],[127.61536,34.91307],[127.61407,34.91889],[127.59894,34.92629],[127.58043,34.92213],[127.57838,34.91875],[127.57683,34.91993],[127.57802,34.94105],[127.57467,34.94263],[127.57264,34.94012],[127.56639,34.94115],[127.56197,34.9461],[127.55682,34.94683],[127.55985,34.9505],[127.55868,34.95337],[127.54799,34.95864],[127.54758,34.96161],[127.54992,34.96472],[127.5462,34.97129],[127.55372,34.97351],[127.55746,34.97804],[127.5497,34.98733],[127.55199,34.98806],[127.55823,34.99787],[127.5678,35.00155],[127.56741,35.0039],[127.56035,35.0095],[127.55807,35.01565],[127.55771,35.01915],[127.56064,35.02494],[127.55639,35.02976],[127.5575,35.03559],[127.53677,35.0501],[127.53531,35.05408],[127.52818,35.06059],[127.52551,35.07154],[127.52683,35.0778],[127.53185,35.08378],[127.52904,35.09481],[127.53126,35.09599],[127.53386,35.10579],[127.5424,35.09963],[127.55443,35.09529],[127.55929,35.09547],[127.56385,35.10209],[127.56376,35.10828],[127.58032,35.11515],[127.58382,35.11903],[127.59483,35.12213],[127.60407,35.11854],[127.60425,35.13324],[127.60688,35.14211],[127.60415,35.14947],[127.60749,35.16095],[127.6147,35.16821],[127.6205,35.18064],[127.62462,35.18257],[127.62746,35.1816],[127.64,35.17074],[127.64742,35.16123],[127.65193,35.1598]]]]}},{"type":"Feature","properties":{"code":"36310","name":"담양군","slug":"damyang-gun","wide":"jeonnam","center":[127.00716,35.28949]},"geometry":{"type":"MultiPolygon","coordinates":[[[[127.03508,35.46458],[127.03652,35.45981],[127.03492,35.45699],[127.035,35.44764],[127.03826,35.43772],[127.03735,35.43386],[127.04018,35.43179],[127.04483,35.43317],[127.04903,35.43108],[127.05232,35.42652],[127.04514,35.40722],[127.04693,35.40219],[127.04171,35.39872],[127.02702,35.39986],[127.02746,35.39468],[127.03076,35.38982],[127.03954,35.38401],[127.0391,35.38014],[127.04886,35.37737],[127.05505,35.38286],[127.05762,35.38265],[127.06432,35.37601],[127.06359,35.3699],[127.07063,35.36521],[127.06517,35.35655],[127.0699,35.3514],[127.06745,35.34546],[127.07025,35.33964],[127.06238,35.33625],[127.05525,35.34106],[127.05233,35.34026],[127.05095,35.32937],[127.04309,35.32189],[127.05091,35.31672],[127.06178,35.31713],[127.06808,35.31141],[127.07185,35.31243],[127.0812,35.31004],[127.09676,35.30181],[127.09481,35.29927],[127.09621,35.29533],[127.09159,35.29],[127.09276,35.2883],[127.09107,35.28388],[127.09161,35.2778],[127.09493,35.2723],[127.09921,35.26976],[127.09931,35.26713],[127.0916,35.25538],[127.08123,35.24767],[127.08751,35.24249],[127.08739,35.23786],[127.09345,35.23188],[127.09319,35.22466],[127.10389,35.20969],[127.10344,35.20584],[127.10644,35.2041],[127.10558,35.19921],[127.118,35.19494],[127.116,35.1921],[127.09726,35.18799],[127.08572,35.18051],[127.07264,35.18225],[127.06967,35.18495],[127.06574,35.18413],[127.06385,35.17988],[127.06788,35.1749],[127.06799,35.16497],[127.07334,35.15635],[127.07306,35.15322],[127.08239,35.14744],[127.0837,35.13927],[127.08922,35.12997],[127.08851,35.12678],[127.07879,35.12328],[127.08018,35.12002],[127.07117,35.11595],[127.06385,35.12171],[127.05677,35.12188],[127.05365,35.12747],[127.04951,35.1295],[127.04556,35.12817],[127.03816,35.13163],[127.03591,35.13085],[127.01949,35.13851],[127.00871,35.13375],[127.00718,35.14387],[127.00896,35.15098],[127.00774,35.15593],[127.01173,35.16132],[127.01,35.16368],[127.01136,35.16617],[127.01681,35.16533],[127.02087,35.16726],[127.02142,35.17304],[127.01725,35.17441],[127.007,35.18523],[126.99997,35.18882],[126.99111,35.18639],[126.98576,35.18857],[126.98199,35.18393],[126.97397,35.18613],[126.97212,35.18495],[126.97169,35.17984],[126.96815,35.18114],[126.95862,35.19309],[126.96615,35.20083],[126.96554,35.20336],[126.96038,35.20493],[126.95027,35.21643],[126.94896,35.2209],[126.95184,35.22459],[126.94757,35.23077],[126.94353,35.23174],[126.94275,35.23499],[126.93263,35.24156],[126.93377,35.24682],[126.93125,35.25081],[126.9214,35.25323],[126.91461,35.25821],[126.90547,35.25824],[126.8914,35.24988],[126.88953,35.24667],[126.87921,35.24804],[126.878,35.25715],[126.8679,35.27232],[126.86515,35.27376],[126.86038,35.28958],[126.8542,35.29448],[126.8613,35.30116],[126.86118,35.32097],[126.87441,35.32309],[126.88034,35.32144],[126.88776,35.32603],[126.8758,35.34239],[126.87883,35.34949],[126.88299,35.35091],[126.88418,35.36213],[126.88699,35.36508],[126.89562,35.3661],[126.89761,35.37025],[126.90304,35.37332],[126.90287,35.3778],[126.91349,35.38243],[126.91491,35.38713],[126.92432,35.37993],[126.92566,35.39685],[126.92461,35.39936],[126.91945,35.40194],[126.92016,35.40307],[126.93316,35.40608],[126.93214,35.40159],[126.93,35.40019],[126.93537,35.39456],[126.95427,35.39664],[126.9631,35.39495],[126.9761,35.40005],[126.97598,35.40727],[126.97029,35.41979],[126.97138,35.42767],[126.98163,35.42665],[126.98531,35.43673],[126.99455,35.4398],[127.0002,35.45243],[126.99802,35.4573],[127.00002,35.46287],[127.00303,35.46446],[127.01429,35.45782],[127.02394,35.46423],[127.03472,35.46657],[127.03508,35.46458]]]]}},{"type":"Feature","properties":{"code":"36320","name":"곡성군","slug":"gokseong-gun","wide":"jeonnam","center":[127.25561,35.21253]},"geometry":{"type":"MultiPolygon","coordinates":[[[[127.18411,35.33167],[127.18476,35.32611],[127.18773,35.32258],[127.19677,35.3193],[127.19905,35.31665],[127.20772,35.31547],[127.21271,35.31735],[127.21625,35.32984],[127.22028,35.33452],[127.23179,35.33374],[127.25717,35.31246],[127.29095,35.31337],[127.30704,35.30452],[127.32347,35.30741],[127.32558,35.31047],[127.32643,35.30923],[127.32946,35.31105],[127.33069,35.3149],[127.34632,35.31838],[127.35426,35.32236],[127.36769,35.31416],[127.37552,35.3122],[127.38009,35.30368],[127.38667,35.30033],[127.3801,35.28361],[127.38155,35.28004],[127.3892,35.27852],[127.38958,35.27356],[127.39483,35.25963],[127.40141,35.24891],[127.40279,35.24148],[127.39777,35.23722],[127.3903,35.23724],[127.38454,35.23002],[127.37764,35.22555],[127.37106,35.22589],[127.368,35.22844],[127.36689,35.225],[127.37476,35.21586],[127.3723,35.21226],[127.37208,35.20593],[127.37665,35.19344],[127.38801,35.18848],[127.40045,35.18985],[127.40956,35.18814],[127.40678,35.17986],[127.41155,35.16864],[127.41038,35.16196],[127.41228,35.15721],[127.40998,35.14549],[127.40528,35.14373],[127.40012,35.13868],[127.40178,35.13564],[127.39561,35.12869],[127.38684,35.12599],[127.38652,35.12197],[127.38207,35.11671],[127.38252,35.11181],[127.37594,35.10098],[127.35899,35.09645],[127.34467,35.09836],[127.33708,35.0925],[127.33531,35.0879],[127.33788,35.08128],[127.33593,35.07821],[127.33111,35.07357],[127.32256,35.06946],[127.31254,35.07547],[127.30046,35.07622],[127.29855,35.08153],[127.29219,35.08647],[127.28224,35.08484],[127.2793,35.09121],[127.27267,35.08634],[127.26144,35.08201],[127.25957,35.08358],[127.26156,35.09068],[127.26039,35.09637],[127.24634,35.11021],[127.24576,35.10187],[127.24163,35.10167],[127.24169,35.10811],[127.23515,35.11071],[127.23222,35.11539],[127.2195,35.11845],[127.21806,35.12434],[127.21968,35.12876],[127.21458,35.13261],[127.20417,35.12901],[127.19779,35.1317],[127.1959,35.13881],[127.19716,35.15683],[127.19541,35.16018],[127.18869,35.16461],[127.19545,35.18021],[127.20104,35.18682],[127.19667,35.19367],[127.19608,35.20404],[127.19192,35.20513],[127.18595,35.21415],[127.17865,35.21287],[127.17021,35.20509],[127.14485,35.19386],[127.14217,35.19522],[127.12854,35.19437],[127.12192,35.19813],[127.118,35.19494],[127.10558,35.19921],[127.10644,35.2041],[127.10344,35.20584],[127.10389,35.20969],[127.09319,35.22466],[127.09345,35.23188],[127.08739,35.23786],[127.08751,35.24249],[127.08123,35.24767],[127.0916,35.25538],[127.09931,35.26713],[127.09921,35.26976],[127.09493,35.2723],[127.09161,35.2778],[127.09106,35.28428],[127.09276,35.2883],[127.09146,35.28958],[127.09621,35.29533],[127.09481,35.29927],[127.09676,35.30181],[127.10524,35.29923],[127.11551,35.2996],[127.12599,35.30323],[127.12689,35.30658],[127.13009,35.30846],[127.14547,35.30898],[127.14679,35.31542],[127.16805,35.33201],[127.17115,35.33289],[127.17296,35.33047],[127.18616,35.33695],[127.18411,35.33167]]]]}},{"type":"Feature","properties":{"code":"36330","name":"구례군","slug":"gurye-gun","wide":"jeonnam","center":[127.49485,35.23854]},"geometry":{"type":"MultiPolygon","coordinates":[[[[127.47416,35.36412],[127.47836,35.36397],[127.48571,35.35835],[127.49791,35.35989],[127.50202,35.35836],[127.50806,35.35318],[127.51399,35.35113],[127.51665,35.34729],[127.52447,35.34487],[127.53096,35.33604],[127.54063,35.33435],[127.54228,35.3285],[127.55229,35.32481],[127.55485,35.32198],[127.56783,35.31852],[127.57748,35.3089],[127.57607,35.30608],[127.57737,35.29516],[127.58407,35.2911],[127.59114,35.27542],[127.59557,35.27201],[127.5957,35.26813],[127.61016,35.26205],[127.61525,35.25039],[127.61332,35.24839],[127.61282,35.24162],[127.61918,35.23545],[127.62114,35.22465],[127.62073,35.21266],[127.61711,35.20964],[127.61688,35.20691],[127.62149,35.19179],[127.61814,35.1909],[127.62462,35.18257],[127.61996,35.18003],[127.6147,35.16821],[127.60749,35.16095],[127.6041,35.149],[127.60688,35.14211],[127.60425,35.13324],[127.60407,35.11854],[127.59483,35.12213],[127.58382,35.11903],[127.58032,35.11515],[127.56376,35.10828],[127.56385,35.10209],[127.55929,35.09547],[127.55443,35.09529],[127.5424,35.09963],[127.5352,35.10464],[127.53189,35.10866],[127.5319,35.1125],[127.5269,35.11408],[127.51875,35.12579],[127.50322,35.12439],[127.49612,35.12762],[127.49805,35.13355],[127.48133,35.15222],[127.47266,35.15502],[127.46675,35.16116],[127.45864,35.16225],[127.44537,35.16867],[127.43547,35.17851],[127.41696,35.1886],[127.41507,35.18912],[127.41433,35.18716],[127.40284,35.18978],[127.38801,35.18848],[127.37968,35.19135],[127.37665,35.19344],[127.37208,35.20593],[127.3723,35.21226],[127.37476,35.21586],[127.36704,35.22461],[127.368,35.22844],[127.37106,35.22589],[127.37746,35.22547],[127.38454,35.23002],[127.3903,35.23724],[127.39777,35.23722],[127.40279,35.24148],[127.40141,35.24891],[127.39483,35.25963],[127.38958,35.27356],[127.3892,35.27852],[127.38155,35.28004],[127.38043,35.28249],[127.38198,35.29046],[127.3864,35.29804],[127.38457,35.30246],[127.3927,35.30735],[127.39277,35.31273],[127.3967,35.31426],[127.40054,35.322],[127.40609,35.32442],[127.41508,35.336],[127.42141,35.35087],[127.43089,35.35811],[127.44136,35.36384],[127.44373,35.36095],[127.45379,35.36074],[127.45824,35.36354],[127.47077,35.36534],[127.47416,35.36412]]]]}},{"type":"Feature","properties":{"code":"36350","name":"고흥군","slug":"goheung-gun","wide":"jeonnam","center":[127.33614,34.60529]},"geometry":{"type":"MultiPolygon","coordinates":[[[[127.32082,34.31727],[127.31646,34.31958],[127.31786,34.32404],[127.32086,34.32339],[127.32307,34.31854],[127.32082,34.31727]]],[[[127.19693,34.37422],[127.194,34.37597],[127.19676,34.37653],[127.19693,34.37422]]],[[[127.27275,34.376],[127.27231,34.378],[127.2745,34.37938],[127.27515,34.37737],[127.27275,34.376]]],[[[127.24499,34.41418],[127.2507,34.41425],[127.25102,34.41266],[127.24696,34.40965],[127.25687,34.40695],[127.26073,34.40145],[127.2587,34.40046],[127.25907,34.39553],[127.26845,34.39171],[127.27116,34.38642],[127.26938,34.3849],[127.2725,34.38136],[127.26069,34.38147],[127.25053,34.38441],[127.24771,34.38751],[127.24791,34.39028],[127.25137,34.38987],[127.24637,34.39343],[127.25318,34.39488],[127.25386,34.40292],[127.24046,34.4065],[127.24523,34.40806],[127.24477,34.41063],[127.23577,34.41091],[127.24167,34.41387],[127.24106,34.41677],[127.24499,34.41418]]],[[[127.21331,34.42035],[127.21509,34.41833],[127.21384,34.41702],[127.2116,34.41805],[127.21331,34.42035]]],[[[127.12394,34.42045],[127.12215,34.42196],[127.12354,34.42502],[127.12394,34.42045]]],[[[127.22721,34.42866],[127.22633,34.42975],[127.22918,34.43128],[127.22721,34.42866]]],[[[127.33146,34.43461],[127.32866,34.4351],[127.33079,34.43635],[127.33146,34.43461]]],[[[127.32916,34.43325],[127.32155,34.43293],[127.32062,34.43122],[127.32,34.43678],[127.32916,34.43325]]],[[[127.2936,34.43627],[127.29179,34.43631],[127.29204,34.43799],[127.29547,34.43961],[127.29639,34.43753],[127.2936,34.43627]]],[[[127.36685,34.44172],[127.36895,34.44047],[127.36654,34.44001],[127.36685,34.44172]]],[[[127.22662,34.4389],[127.22406,34.44141],[127.22632,34.44183],[127.22662,34.4389]]],[[[127.09271,34.44082],[127.09224,34.44247],[127.09435,34.44331],[127.09271,34.44082]]],[[[127.54015,34.44103],[127.54219,34.44412],[127.54499,34.44324],[127.54015,34.44103]]],[[[127.30442,34.44542],[127.31078,34.44013],[127.31542,34.44105],[127.31257,34.43406],[127.30849,34.43063],[127.30277,34.4328],[127.30399,34.43619],[127.29732,34.43726],[127.30147,34.44271],[127.30749,34.44185],[127.30278,34.44428],[127.30442,34.44542]]],[[[127.28997,34.44099],[127.29067,34.44789],[127.29518,34.44846],[127.2952,34.44603],[127.28997,34.44099]]],[[[127.36262,34.45617],[127.36522,34.45411],[127.361,34.45577],[127.36262,34.45617]]],[[[127.08937,34.46317],[127.09329,34.46275],[127.09051,34.45148],[127.08838,34.45235],[127.09032,34.45841],[127.08926,34.46157],[127.08446,34.46306],[127.08279,34.46102],[127.08173,34.46347],[127.08467,34.46495],[127.08937,34.46317]]],[[[127.44984,34.45692],[127.44923,34.46163],[127.44309,34.4653],[127.44356,34.46666],[127.44995,34.46374],[127.44984,34.45692]]],[[[127.37293,34.47087],[127.36915,34.47216],[127.37244,34.47273],[127.37293,34.47087]]],[[[127.4785,34.46412],[127.48179,34.4642],[127.48482,34.46707],[127.48972,34.46596],[127.48872,34.46256],[127.48285,34.46007],[127.49358,34.45868],[127.49803,34.46748],[127.50025,34.46621],[127.5006,34.46208],[127.50535,34.4641],[127.50688,34.46836],[127.5045,34.47304],[127.5134,34.46257],[127.52125,34.45765],[127.51932,34.45604],[127.52061,34.45355],[127.53713,34.44795],[127.53743,34.4459],[127.53436,34.44369],[127.53836,34.43122],[127.53486,34.42925],[127.53017,34.42231],[127.52046,34.42671],[127.5168,34.42251],[127.50434,34.41843],[127.50149,34.41536],[127.49204,34.41175],[127.48728,34.41346],[127.48574,34.4154],[127.48672,34.41766],[127.49133,34.41981],[127.49029,34.42323],[127.49413,34.42538],[127.49299,34.43148],[127.49094,34.43329],[127.48657,34.43299],[127.48307,34.43747],[127.48083,34.43666],[127.47906,34.43251],[127.47525,34.43274],[127.46564,34.43985],[127.46625,34.44252],[127.4628,34.44364],[127.4641,34.44692],[127.47349,34.44239],[127.48241,34.44235],[127.48534,34.4477],[127.47097,34.45282],[127.4667,34.45041],[127.46414,34.4528],[127.46042,34.45164],[127.45983,34.44951],[127.45179,34.44646],[127.44967,34.44899],[127.45836,34.45257],[127.45212,34.46878],[127.45482,34.47579],[127.45725,34.47633],[127.46273,34.47177],[127.46687,34.47117],[127.47252,34.46446],[127.4785,34.46412]]],[[[127.23829,34.47337],[127.23542,34.47465],[127.23748,34.47702],[127.23829,34.47337]]],[[[127.40491,34.47463],[127.3999,34.47609],[127.39715,34.47942],[127.40066,34.48164],[127.40502,34.481],[127.40782,34.47772],[127.40491,34.47463]]],[[[127.44657,34.47753],[127.4456,34.47161],[127.44217,34.46927],[127.43645,34.47241],[127.43667,34.47499],[127.44318,34.48257],[127.44689,34.48328],[127.44657,34.47753]]],[[[127.21737,34.49521],[127.22132,34.49436],[127.23104,34.48547],[127.22964,34.48203],[127.23502,34.47575],[127.2299,34.47162],[127.22983,34.46446],[127.22203,34.45521],[127.21791,34.43722],[127.2117,34.43541],[127.21157,34.43259],[127.20749,34.43105],[127.20852,34.42942],[127.18585,34.43078],[127.16715,34.43518],[127.16106,34.43371],[127.16278,34.42944],[127.15763,34.42654],[127.1555,34.42738],[127.15438,34.43121],[127.14428,34.42889],[127.14377,34.4221],[127.14145,34.42049],[127.13711,34.42828],[127.12472,34.43134],[127.12396,34.43623],[127.11557,34.43929],[127.11505,34.44282],[127.11777,34.44486],[127.11628,34.44774],[127.10881,34.44792],[127.10745,34.44184],[127.10209,34.44136],[127.09926,34.44318],[127.10162,34.44715],[127.10009,34.4497],[127.10641,34.45478],[127.09663,34.46839],[127.09292,34.47069],[127.09607,34.4736],[127.10118,34.46877],[127.10509,34.46994],[127.10714,34.47181],[127.10707,34.4752],[127.11309,34.4758],[127.11691,34.48021],[127.11642,34.48401],[127.11066,34.4853],[127.11885,34.48716],[127.12111,34.49023],[127.12448,34.4899],[127.12347,34.4862],[127.12848,34.47814],[127.13288,34.47735],[127.1365,34.47917],[127.13634,34.47288],[127.14167,34.47277],[127.14663,34.47506],[127.14885,34.48043],[127.15714,34.4782],[127.16313,34.48011],[127.1787,34.49094],[127.18269,34.48999],[127.18881,34.49394],[127.1956,34.49257],[127.19609,34.48882],[127.19892,34.48795],[127.21737,34.49521]]],[[[127.23498,34.49417],[127.23477,34.4919],[127.23149,34.49433],[127.23394,34.49621],[127.23498,34.49417]]],[[[127.14786,34.49486],[127.14604,34.49488],[127.14671,34.49835],[127.14953,34.49675],[127.14786,34.49486]]],[[[127.50032,34.50239],[127.49913,34.50468],[127.50204,34.50468],[127.50032,34.50239]]],[[[127.14898,34.50131],[127.14819,34.50478],[127.15,34.5025],[127.14898,34.50131]]],[[[127.16189,34.51796],[127.15902,34.52002],[127.16465,34.52034],[127.16189,34.51796]]],[[[127.13271,34.51305],[127.1308,34.50618],[127.11971,34.50745],[127.11367,34.50209],[127.1095,34.50924],[127.09759,34.50984],[127.10034,34.51399],[127.10618,34.51761],[127.10739,34.51472],[127.11039,34.51554],[127.11092,34.51922],[127.10774,34.51969],[127.11163,34.52189],[127.11338,34.52184],[127.11899,34.51312],[127.12226,34.51261],[127.12615,34.51652],[127.12319,34.51926],[127.1283,34.52395],[127.13496,34.52045],[127.13614,34.51806],[127.13271,34.51305]]],[[[127.46628,34.54364],[127.47283,34.54411],[127.47881,34.53617],[127.47314,34.52971],[127.46044,34.52965],[127.45857,34.52571],[127.47072,34.52329],[127.47567,34.51505],[127.47283,34.51421],[127.46746,34.51616],[127.46711,34.51795],[127.45774,34.51369],[127.46488,34.5082],[127.4665,34.50964],[127.46542,34.51299],[127.46689,34.51021],[127.47212,34.50892],[127.47949,34.50973],[127.48454,34.50465],[127.48651,34.50931],[127.49111,34.50816],[127.49411,34.50436],[127.49925,34.50276],[127.50176,34.49494],[127.50644,34.49202],[127.49309,34.48395],[127.48912,34.48475],[127.48888,34.48686],[127.49143,34.48775],[127.48865,34.48995],[127.48436,34.48403],[127.47704,34.48313],[127.4749,34.48557],[127.46959,34.48657],[127.46012,34.48352],[127.4623,34.48235],[127.46253,34.47973],[127.4582,34.47859],[127.45658,34.48092],[127.45256,34.47862],[127.44878,34.48777],[127.44466,34.48812],[127.44089,34.4928],[127.44902,34.49945],[127.45847,34.50244],[127.45805,34.50612],[127.45173,34.50678],[127.45616,34.51073],[127.44833,34.5173],[127.44139,34.51604],[127.43386,34.51996],[127.44302,34.52709],[127.44248,34.53037],[127.44841,34.53827],[127.455,34.54186],[127.45325,34.54376],[127.45873,34.54569],[127.46628,34.54364]]],[[[127.44533,34.53828],[127.4406,34.54138],[127.44459,34.54175],[127.4485,34.54768],[127.45216,34.54748],[127.45013,34.54206],[127.44533,34.53828]]],[[[127.45928,34.55678],[127.46032,34.55587],[127.45859,34.55436],[127.45755,34.55608],[127.45928,34.55678]]],[[[127.46723,34.56333],[127.46585,34.56371],[127.4663,34.56854],[127.46922,34.57016],[127.47125,34.56497],[127.46723,34.56333]]],[[[127.45872,34.56337],[127.45479,34.56611],[127.45637,34.57057],[127.45872,34.56337]]],[[[127.47393,34.573],[127.47646,34.57187],[127.47338,34.57103],[127.47245,34.57233],[127.47393,34.573]]],[[[127.41956,34.57318],[127.42647,34.57073],[127.4288,34.56481],[127.42062,34.56745],[127.41946,34.56573],[127.42125,34.56403],[127.41903,34.56302],[127.4138,34.56369],[127.40647,34.56066],[127.40286,34.56263],[127.40761,34.56813],[127.41599,34.56907],[127.41729,34.57274],[127.41956,34.57318]]],[[[127.45309,34.57485],[127.45453,34.57333],[127.45256,34.57265],[127.45309,34.57485]]],[[[127.45067,34.56798],[127.45291,34.56182],[127.44909,34.5631],[127.4489,34.56527],[127.44219,34.57049],[127.44644,34.57617],[127.44963,34.57492],[127.45067,34.56798]]],[[[127.41704,34.58233],[127.42498,34.58086],[127.42375,34.57542],[127.41667,34.57916],[127.41466,34.57836],[127.41704,34.58233]]],[[[127.51259,34.59635],[127.51133,34.59792],[127.51395,34.59795],[127.51259,34.59635]]],[[[127.09584,34.6125],[127.10633,34.60491],[127.11059,34.59633],[127.10117,34.59837],[127.09726,34.59511],[127.0901,34.59741],[127.08897,34.6043],[127.09214,34.60817],[127.09592,34.60927],[127.09584,34.6125]]],[[[127.47802,34.67053],[127.47716,34.66466],[127.47308,34.66416],[127.4701,34.66687],[127.46423,34.66668],[127.46257,34.67018],[127.46853,34.66984],[127.47263,34.67311],[127.47802,34.67053]]],[[[127.45092,34.67838],[127.44758,34.68073],[127.45038,34.68057],[127.45092,34.67838]]],[[[127.4537,34.68341],[127.4509,34.6856],[127.45294,34.68616],[127.4537,34.68341]]],[[[127.45768,34.68314],[127.45493,34.68704],[127.46274,34.6921],[127.46371,34.6903],[127.45768,34.68314]]],[[[127.42999,34.70204],[127.43963,34.6975],[127.44473,34.69008],[127.44721,34.6922],[127.44468,34.69607],[127.45148,34.69543],[127.45137,34.68984],[127.44509,34.68606],[127.44561,34.68279],[127.43262,34.69103],[127.43064,34.69062],[127.42608,34.69768],[127.42146,34.70056],[127.4261,34.70313],[127.42999,34.70204]]],[[[127.41529,34.70621],[127.42141,34.70121],[127.41116,34.70214],[127.41066,34.70488],[127.41529,34.70621]]],[[[127.42416,34.70314],[127.4213,34.7045],[127.4259,34.70715],[127.42751,34.70521],[127.42416,34.70314]]],[[[127.41675,34.71411],[127.42144,34.71216],[127.41251,34.70944],[127.41419,34.71321],[127.41675,34.71411]]],[[[127.44808,34.72006],[127.44528,34.70981],[127.43774,34.70633],[127.43621,34.71126],[127.43889,34.70957],[127.44244,34.71112],[127.44202,34.72081],[127.44486,34.71949],[127.44649,34.72182],[127.44808,34.72006]]],[[[127.39832,34.72085],[127.39527,34.72091],[127.39526,34.72404],[127.39893,34.72351],[127.39832,34.72085]]],[[[127.31515,34.7219],[127.31192,34.71874],[127.30594,34.72028],[127.30524,34.72304],[127.30792,34.72672],[127.31146,34.72767],[127.31546,34.72516],[127.31515,34.7219]]],[[[127.30306,34.72612],[127.30008,34.72579],[127.30199,34.72837],[127.30402,34.72715],[127.30306,34.72612]]],[[[127.30552,34.66749],[127.31422,34.66441],[127.31963,34.66988],[127.32031,34.67893],[127.31857,34.68108],[127.32334,34.68782],[127.32727,34.68938],[127.32605,34.69292],[127.33029,34.69882],[127.33218,34.70629],[127.3351,34.70855],[127.34458,34.70991],[127.34271,34.71572],[127.33731,34.71328],[127.33287,34.71483],[127.32725,34.73496],[127.32687,34.75183],[127.31586,34.75304],[127.30377,34.74973],[127.29679,34.74256],[127.29454,34.73271],[127.29262,34.73092],[127.28938,34.73134],[127.28589,34.7362],[127.27791,34.73418],[127.27913,34.73787],[127.27215,34.74171],[127.27016,34.73813],[127.26563,34.73571],[127.26429,34.73167],[127.26121,34.7322],[127.25231,34.74179],[127.2524,34.74778],[127.24383,34.75924],[127.24071,34.75981],[127.24083,34.76484],[127.23959,34.76484],[127.24131,34.77278],[127.24757,34.77865],[127.2485,34.78971],[127.26674,34.78701],[127.27946,34.7942],[127.29121,34.81071],[127.30106,34.80926],[127.31254,34.812],[127.31862,34.81081],[127.32766,34.8223],[127.33794,34.82446],[127.34056,34.82774],[127.35256,34.82538],[127.35739,34.81627],[127.36394,34.81677],[127.37181,34.80753],[127.37967,34.80528],[127.38655,34.79755],[127.38489,34.79156],[127.39037,34.78964],[127.38946,34.78639],[127.39349,34.78382],[127.39193,34.78323],[127.39058,34.7854],[127.38706,34.78395],[127.38566,34.77463],[127.39324,34.77614],[127.39468,34.77302],[127.40033,34.77105],[127.40258,34.76703],[127.39684,34.75679],[127.38853,34.75208],[127.37997,34.75087],[127.37293,34.74156],[127.37931,34.73311],[127.37881,34.72719],[127.3847,34.7218],[127.39307,34.71894],[127.38878,34.71776],[127.39087,34.71094],[127.39671,34.70658],[127.40188,34.70748],[127.4073,34.70433],[127.40669,34.70248],[127.40168,34.70321],[127.40287,34.7008],[127.42309,34.69079],[127.42469,34.68807],[127.42326,34.68666],[127.42836,34.68029],[127.43305,34.67958],[127.42621,34.67701],[127.42816,34.67403],[127.4359,34.67792],[127.43959,34.67746],[127.44907,34.67156],[127.44756,34.6661],[127.44428,34.6631],[127.4453,34.66202],[127.44871,34.66219],[127.45289,34.66499],[127.45349,34.66769],[127.45689,34.66843],[127.45695,34.66614],[127.46452,34.66246],[127.47045,34.66485],[127.47536,34.65825],[127.47419,34.65448],[127.48088,34.65125],[127.48676,34.65167],[127.4895,34.64935],[127.48824,34.64719],[127.49184,34.64378],[127.49031,34.64225],[127.486,34.64269],[127.47707,34.64868],[127.47219,34.64307],[127.47502,34.64197],[127.47342,34.64102],[127.46904,34.64129],[127.4637,34.64944],[127.45981,34.64814],[127.45866,34.64556],[127.4616,34.64044],[127.47428,34.63522],[127.48268,34.63594],[127.49154,34.63239],[127.49335,34.6343],[127.49637,34.63189],[127.49427,34.6265],[127.49763,34.62022],[127.49721,34.61503],[127.50562,34.60506],[127.50572,34.59485],[127.50836,34.59289],[127.50197,34.59351],[127.49654,34.5899],[127.49347,34.58395],[127.48893,34.58222],[127.48605,34.57801],[127.48748,34.5736],[127.48116,34.57598],[127.48249,34.57735],[127.48022,34.57856],[127.47556,34.57804],[127.47572,34.57429],[127.46181,34.58065],[127.46181,34.59083],[127.45793,34.59163],[127.4529,34.58769],[127.45588,34.58731],[127.45702,34.58432],[127.44512,34.57695],[127.4335,34.58286],[127.4333,34.58857],[127.41981,34.58274],[127.41422,34.58504],[127.41511,34.58888],[127.41107,34.59005],[127.40082,34.58962],[127.39536,34.58677],[127.39405,34.58095],[127.39904,34.57593],[127.40603,34.58027],[127.40872,34.57879],[127.40388,34.57306],[127.40423,34.56896],[127.39626,34.56358],[127.39633,34.5596],[127.40949,34.55567],[127.41428,34.55849],[127.41765,34.55836],[127.41499,34.55645],[127.41758,34.55493],[127.4228,34.55708],[127.42366,34.55617],[127.41706,34.55345],[127.41968,34.55079],[127.42018,34.5524],[127.42625,34.55261],[127.43126,34.55594],[127.42991,34.55268],[127.42644,34.55161],[127.42647,34.54919],[127.42857,34.54862],[127.4332,34.55227],[127.43847,34.5487],[127.43181,34.54337],[127.42836,34.54446],[127.42674,34.54237],[127.43526,34.54034],[127.43621,34.53744],[127.43508,34.53509],[127.43249,34.53751],[127.4284,34.53703],[127.42344,34.52879],[127.4263,34.52102],[127.43135,34.5201],[127.42751,34.51802],[127.42288,34.51952],[127.42219,34.51792],[127.43004,34.51505],[127.42959,34.51231],[127.42533,34.51171],[127.41773,34.51561],[127.41821,34.51852],[127.41353,34.52117],[127.40569,34.51801],[127.40411,34.51546],[127.40728,34.51249],[127.40464,34.50627],[127.39375,34.50535],[127.39208,34.50645],[127.3925,34.50935],[127.38901,34.50992],[127.3853,34.50515],[127.37611,34.50373],[127.38488,34.49653],[127.38684,34.49357],[127.38561,34.49183],[127.39129,34.48863],[127.38684,34.48345],[127.38327,34.48544],[127.38054,34.48243],[127.38028,34.486],[127.37823,34.48757],[127.37425,34.48122],[127.37065,34.48024],[127.3657,34.48352],[127.36663,34.48693],[127.35866,34.49202],[127.35363,34.49013],[127.35347,34.48357],[127.34858,34.47754],[127.34661,34.47913],[127.34994,34.48117],[127.34869,34.48386],[127.34407,34.48343],[127.34366,34.48783],[127.34009,34.48844],[127.34102,34.4806],[127.3339,34.47916],[127.33145,34.47579],[127.32512,34.47653],[127.32551,34.47339],[127.33083,34.47352],[127.33568,34.47087],[127.33726,34.46764],[127.33252,34.46366],[127.33138,34.46698],[127.32375,34.47034],[127.31913,34.46774],[127.31979,34.46314],[127.31752,34.46347],[127.32131,34.46022],[127.32269,34.46308],[127.3371,34.45714],[127.33966,34.44768],[127.32782,34.44161],[127.32614,34.44621],[127.32489,34.44247],[127.32158,34.44151],[127.31169,34.45031],[127.30656,34.4486],[127.30484,34.45],[127.30516,34.45413],[127.3089,34.45534],[127.31627,34.45385],[127.31024,34.46205],[127.30635,34.46181],[127.30228,34.45758],[127.30486,34.46212],[127.30428,34.46468],[127.29777,34.46337],[127.30157,34.46741],[127.30092,34.47068],[127.2927,34.47154],[127.28915,34.476],[127.28057,34.47914],[127.28085,34.48091],[127.27766,34.48051],[127.27666,34.47829],[127.2676,34.48298],[127.27379,34.49236],[127.28042,34.48982],[127.28264,34.49095],[127.28153,34.49397],[127.27855,34.49528],[127.28346,34.49742],[127.28143,34.50209],[127.27676,34.50288],[127.26878,34.51032],[127.25934,34.51411],[127.25527,34.52075],[127.24413,34.52153],[127.2441,34.51542],[127.2502,34.51526],[127.24276,34.51505],[127.24121,34.51781],[127.23244,34.51827],[127.23136,34.52039],[127.23379,34.52458],[127.22525,34.52626],[127.22088,34.53467],[127.21481,34.52505],[127.21253,34.52711],[127.20936,34.52673],[127.2092,34.52054],[127.21215,34.51696],[127.20928,34.51664],[127.20796,34.52079],[127.1948,34.53238],[127.17841,34.53115],[127.17345,34.52621],[127.17592,34.52383],[127.17171,34.51939],[127.16678,34.52614],[127.15366,34.52425],[127.15154,34.52638],[127.15108,34.52106],[127.14582,34.52102],[127.14278,34.52356],[127.13735,34.52339],[127.135,34.52601],[127.12593,34.52934],[127.1235,34.52814],[127.12159,34.53015],[127.12187,34.54051],[127.11277,34.54746],[127.11488,34.55543],[127.11408,34.55954],[127.11956,34.56266],[127.12916,34.57306],[127.13602,34.57356],[127.13675,34.57529],[127.13321,34.57657],[127.13325,34.57829],[127.13804,34.57938],[127.14443,34.58448],[127.14516,34.58656],[127.14286,34.59046],[127.14896,34.60044],[127.15063,34.59404],[127.15934,34.59099],[127.16585,34.59094],[127.17123,34.59421],[127.17212,34.59573],[127.16768,34.60257],[127.1714,34.60531],[127.17258,34.6105],[127.17385,34.6218],[127.17163,34.62357],[127.17292,34.62712],[127.18234,34.63238],[127.18933,34.64338],[127.19441,34.64457],[127.19608,34.65139],[127.19996,34.64839],[127.2278,34.6547],[127.23262,34.67981],[127.24326,34.68322],[127.24353,34.6867],[127.23852,34.68932],[127.23674,34.6928],[127.24093,34.69199],[127.24226,34.69455],[127.23958,34.6972],[127.24029,34.70016],[127.24764,34.7022],[127.25218,34.70809],[127.25138,34.71174],[127.25935,34.71205],[127.26274,34.71557],[127.26929,34.71222],[127.27458,34.71624],[127.27501,34.71943],[127.28099,34.71833],[127.27701,34.71122],[127.28008,34.7102],[127.28151,34.7058],[127.27953,34.69938],[127.28453,34.69874],[127.28653,34.69648],[127.28405,34.69486],[127.28518,34.69105],[127.27996,34.68684],[127.28088,34.68264],[127.27722,34.67813],[127.27754,34.67454],[127.28522,34.67005],[127.28482,34.66673],[127.30552,34.66749]]]]}},{"type":"Feature","properties":{"code":"36360","name":"보성군","slug":"boseong-gun","wide":"jeonnam","center":[127.20205,34.81826]},"geometry":{"type":"MultiPolygon","coordinates":[[[[127.43511,34.77454],[127.43175,34.77562],[127.43197,34.77737],[127.43694,34.77629],[127.43511,34.77454]]],[[[127.47548,34.7825],[127.47251,34.78152],[127.47119,34.78297],[127.47397,34.78444],[127.47548,34.7825]]],[[[127.41919,34.78447],[127.42367,34.7831],[127.42689,34.78559],[127.43089,34.77954],[127.42437,34.77922],[127.41846,34.78125],[127.41519,34.78647],[127.41919,34.78447]]],[[[127.47252,34.79374],[127.47636,34.79134],[127.47319,34.79162],[127.47117,34.79336],[127.47252,34.79374]]],[[[127.46302,34.8052],[127.47012,34.795],[127.4645,34.79345],[127.46464,34.79139],[127.46632,34.78887],[127.46889,34.78955],[127.47024,34.78683],[127.4656,34.78595],[127.46218,34.79112],[127.45975,34.79155],[127.45853,34.79011],[127.46129,34.78646],[127.46101,34.78356],[127.4585,34.79004],[127.45456,34.79032],[127.45255,34.78883],[127.45488,34.78504],[127.45291,34.77885],[127.44729,34.7806],[127.43956,34.77897],[127.4392,34.78051],[127.44425,34.78104],[127.44908,34.78781],[127.44937,34.79058],[127.44632,34.79439],[127.44973,34.79483],[127.44883,34.79835],[127.45084,34.79759],[127.45328,34.79201],[127.4561,34.79393],[127.46113,34.79333],[127.46025,34.80211],[127.46302,34.8052]]],[[[127.44171,34.81061],[127.44406,34.81034],[127.44434,34.80719],[127.43624,34.80918],[127.4392,34.81128],[127.44171,34.81061]]],[[[127.39487,34.7905],[127.3923,34.79182],[127.39067,34.78948],[127.38588,34.7905],[127.3848,34.79179],[127.38672,34.79717],[127.37967,34.80528],[127.37181,34.80753],[127.36377,34.81686],[127.35739,34.81627],[127.35256,34.82538],[127.3423,34.82757],[127.33794,34.82446],[127.32766,34.8223],[127.31862,34.81081],[127.31254,34.812],[127.30106,34.80926],[127.29121,34.81071],[127.27946,34.7942],[127.26674,34.78701],[127.2485,34.78971],[127.24737,34.77813],[127.23998,34.7704],[127.24071,34.75981],[127.22931,34.75759],[127.20899,34.73759],[127.21133,34.7309],[127.20609,34.72241],[127.20611,34.71899],[127.20047,34.71409],[127.19769,34.70627],[127.19067,34.70387],[127.18465,34.69454],[127.17774,34.69176],[127.14328,34.69316],[127.1353,34.70164],[127.12977,34.70277],[127.12426,34.70136],[127.11436,34.69343],[127.1068,34.67742],[127.09937,34.67483],[127.09512,34.66971],[127.08674,34.66927],[127.08309,34.66537],[127.07257,34.6624],[127.06668,34.66324],[127.06176,34.65612],[127.06309,34.6514],[127.057,34.648],[127.04614,34.63497],[127.04459,34.64123],[127.04618,34.64447],[127.04202,34.65418],[127.03022,34.66243],[127.02903,34.66993],[127.02105,34.68058],[127.01593,34.6817],[127.00549,34.68004],[126.97901,34.68307],[126.98048,34.68929],[126.97747,34.69516],[126.97423,34.69682],[126.97464,34.70182],[126.97193,34.70607],[126.97412,34.71071],[126.97981,34.7099],[126.98289,34.71168],[126.99297,34.72405],[127.00084,34.7274],[127.00865,34.73483],[127.01322,34.73445],[127.0154,34.73663],[127.0146,34.73854],[127.02019,34.74863],[127.01549,34.75551],[127.01541,34.76251],[127.01192,34.77052],[127.02375,34.77308],[127.02447,34.77578],[127.02393,34.7786],[127.01783,34.78234],[127.01584,34.78772],[127.02172,34.8094],[127.02182,34.82234],[127.03135,34.82365],[127.03061,34.83127],[127.03337,34.83661],[127.04377,34.83871],[127.05365,34.84249],[127.05527,34.84613],[127.06072,34.84695],[127.06231,34.85893],[127.06568,34.86311],[127.07223,34.86732],[127.08485,34.86911],[127.08973,34.87317],[127.0866,34.88302],[127.08885,34.88501],[127.08198,34.89181],[127.08552,34.89603],[127.07999,34.90535],[127.08223,34.9093],[127.08015,34.91473],[127.08216,34.92523],[127.08699,34.92791],[127.08985,34.93559],[127.10079,34.9377],[127.10542,34.9416],[127.11693,34.95172],[127.11524,34.95752],[127.12581,34.96393],[127.12576,34.96737],[127.12751,34.96819],[127.14452,34.96325],[127.17227,34.97304],[127.17588,34.97787],[127.18338,34.96839],[127.18905,34.96786],[127.19111,34.97112],[127.18876,34.98098],[127.19752,34.9875],[127.20136,34.98455],[127.20498,34.97501],[127.20904,34.97302],[127.20369,34.96746],[127.21062,34.95821],[127.22124,34.9554],[127.22479,34.9472],[127.22379,34.93991],[127.23154,34.93661],[127.24044,34.92113],[127.23466,34.92009],[127.23202,34.91764],[127.22857,34.9015],[127.22495,34.89928],[127.2274,34.89498],[127.23612,34.89395],[127.24281,34.88667],[127.2525,34.88414],[127.2583,34.88586],[127.26261,34.89214],[127.2649,34.88935],[127.27389,34.89007],[127.29193,34.90169],[127.30254,34.90038],[127.30651,34.90304],[127.31648,34.89452],[127.31647,34.89166],[127.32365,34.8874],[127.32482,34.88252],[127.33586,34.88983],[127.33586,34.8848],[127.34019,34.87705],[127.33883,34.86818],[127.34415,34.86594],[127.35047,34.8678],[127.35636,34.86424],[127.36678,34.86768],[127.36743,34.8624],[127.37898,34.85243],[127.37875,34.84453],[127.38079,34.84276],[127.39203,34.83979],[127.39945,34.84359],[127.4038,34.84255],[127.41591,34.8343],[127.418,34.82896],[127.396,34.82521],[127.39034,34.82841],[127.38358,34.83602],[127.36775,34.83516],[127.35501,34.84048],[127.35352,34.83944],[127.35418,34.83691],[127.3667,34.83111],[127.38305,34.82671],[127.39205,34.81455],[127.39576,34.8143],[127.39989,34.81678],[127.41087,34.81501],[127.41206,34.81306],[127.41853,34.81128],[127.42329,34.813],[127.42485,34.81601],[127.42616,34.81517],[127.42708,34.81168],[127.41829,34.80937],[127.4128,34.80257],[127.40655,34.80241],[127.39515,34.79672],[127.39487,34.7905]]]]}},{"type":"Feature","properties":{"code":"36370","name":"화순군","slug":"hwasun-gun","wide":"jeonnam","center":[127.02093,35.00588]},"geometry":{"type":"MultiPolygon","coordinates":[[[[127.19729,35.19516],[127.20078,35.18573],[127.19545,35.18021],[127.18869,35.16461],[127.19541,35.16018],[127.19716,35.15683],[127.1959,35.13881],[127.19784,35.13166],[127.1922,35.13007],[127.18809,35.12273],[127.1905,35.11027],[127.18759,35.10657],[127.18726,35.10192],[127.18307,35.09889],[127.18169,35.09497],[127.18263,35.09251],[127.18585,35.09225],[127.18565,35.06919],[127.1924,35.06403],[127.18545,35.05615],[127.18388,35.04871],[127.18476,35.04154],[127.18286,35.03574],[127.18731,35.02796],[127.18613,35.0227],[127.18768,35.01237],[127.18254,35.01113],[127.17751,35.00569],[127.17576,34.99853],[127.17785,34.9947],[127.1749,34.98863],[127.17923,34.98509],[127.1726,34.97324],[127.15888,34.96915],[127.15304,34.965],[127.14452,34.96325],[127.126,34.96769],[127.12581,34.96393],[127.11524,34.95752],[127.11693,34.95172],[127.10079,34.9377],[127.09049,34.93635],[127.08699,34.92791],[127.08239,34.92593],[127.08015,34.91473],[127.08223,34.9093],[127.07999,34.90535],[127.08552,34.89603],[127.08198,34.89181],[127.08885,34.88501],[127.0866,34.88302],[127.08973,34.87317],[127.08485,34.86911],[127.07223,34.86732],[127.06305,34.86106],[127.06072,34.84695],[127.05527,34.84613],[127.05365,34.84249],[127.04377,34.83871],[127.03821,34.83783],[127.01919,34.84085],[127.01396,34.83898],[127.00845,34.84122],[127.00074,34.8394],[126.99681,34.83564],[126.99158,34.83658],[126.98593,34.84273],[126.98138,34.8439],[126.97891,34.85079],[126.9724,34.84954],[126.96925,34.85084],[126.96889,34.84748],[126.96209,34.84035],[126.94968,34.83996],[126.94747,34.83441],[126.94977,34.82778],[126.94429,34.82382],[126.94091,34.8237],[126.93819,34.82912],[126.93274,34.83143],[126.92881,34.83021],[126.92344,34.83611],[126.92098,34.83582],[126.92316,34.8409],[126.92148,34.84452],[126.90616,34.84612],[126.906,34.8563],[126.90969,34.85767],[126.90703,34.85997],[126.90441,34.86773],[126.8992,34.87275],[126.87713,34.87783],[126.87593,34.87389],[126.86302,34.87278],[126.85795,34.8688],[126.85375,34.86977],[126.84982,34.86796],[126.84416,34.86977],[126.82876,34.86781],[126.82388,34.87108],[126.83523,34.88022],[126.84437,34.88446],[126.86025,34.88699],[126.87022,34.89068],[126.87178,34.89588],[126.87643,34.89887],[126.87623,34.9038],[126.8715,34.90678],[126.87249,34.91472],[126.86916,34.91849],[126.86896,34.92141],[126.87329,34.92648],[126.87244,34.93111],[126.86809,34.93479],[126.8665,34.93965],[126.87345,34.94775],[126.87835,34.9498],[126.87921,34.95573],[126.88215,34.96027],[126.8785,34.96249],[126.8768,34.96683],[126.88296,34.97207],[126.88586,34.98037],[126.89226,34.98319],[126.8947,34.99278],[126.88432,35.00323],[126.86811,35.00964],[126.87428,35.01888],[126.88247,35.02148],[126.8821,35.03189],[126.89046,35.03802],[126.89244,35.04203],[126.88994,35.04613],[126.89129,35.04959],[126.89902,35.05422],[126.89391,35.06298],[126.89569,35.07264],[126.89116,35.07631],[126.89397,35.07978],[126.90453,35.08139],[126.91343,35.08947],[126.92058,35.09169],[126.92467,35.088],[126.92769,35.08044],[126.93253,35.07781],[126.9323,35.07439],[126.95253,35.07343],[126.9583,35.0787],[126.9586,35.08259],[126.96281,35.0872],[126.98895,35.09499],[126.98635,35.10595],[126.98921,35.10988],[126.99993,35.11405],[126.99869,35.11576],[127.00459,35.12176],[127.01061,35.12431],[127.01183,35.12782],[127.00871,35.13375],[127.01949,35.13851],[127.03591,35.13085],[127.03816,35.13163],[127.04556,35.12817],[127.04951,35.1295],[127.05365,35.12747],[127.05677,35.12188],[127.06385,35.12171],[127.07117,35.11595],[127.08018,35.12002],[127.07879,35.12328],[127.08851,35.12678],[127.08922,35.12997],[127.0837,35.13927],[127.08239,35.14744],[127.07306,35.15322],[127.07334,35.15635],[127.06799,35.16497],[127.06788,35.1749],[127.06385,35.17988],[127.06597,35.18426],[127.06967,35.18495],[127.07264,35.18225],[127.08572,35.18051],[127.09769,35.18817],[127.116,35.1921],[127.12192,35.19813],[127.12854,35.19437],[127.14217,35.19522],[127.14485,35.19386],[127.16174,35.20036],[127.17021,35.20509],[127.17865,35.21287],[127.1843,35.21429],[127.18901,35.21165],[127.19192,35.20513],[127.19608,35.20404],[127.19729,35.19516]]]]}},{"type":"Feature","properties":{"code":"36380","name":"장흥군","slug":"jangheung-gun","wide":"jeonnam","center":[126.92972,34.65224]},"geometry":{"type":"MultiPolygon","coordinates":[[[[126.93151,34.42934],[126.92867,34.43163],[126.93146,34.43137],[126.93151,34.42934]]],[[[126.96731,34.45963],[126.96833,34.45327],[126.96589,34.45081],[126.96719,34.44634],[126.96532,34.4451],[126.96214,34.44795],[126.96438,34.45137],[126.96362,34.45918],[126.96002,34.45842],[126.95839,34.45997],[126.96391,34.46562],[126.96863,34.4616],[126.96731,34.45963]]],[[[127.01514,34.619],[127.01735,34.619],[127.01632,34.60979],[127.0119,34.61061],[127.01174,34.61438],[127.00951,34.61603],[127.0112,34.62101],[127.01514,34.619]]],[[[126.89043,34.45614],[126.87058,34.45527],[126.87863,34.44937],[126.8825,34.43876],[126.88682,34.43348],[126.88479,34.42206],[126.88257,34.42263],[126.88017,34.43016],[126.8747,34.43576],[126.86808,34.43877],[126.86622,34.43826],[126.86518,34.43393],[126.86255,34.43927],[126.85587,34.44235],[126.84497,34.45125],[126.85255,34.46021],[126.85406,34.47448],[126.85114,34.47813],[126.85049,34.49493],[126.83962,34.51076],[126.84293,34.51357],[126.84912,34.51237],[126.85085,34.51746],[126.85695,34.52283],[126.85832,34.52787],[126.86482,34.52919],[126.86578,34.53205],[126.88585,34.54442],[126.8841,34.54779],[126.87642,34.55138],[126.87647,34.56019],[126.87916,34.56519],[126.87592,34.57322],[126.87881,34.57552],[126.86967,34.58319],[126.86581,34.59126],[126.86808,34.5951],[126.85615,34.60041],[126.85354,34.60455],[126.85367,34.61563],[126.84931,34.61829],[126.85199,34.62135],[126.85823,34.62361],[126.86833,34.6199],[126.87428,34.61981],[126.87965,34.62598],[126.8715,34.63386],[126.86998,34.64107],[126.87469,34.64505],[126.87352,34.64733],[126.87064,34.6468],[126.87386,34.65248],[126.86551,34.66029],[126.86793,34.66899],[126.86331,34.67212],[126.86065,34.67752],[126.8558,34.67869],[126.85683,34.68582],[126.85414,34.68831],[126.85468,34.69971],[126.84825,34.70783],[126.84722,34.71772],[126.84948,34.72267],[126.8418,34.72578],[126.84015,34.73381],[126.83122,34.73774],[126.8254,34.74379],[126.81914,34.76292],[126.81407,34.76755],[126.81688,34.77194],[126.81676,34.77649],[126.81233,34.78051],[126.80984,34.77824],[126.79936,34.77731],[126.79539,34.7813],[126.79524,34.78852],[126.79293,34.79415],[126.7991,34.80132],[126.79894,34.80344],[126.80104,34.80389],[126.79958,34.80853],[126.80728,34.8282],[126.81923,34.83119],[126.82305,34.83623],[126.83145,34.83591],[126.84464,34.84055],[126.85246,34.84796],[126.85626,34.85509],[126.8565,34.86064],[126.85922,34.86512],[126.85795,34.8688],[126.8605,34.87174],[126.87139,34.87452],[126.87593,34.87389],[126.87713,34.87783],[126.8992,34.87275],[126.90441,34.86773],[126.90703,34.85997],[126.90969,34.85767],[126.906,34.8563],[126.90616,34.84612],[126.92148,34.84452],[126.92316,34.8409],[126.92098,34.83582],[126.92344,34.83611],[126.92881,34.83021],[126.93274,34.83143],[126.93819,34.82912],[126.94091,34.8237],[126.94429,34.82382],[126.94977,34.82778],[126.94747,34.83441],[126.94968,34.83996],[126.96209,34.84035],[126.96889,34.84748],[126.96925,34.85084],[126.9724,34.84954],[126.97891,34.85079],[126.98138,34.8439],[126.98593,34.84273],[126.99338,34.83613],[126.99756,34.83579],[127.00074,34.8394],[127.00845,34.84122],[127.01396,34.83898],[127.01919,34.84085],[127.03744,34.83849],[127.03124,34.83422],[127.03135,34.82365],[127.02157,34.82182],[127.02172,34.8094],[127.01584,34.78772],[127.01783,34.78234],[127.02393,34.7786],[127.02447,34.77578],[127.02375,34.77308],[127.01192,34.77052],[127.01541,34.76251],[127.01549,34.75551],[127.02019,34.74863],[127.0146,34.73854],[127.0154,34.73663],[127.01322,34.73445],[127.00865,34.73483],[127.00084,34.7274],[126.99297,34.72405],[126.98187,34.71085],[126.97505,34.71109],[126.97187,34.7072],[126.97464,34.70182],[126.97397,34.69736],[126.97747,34.69516],[126.98048,34.68929],[126.97901,34.68307],[127.00549,34.68004],[127.01593,34.6817],[127.02105,34.68058],[127.02903,34.66993],[127.03022,34.66243],[127.04202,34.65418],[127.04621,34.64381],[127.04459,34.64123],[127.04614,34.63497],[127.04381,34.6366],[127.03848,34.63626],[127.03249,34.63342],[127.02753,34.62777],[127.02348,34.62858],[127.01379,34.6249],[126.98434,34.6279],[126.96733,34.62519],[126.95699,34.63056],[126.96713,34.62292],[126.97871,34.62457],[126.99138,34.62173],[126.99413,34.62328],[126.99418,34.61457],[127.00075,34.61079],[127.0079,34.60958],[127.00906,34.6076],[127.00871,34.60543],[126.9972,34.60397],[126.99955,34.60217],[126.99962,34.59796],[126.99295,34.59393],[126.99261,34.58277],[126.98348,34.5755],[126.97898,34.57412],[126.98563,34.56869],[126.99797,34.56578],[127.00326,34.57001],[127.0068,34.56964],[127.00461,34.56943],[127.00587,34.56456],[127.00339,34.56154],[127.00519,34.55819],[127.00319,34.55494],[126.99807,34.5622],[126.98913,34.56166],[126.9867,34.5558],[126.98852,34.55126],[126.98597,34.54674],[126.98933,34.53969],[126.98532,34.5397],[126.97483,34.51016],[126.96812,34.50891],[126.9689,34.50364],[126.96764,34.50414],[126.96447,34.49791],[126.96795,34.49973],[126.96975,34.49846],[126.96375,34.49655],[126.97099,34.48945],[126.97728,34.48774],[126.97874,34.47128],[126.97606,34.46971],[126.97508,34.47468],[126.96773,34.4776],[126.9621,34.47152],[126.96336,34.46812],[126.95608,34.46835],[126.95447,34.47331],[126.95096,34.4744],[126.94415,34.48288],[126.94137,34.48216],[126.94111,34.47718],[126.93784,34.47849],[126.93774,34.47647],[126.94129,34.46304],[126.94522,34.461],[126.94703,34.45692],[126.93887,34.45089],[126.93879,34.44725],[126.92887,34.44705],[126.92549,34.45273],[126.89043,34.45614]]]]}},{"type":"Feature","properties":{"code":"36390","name":"강진군","slug":"gangjin-gun","wide":"jeonnam","center":[126.77126,34.59892]},"geometry":{"type":"MultiPolygon","coordinates":[[[[126.81482,34.44865],[126.81221,34.44804],[126.81231,34.4501],[126.81482,34.44865]]],[[[126.7506,34.45135],[126.75301,34.44993],[126.75093,34.44893],[126.7506,34.45135]]],[[[126.78221,34.53089],[126.77868,34.53238],[126.77644,34.53597],[126.77712,34.53806],[126.78463,34.53509],[126.78545,34.53344],[126.78221,34.53089]]],[[[126.79425,34.54722],[126.79172,34.54806],[126.7905,34.55299],[126.79245,34.55736],[126.79012,34.55857],[126.79456,34.56761],[126.79326,34.57026],[126.78929,34.57181],[126.78609,34.5774],[126.79021,34.58153],[126.78891,34.58633],[126.7869,34.58835],[126.78331,34.58765],[126.77777,34.59479],[126.78213,34.59783],[126.77958,34.60376],[126.7789,34.6131],[126.77328,34.6058],[126.77448,34.5924],[126.76932,34.58596],[126.76539,34.56306],[126.76798,34.55402],[126.76448,34.54572],[126.76449,34.53178],[126.76917,34.52662],[126.75842,34.52582],[126.76145,34.50284],[126.76577,34.49919],[126.75827,34.49536],[126.75936,34.49112],[126.75326,34.49237],[126.73866,34.48641],[126.74085,34.48071],[126.74792,34.47706],[126.74911,34.47309],[126.75503,34.47273],[126.75144,34.46938],[126.75159,34.47192],[126.74785,34.47215],[126.73486,34.45561],[126.71964,34.46615],[126.7166,34.47053],[126.69771,34.47109],[126.69197,34.47031],[126.68987,34.46808],[126.68164,34.47075],[126.68361,34.47508],[126.68313,34.48922],[126.6863,34.50002],[126.68502,34.50356],[126.68932,34.51059],[126.68194,34.51091],[126.68041,34.51591],[126.68573,34.52175],[126.68635,34.52509],[126.68393,34.52952],[126.67413,34.53155],[126.66707,34.53671],[126.66713,34.53862],[126.67935,34.54188],[126.68371,34.54538],[126.69277,34.55635],[126.69509,34.56395],[126.68322,34.57551],[126.68026,34.58483],[126.67166,34.59242],[126.6726,34.59758],[126.67503,34.59736],[126.68767,34.60714],[126.69275,34.6233],[126.69589,34.62436],[126.70081,34.63025],[126.6934,34.62838],[126.6891,34.63135],[126.68277,34.63247],[126.69103,34.64587],[126.69732,34.65008],[126.69275,34.65775],[126.69523,34.66167],[126.70174,34.66201],[126.69942,34.67266],[126.70244,34.67475],[126.70569,34.68182],[126.68278,34.68771],[126.67748,34.6855],[126.67021,34.69094],[126.67527,34.70192],[126.6721,34.70675],[126.68153,34.71301],[126.68067,34.71756],[126.67875,34.72079],[126.67249,34.72287],[126.66543,34.72227],[126.66161,34.72815],[126.65682,34.73054],[126.65685,34.7332],[126.66457,34.73722],[126.66486,34.73969],[126.67079,34.7415],[126.68055,34.75385],[126.68543,34.75244],[126.6909,34.75457],[126.69372,34.75678],[126.69397,34.75967],[126.69859,34.76137],[126.70402,34.7666],[126.70922,34.76558],[126.71407,34.76023],[126.71726,34.76118],[126.72392,34.75897],[126.72862,34.7609],[126.73788,34.75629],[126.74669,34.75762],[126.74968,34.7646],[126.75439,34.76548],[126.75788,34.77053],[126.76198,34.77057],[126.76261,34.77713],[126.76696,34.78344],[126.77839,34.78628],[126.78275,34.78622],[126.78411,34.78064],[126.79539,34.7813],[126.80032,34.77709],[126.80984,34.77824],[126.81233,34.78051],[126.81409,34.77955],[126.81726,34.77527],[126.81407,34.76755],[126.81914,34.76292],[126.8254,34.74379],[126.83122,34.73774],[126.84015,34.73381],[126.8418,34.72578],[126.84948,34.72267],[126.84722,34.71772],[126.84825,34.70783],[126.85468,34.69971],[126.85414,34.68831],[126.85683,34.68582],[126.8558,34.67869],[126.86065,34.67752],[126.86331,34.67212],[126.86793,34.66899],[126.86551,34.66029],[126.87386,34.65248],[126.87064,34.6468],[126.87352,34.64733],[126.87469,34.64505],[126.86998,34.64107],[126.8715,34.63386],[126.87965,34.62598],[126.87428,34.61981],[126.86833,34.6199],[126.85823,34.62361],[126.85199,34.62135],[126.84931,34.61829],[126.85367,34.61563],[126.85354,34.60455],[126.85615,34.60041],[126.86808,34.5951],[126.86581,34.59126],[126.86967,34.58319],[126.87881,34.57552],[126.87592,34.57322],[126.87916,34.56519],[126.87647,34.56019],[126.87642,34.55138],[126.8841,34.54779],[126.88585,34.54442],[126.86578,34.53205],[126.86482,34.52919],[126.85832,34.52787],[126.85695,34.52283],[126.85085,34.51746],[126.84912,34.51237],[126.84293,34.51357],[126.83962,34.51076],[126.85049,34.49493],[126.85114,34.47813],[126.85399,34.47482],[126.85425,34.4692],[126.85243,34.46679],[126.85255,34.46021],[126.84556,34.45354],[126.84325,34.44823],[126.83891,34.44962],[126.83809,34.45268],[126.82943,34.44774],[126.82658,34.44966],[126.81796,34.44911],[126.81531,34.45022],[126.81473,34.45321],[126.80487,34.45605],[126.80805,34.46824],[126.79216,34.46747],[126.79077,34.4618],[126.78825,34.46108],[126.79161,34.46662],[126.78617,34.46847],[126.78659,34.47564],[126.79278,34.47946],[126.79748,34.48007],[126.79556,34.48809],[126.79276,34.48994],[126.79054,34.49608],[126.79224,34.49974],[126.78944,34.50314],[126.79197,34.50937],[126.78659,34.51273],[126.78935,34.51734],[126.79189,34.52915],[126.79101,34.5411],[126.79689,34.54734],[126.79425,34.54722]]]]}},{"type":"Feature","properties":{"code":"36400","name":"해남군","slug":"haenam-gun","wide":"jeonnam","center":[126.48345,34.52107]},"geometry":{"type":"MultiPolygon","coordinates":[[[[126.61887,34.3371],[126.61657,34.33774],[126.61626,34.34053],[126.61864,34.33944],[126.61887,34.3371]]],[[[126.47335,34.34284],[126.47675,34.34512],[126.47799,34.34327],[126.47329,34.33739],[126.47513,34.33281],[126.47394,34.3312],[126.46413,34.34515],[126.47335,34.34284]]],[[[126.47488,34.37063],[126.47158,34.37199],[126.4737,34.37266],[126.47488,34.37063]]],[[[126.47053,34.38263],[126.47064,34.38061],[126.46746,34.37996],[126.47053,34.38263]]],[[[126.46177,34.42506],[126.45997,34.42643],[126.46352,34.42984],[126.46537,34.42913],[126.46532,34.42654],[126.46177,34.42506]]],[[[126.70216,34.43643],[126.70642,34.43378],[126.71563,34.435],[126.70733,34.43288],[126.70307,34.43373],[126.70216,34.43643]]],[[[126.43743,34.43449],[126.44111,34.43399],[126.44159,34.43202],[126.43455,34.42924],[126.43306,34.43293],[126.43659,34.43376],[126.435,34.43566],[126.43743,34.43449]]],[[[126.43277,34.4394],[126.43533,34.43656],[126.43197,34.43389],[126.42814,34.43384],[126.43249,34.43634],[126.42995,34.43983],[126.43277,34.4394]]],[[[126.42387,34.44707],[126.42914,34.44336],[126.42431,34.44477],[126.42387,34.44707]]],[[[126.41751,34.4612],[126.42091,34.45493],[126.42007,34.45138],[126.41331,34.45585],[126.41749,34.45544],[126.41802,34.45829],[126.41345,34.45888],[126.41174,34.461],[126.41392,34.4633],[126.41228,34.46694],[126.41751,34.4612]]],[[[126.33118,34.56731],[126.33114,34.56397],[126.31989,34.55939],[126.32057,34.56425],[126.32331,34.5668],[126.33118,34.56731]]],[[[126.299,34.58102],[126.29719,34.58197],[126.29928,34.58681],[126.30374,34.58879],[126.30663,34.5872],[126.30551,34.58464],[126.299,34.58102]]],[[[126.24103,34.7006],[126.24398,34.70034],[126.24428,34.6979],[126.24094,34.69728],[126.23916,34.70106],[126.24103,34.7006]]],[[[126.70179,34.43919],[126.69757,34.44017],[126.68844,34.43426],[126.69004,34.43241],[126.68079,34.42654],[126.67335,34.42737],[126.67838,34.42068],[126.67658,34.41607],[126.67378,34.41625],[126.67378,34.41893],[126.66442,34.42698],[126.66043,34.42585],[126.65711,34.42048],[126.65063,34.42325],[126.64961,34.41805],[126.64612,34.41833],[126.6477,34.41314],[126.64394,34.41195],[126.64767,34.40948],[126.63488,34.41202],[126.62808,34.40202],[126.62248,34.40635],[126.61607,34.40201],[126.62075,34.39931],[126.62201,34.39278],[126.61722,34.3917],[126.61116,34.38612],[126.61399,34.37929],[126.62079,34.37853],[126.61832,34.37283],[126.62053,34.36941],[126.61801,34.36475],[126.62034,34.35916],[126.60788,34.35089],[126.60201,34.34906],[126.6028,34.34618],[126.60941,34.34277],[126.59986,34.33526],[126.60361,34.3334],[126.6041,34.33106],[126.60108,34.31887],[126.6049,34.31747],[126.60563,34.3151],[126.60215,34.3154],[126.59876,34.31226],[126.59386,34.31362],[126.58597,34.3198],[126.55882,34.32192],[126.55219,34.31646],[126.54455,34.30309],[126.53724,34.30375],[126.53122,34.30175],[126.52887,34.30016],[126.52833,34.29351],[126.52139,34.29295],[126.52169,34.29567],[126.51698,34.2964],[126.5161,34.30512],[126.51609,34.30889],[126.51952,34.31032],[126.51947,34.31268],[126.51231,34.31915],[126.52101,34.32424],[126.52692,34.33444],[126.52239,34.34148],[126.51579,34.33915],[126.52224,34.34156],[126.52165,34.35708],[126.51989,34.36084],[126.51054,34.36516],[126.50212,34.36475],[126.50174,34.36037],[126.49855,34.35696],[126.49072,34.35957],[126.4891,34.35659],[126.48148,34.35402],[126.47873,34.34929],[126.47522,34.34811],[126.47657,34.35033],[126.47467,34.35074],[126.47114,34.34889],[126.47137,34.35325],[126.46589,34.35825],[126.46469,34.36214],[126.46861,34.36335],[126.47619,34.35545],[126.48127,34.35864],[126.47613,34.36483],[126.47929,34.36291],[126.48241,34.36484],[126.48696,34.36456],[126.47557,34.37276],[126.48066,34.37384],[126.48111,34.37603],[126.47344,34.37831],[126.48098,34.38272],[126.47501,34.38171],[126.47138,34.38261],[126.47184,34.3847],[126.47408,34.38336],[126.48186,34.38529],[126.48369,34.3874],[126.49548,34.3842],[126.49735,34.38556],[126.49802,34.38864],[126.49311,34.39245],[126.49405,34.39432],[126.48909,34.39638],[126.48962,34.40258],[126.49193,34.40503],[126.49039,34.40607],[126.48956,34.40433],[126.48722,34.40835],[126.48874,34.40947],[126.49816,34.4055],[126.505,34.40533],[126.51679,34.41425],[126.50823,34.42668],[126.51378,34.4344],[126.50698,34.44071],[126.50005,34.43706],[126.49757,34.43175],[126.49111,34.43474],[126.48437,34.43416],[126.48109,34.43046],[126.48195,34.42575],[126.47645,34.42705],[126.46603,34.44133],[126.45623,34.44778],[126.46472,34.45405],[126.46821,34.44817],[126.4719,34.44694],[126.47759,34.45012],[126.46781,34.45687],[126.46775,34.46173],[126.47205,34.46843],[126.46691,34.47113],[126.46289,34.4695],[126.45565,34.47725],[126.45593,34.48197],[126.464,34.48173],[126.46626,34.48531],[126.46026,34.49023],[126.46464,34.49654],[126.46224,34.498],[126.45896,34.49686],[126.45636,34.50163],[126.47122,34.50688],[126.46213,34.52057],[126.45732,34.52041],[126.45729,34.52335],[126.44207,34.5225],[126.44319,34.52716],[126.45793,34.52978],[126.46046,34.53201],[126.45677,34.53524],[126.44758,34.53667],[126.44331,34.53935],[126.44006,34.53819],[126.43945,34.53588],[126.43437,34.53527],[126.43841,34.5385],[126.43396,34.54402],[126.43569,34.54978],[126.42912,34.55538],[126.41984,34.55446],[126.41517,34.55816],[126.41813,34.55316],[126.41766,34.54716],[126.40927,34.54839],[126.40225,34.54675],[126.4002,34.5456],[126.40343,34.5415],[126.40315,34.53902],[126.38999,34.53243],[126.38646,34.53249],[126.37847,34.53908],[126.38111,34.54209],[126.38497,34.54277],[126.38926,34.55074],[126.38904,34.55248],[126.3846,34.55306],[126.38545,34.55929],[126.38335,34.56183],[126.37983,34.56296],[126.3627,34.56014],[126.36051,34.56415],[126.35591,34.56591],[126.35455,34.56998],[126.35313,34.57046],[126.35097,34.56731],[126.33421,34.57332],[126.3276,34.56914],[126.32142,34.57019],[126.31358,34.56763],[126.30645,34.57375],[126.30922,34.57655],[126.30605,34.57739],[126.30475,34.57521],[126.30377,34.57731],[126.31199,34.58398],[126.31274,34.58774],[126.30603,34.59068],[126.29924,34.59025],[126.29785,34.59233],[126.2988,34.59858],[126.29534,34.60071],[126.29157,34.59202],[126.28015,34.59542],[126.28041,34.59962],[126.28246,34.59927],[126.28425,34.60398],[126.28788,34.60492],[126.28219,34.60815],[126.28025,34.61162],[126.26343,34.60883],[126.259,34.61215],[126.26415,34.61111],[126.26987,34.61508],[126.28014,34.61206],[126.28428,34.61789],[126.28055,34.62181],[126.28542,34.62251],[126.2895,34.62072],[126.28962,34.62719],[126.29417,34.62942],[126.28998,34.63552],[126.28583,34.63434],[126.28463,34.63029],[126.27772,34.63039],[126.26056,34.64066],[126.25995,34.64524],[126.26715,34.64324],[126.26843,34.64767],[126.25974,34.65322],[126.26281,34.65561],[126.26319,34.65848],[126.25534,34.66423],[126.25567,34.66735],[126.25933,34.66911],[126.26037,34.67265],[126.26015,34.67638],[126.25586,34.6773],[126.25508,34.67946],[126.26084,34.68397],[126.259,34.70069],[126.26203,34.70781],[126.2649,34.70271],[126.26892,34.70165],[126.27148,34.70316],[126.27054,34.70643],[126.27461,34.71177],[126.27453,34.71745],[126.27851,34.71953],[126.27943,34.71733],[126.2809,34.71796],[126.2795,34.72127],[126.27582,34.72333],[126.27461,34.72727],[126.28409,34.74785],[126.28581,34.7578],[126.2988,34.76212],[126.31069,34.75337],[126.30764,34.74783],[126.31385,34.74611],[126.31761,34.75074],[126.32465,34.74284],[126.33247,34.74041],[126.33476,34.73792],[126.33394,34.73609],[126.32888,34.73565],[126.33054,34.72084],[126.33937,34.71803],[126.34772,34.71046],[126.34996,34.70549],[126.34706,34.69995],[126.35492,34.69351],[126.36264,34.69447],[126.36345,34.6971],[126.36892,34.69884],[126.37159,34.70474],[126.37,34.70624],[126.37547,34.7104],[126.37378,34.71087],[126.37638,34.71467],[126.38528,34.71977],[126.38782,34.72586],[126.40446,34.72306],[126.46594,34.70868],[126.54391,34.65784],[126.54977,34.66401],[126.55415,34.66117],[126.55793,34.66526],[126.56281,34.66691],[126.56363,34.67139],[126.57103,34.67816],[126.58755,34.67947],[126.59623,34.68298],[126.60522,34.68359],[126.60864,34.68071],[126.61414,34.68191],[126.62486,34.68003],[126.63813,34.67393],[126.64314,34.68267],[126.64711,34.68511],[126.64751,34.68845],[126.66571,34.69192],[126.67021,34.69094],[126.67748,34.6855],[126.68278,34.68771],[126.70569,34.68182],[126.70244,34.67475],[126.69942,34.67266],[126.70174,34.66201],[126.69523,34.66167],[126.69275,34.65775],[126.69732,34.65008],[126.69103,34.64587],[126.68277,34.63247],[126.6891,34.63135],[126.6934,34.62838],[126.70081,34.63025],[126.69589,34.62436],[126.69275,34.6233],[126.68767,34.60714],[126.67503,34.59736],[126.6726,34.59758],[126.67166,34.59242],[126.68026,34.58483],[126.68322,34.57551],[126.69509,34.56395],[126.69277,34.55635],[126.68371,34.54538],[126.67935,34.54188],[126.66713,34.53862],[126.66707,34.53671],[126.67413,34.53155],[126.68393,34.52952],[126.68635,34.52509],[126.68573,34.52175],[126.68041,34.51591],[126.68194,34.51091],[126.68932,34.51059],[126.68502,34.50356],[126.6863,34.50002],[126.68313,34.48922],[126.68361,34.47508],[126.68164,34.47075],[126.68987,34.46808],[126.69197,34.47031],[126.69771,34.47109],[126.7166,34.47053],[126.71964,34.46615],[126.73486,34.45561],[126.72938,34.44695],[126.72457,34.44327],[126.71857,34.4455],[126.71355,34.44381],[126.70945,34.4396],[126.70179,34.43919]]]]}},{"type":"Feature","properties":{"code":"36410","name":"영암군","slug":"yeongam-gun","wide":"jeonnam","center":[126.61143,34.80972]},"geometry":{"type":"MultiPolygon","coordinates":[[[[126.37581,34.76385],[126.37748,34.76249],[126.37651,34.76134],[126.37581,34.76385]]],[[[126.67769,34.94495],[126.68464,34.94521],[126.69081,34.94182],[126.69918,34.94036],[126.7065,34.92527],[126.71581,34.91772],[126.71177,34.90703],[126.72058,34.89995],[126.71989,34.89333],[126.72515,34.88954],[126.73348,34.89051],[126.74371,34.89622],[126.74368,34.89806],[126.75039,34.89624],[126.76614,34.89951],[126.77636,34.8894],[126.78421,34.88483],[126.78497,34.8796],[126.7944,34.87794],[126.80109,34.87319],[126.80305,34.86853],[126.81016,34.8694],[126.81137,34.87442],[126.82388,34.87108],[126.82876,34.86781],[126.84416,34.86977],[126.84982,34.86796],[126.85429,34.86981],[126.85929,34.86665],[126.85349,34.84966],[126.84464,34.84055],[126.83145,34.83591],[126.82305,34.83623],[126.81923,34.83119],[126.80728,34.8282],[126.79958,34.80853],[126.80104,34.80389],[126.79894,34.80344],[126.7991,34.80132],[126.79293,34.79415],[126.79524,34.78852],[126.79539,34.7813],[126.78411,34.78064],[126.78192,34.7864],[126.76971,34.78495],[126.76464,34.78105],[126.76198,34.77057],[126.7557,34.76936],[126.75439,34.76548],[126.74968,34.7646],[126.74669,34.75762],[126.74347,34.75684],[126.73464,34.75699],[126.72862,34.7609],[126.72392,34.75897],[126.71726,34.76118],[126.71407,34.76023],[126.70922,34.76558],[126.70402,34.7666],[126.69859,34.76137],[126.69397,34.75967],[126.69372,34.75678],[126.6909,34.75457],[126.68543,34.75244],[126.68055,34.75385],[126.67079,34.7415],[126.66486,34.73969],[126.66457,34.73722],[126.65769,34.73415],[126.65682,34.73054],[126.66161,34.72815],[126.66543,34.72227],[126.67249,34.72287],[126.67875,34.72079],[126.68067,34.71756],[126.68153,34.71301],[126.6721,34.70675],[126.67527,34.70192],[126.67021,34.69094],[126.66571,34.69192],[126.64751,34.68845],[126.64711,34.68511],[126.64314,34.68267],[126.63813,34.67393],[126.62486,34.68003],[126.61414,34.68191],[126.60864,34.68071],[126.60522,34.68359],[126.59623,34.68298],[126.58755,34.67947],[126.57103,34.67816],[126.56363,34.67139],[126.56281,34.66691],[126.55793,34.66526],[126.55415,34.66117],[126.54977,34.66401],[126.54391,34.65784],[126.46286,34.70945],[126.46999,34.71731],[126.4696,34.72047],[126.47582,34.7303],[126.47581,34.73368],[126.47814,34.73511],[126.47818,34.73899],[126.46438,34.73698],[126.4568,34.72814],[126.44986,34.73347],[126.45307,34.73697],[126.44918,34.73819],[126.45106,34.74163],[126.44973,34.74371],[126.43963,34.73786],[126.4303,34.73908],[126.43098,34.74322],[126.42553,34.74422],[126.41942,34.7369],[126.4198,34.73443],[126.42547,34.73043],[126.42381,34.72805],[126.41384,34.73118],[126.40097,34.73151],[126.39803,34.73333],[126.40376,34.73148],[126.40355,34.73814],[126.39588,34.74037],[126.3969,34.73478],[126.39234,34.73354],[126.38828,34.72578],[126.38906,34.73143],[126.36056,34.742],[126.36524,34.74917],[126.36927,34.74882],[126.36568,34.75121],[126.37546,34.75],[126.38045,34.75264],[126.38018,34.75787],[126.37294,34.75285],[126.37176,34.75402],[126.38035,34.76016],[126.38151,34.76383],[126.37903,34.7653],[126.38126,34.76872],[126.39771,34.77374],[126.4051,34.7718],[126.42533,34.77834],[126.43456,34.77772],[126.44916,34.78244],[126.44906,34.78513],[126.44523,34.789],[126.44544,34.79134],[126.44797,34.79211],[126.45834,34.79337],[126.46843,34.78987],[126.4946,34.76936],[126.50565,34.76857],[126.51061,34.7705],[126.51776,34.77963],[126.52042,34.78808],[126.51928,34.79562],[126.53266,34.80311],[126.54307,34.81287],[126.54796,34.82722],[126.55349,34.86323],[126.557,34.86905],[126.56137,34.86998],[126.57087,34.87868],[126.57222,34.8926],[126.57998,34.89584],[126.57997,34.90533],[126.57323,34.90781],[126.57454,34.91511],[126.58138,34.91956],[126.59328,34.91442],[126.59577,34.91521],[126.59212,34.91866],[126.59376,34.92456],[126.59569,34.92561],[126.59775,34.92352],[126.60293,34.92344],[126.6002,34.92828],[126.60487,34.93008],[126.60682,34.92544],[126.61173,34.92633],[126.61033,34.92365],[126.6123,34.92259],[126.61855,34.926],[126.62402,34.92199],[126.62144,34.91944],[126.6289,34.92119],[126.62871,34.91749],[126.63398,34.90896],[126.63467,34.89785],[126.62872,34.89905],[126.62886,34.89477],[126.63187,34.89359],[126.63148,34.88881],[126.63973,34.88912],[126.64385,34.89132],[126.64995,34.88861],[126.6516,34.8935],[126.66116,34.89354],[126.6641,34.89201],[126.66462,34.88753],[126.6725,34.88183],[126.67545,34.88209],[126.67741,34.88358],[126.67436,34.88707],[126.6749,34.89273],[126.68015,34.89237],[126.68222,34.8944],[126.67696,34.90167],[126.67744,34.90978],[126.67327,34.91092],[126.67721,34.91409],[126.67654,34.91688],[126.6692,34.92526],[126.66297,34.92736],[126.66213,34.93383],[126.6691,34.94509],[126.67629,34.94623],[126.67769,34.94495]]]]}},{"type":"Feature","properties":{"code":"36420","name":"무안군","slug":"muan-gun","wide":"jeonnam","center":[126.37474,35.01135]},"geometry":{"type":"MultiPolygon","coordinates":[[[[126.39781,34.85643],[126.39668,34.86016],[126.39939,34.85769],[126.39781,34.85643]]],[[[126.38163,34.85778],[126.37976,34.85946],[126.38074,34.864],[126.38234,34.86251],[126.38163,34.85778]]],[[[126.38557,34.88501],[126.38545,34.88661],[126.38785,34.88701],[126.38557,34.88501]]],[[[126.32277,34.92289],[126.32204,34.92439],[126.32463,34.92507],[126.32513,34.92351],[126.32277,34.92289]]],[[[126.31708,35.0107],[126.31452,35.00117],[126.31143,35.00739],[126.314,35.00997],[126.31189,35.01428],[126.31801,35.01429],[126.31708,35.0107]]],[[[126.37442,35.02456],[126.37275,35.02532],[126.37466,35.02867],[126.37442,35.02456]]],[[[126.39525,35.04198],[126.39134,35.04341],[126.39216,35.0455],[126.39557,35.04388],[126.39525,35.04198]]],[[[126.34581,35.15972],[126.34764,35.15792],[126.34462,35.15086],[126.34463,35.14078],[126.34683,35.13872],[126.34094,35.13044],[126.33845,35.12224],[126.34026,35.12023],[126.3343,35.11586],[126.33179,35.1099],[126.32963,35.10915],[126.33152,35.10495],[126.33512,35.10261],[126.33534,35.09864],[126.33118,35.09482],[126.33474,35.09156],[126.34346,35.09175],[126.3487,35.09396],[126.35021,35.09872],[126.35309,35.0997],[126.35052,35.09512],[126.35114,35.08703],[126.35026,35.08612],[126.34916,35.08829],[126.34245,35.0864],[126.34455,35.08359],[126.34543,35.07551],[126.35005,35.07627],[126.35028,35.07886],[126.36098,35.07494],[126.36271,35.07922],[126.3663,35.07842],[126.36779,35.077],[126.36386,35.07494],[126.36753,35.07129],[126.36512,35.06504],[126.37057,35.06178],[126.37408,35.06416],[126.37551,35.06921],[126.38295,35.0776],[126.38067,35.08205],[126.388,35.08666],[126.39162,35.08581],[126.38614,35.076],[126.38439,35.06672],[126.39073,35.06464],[126.39266,35.07133],[126.39684,35.07602],[126.4041,35.07094],[126.40474,35.06692],[126.40395,35.06858],[126.40275,35.06585],[126.40884,35.0625],[126.40535,35.05732],[126.39845,35.05266],[126.40258,35.05044],[126.39471,35.0481],[126.3905,35.04314],[126.39358,35.04149],[126.4009,35.04192],[126.4013,35.03723],[126.39912,35.03246],[126.40353,35.02699],[126.4113,35.02935],[126.41658,35.02661],[126.4275,35.02742],[126.42235,35.03609],[126.41829,35.03971],[126.41784,35.03857],[126.42148,35.04536],[126.41979,35.04428],[126.42311,35.04811],[126.4437,35.05845],[126.45189,35.07163],[126.45756,35.07399],[126.46468,35.07131],[126.4691,35.067],[126.47844,35.0648],[126.4797,35.06148],[126.47619,35.0598],[126.47275,35.05283],[126.47099,35.05295],[126.46346,35.04196],[126.46403,35.03122],[126.46836,35.02801],[126.46636,35.02482],[126.47167,35.02137],[126.48039,35.02682],[126.48263,35.02027],[126.49079,35.01627],[126.49669,35.01807],[126.50046,35.01489],[126.49787,35.0079],[126.50049,35.00533],[126.49061,35.00093],[126.49849,34.99143],[126.4999,34.98557],[126.50641,34.98601],[126.50925,34.98973],[126.51201,34.99014],[126.51774,34.98326],[126.52495,34.98334],[126.53287,34.97783],[126.54118,34.97503],[126.52916,34.94964],[126.53128,34.94082],[126.54163,34.92721],[126.54241,34.91992],[126.54107,34.91826],[126.53572,34.91801],[126.53021,34.92545],[126.52196,34.9288],[126.51468,34.92576],[126.51331,34.92078],[126.53323,34.89592],[126.54558,34.88689],[126.557,34.86905],[126.55327,34.86246],[126.54796,34.82722],[126.54307,34.81287],[126.53266,34.80311],[126.51928,34.79562],[126.52042,34.78808],[126.51776,34.77963],[126.51336,34.77262],[126.50851,34.76929],[126.4924,34.77013],[126.46843,34.78987],[126.45834,34.79337],[126.45942,34.80858],[126.45511,34.81081],[126.45438,34.81763],[126.43837,34.82132],[126.43929,34.83039],[126.43781,34.83573],[126.43437,34.83818],[126.42511,34.83885],[126.4184,34.8442],[126.41235,34.84384],[126.40603,34.84957],[126.40724,34.852],[126.40544,34.85698],[126.39504,34.86941],[126.39548,34.87233],[126.40203,34.87884],[126.40141,34.88045],[126.39211,34.88268],[126.3887,34.87779],[126.3868,34.87782],[126.38637,34.88233],[126.3904,34.885],[126.39108,34.89099],[126.39382,34.89495],[126.3913,34.8998],[126.39698,34.89804],[126.40065,34.9005],[126.40503,34.91133],[126.39965,34.91727],[126.39148,34.92165],[126.39044,34.92717],[126.38864,34.92822],[126.39852,34.93523],[126.39724,34.93682],[126.39167,34.93568],[126.38783,34.94695],[126.39424,34.96132],[126.39352,34.9649],[126.37952,34.97117],[126.38051,34.98753],[126.37389,34.9912],[126.37366,34.99891],[126.37214,34.99939],[126.36701,34.99317],[126.36797,34.98958],[126.36593,34.98205],[126.3701,34.97482],[126.36122,34.97214],[126.3592,34.96852],[126.36129,34.96634],[126.36034,34.96371],[126.36825,34.96292],[126.3732,34.95753],[126.36933,34.94729],[126.36557,34.94347],[126.3734,34.9415],[126.36632,34.93258],[126.36697,34.92701],[126.36968,34.92363],[126.36754,34.92005],[126.353,34.9223],[126.35031,34.91671],[126.34267,34.91492],[126.32972,34.91641],[126.32776,34.92493],[126.32983,34.92601],[126.32957,34.92829],[126.32637,34.93064],[126.32209,34.93058],[126.3218,34.92858],[126.31926,34.93214],[126.31135,34.92649],[126.30683,34.92819],[126.30574,34.9342],[126.31016,34.93365],[126.32091,34.94345],[126.3093,34.94866],[126.30665,34.95596],[126.30121,34.95758],[126.29754,34.96129],[126.29507,34.96558],[126.29798,34.97436],[126.30385,34.9771],[126.30481,34.98473],[126.31039,34.98566],[126.31354,34.9884],[126.31268,34.98483],[126.31918,34.98032],[126.32116,34.97299],[126.32474,34.97238],[126.32666,34.96747],[126.32967,34.96693],[126.33574,34.97178],[126.34403,34.97248],[126.35171,34.98318],[126.35747,34.98372],[126.3593,34.98677],[126.35863,34.9929],[126.35493,34.9926],[126.34081,34.99742],[126.33594,34.99514],[126.33432,34.99126],[126.33238,34.99336],[126.3855,35.02378],[126.39023,35.0243],[126.38994,35.03408],[126.38173,35.04875],[126.3687,35.04685],[126.35677,35.04202],[126.35817,35.04018],[126.35708,35.03838],[126.35229,35.0391],[126.34774,35.04652],[126.34737,35.04989],[126.35271,35.05279],[126.34945,35.05648],[126.34001,35.06037],[126.33378,35.0592],[126.33139,35.06184],[126.33959,35.06325],[126.34469,35.07076],[126.33171,35.08849],[126.32192,35.08933],[126.31638,35.08712],[126.31616,35.07774],[126.31133,35.07572],[126.31646,35.07054],[126.31248,35.06701],[126.30513,35.0664],[126.30028,35.06129],[126.30142,35.05968],[126.31193,35.05887],[126.31449,35.05441],[126.30734,35.04977],[126.30482,35.04548],[126.29608,35.04158],[126.302,35.04684],[126.29433,35.05155],[126.29587,35.05474],[126.29154,35.05979],[126.28246,35.06216],[126.28119,35.05752],[126.2772,35.05444],[126.26183,35.05364],[126.26098,35.06548],[126.24459,35.07713],[126.24485,35.08496],[126.24894,35.09152],[126.24828,35.09711],[126.25087,35.09669],[126.25353,35.1016],[126.25588,35.10186],[126.25895,35.10074],[126.25783,35.09397],[126.26242,35.09588],[126.26193,35.10205],[126.2599,35.1044],[126.24921,35.10856],[126.24862,35.11099],[126.24334,35.11145],[126.24679,35.12178],[126.25314,35.13043],[126.25196,35.13327],[126.25926,35.13518],[126.25639,35.1389],[126.25906,35.14289],[126.26381,35.14579],[126.27133,35.14521],[126.27075,35.14986],[126.27297,35.15013],[126.274,35.14529],[126.27832,35.14233],[126.27885,35.13575],[126.28653,35.13477],[126.29243,35.13835],[126.30741,35.1377],[126.30858,35.13278],[126.3058,35.13167],[126.30792,35.12754],[126.32062,35.12748],[126.33091,35.14153],[126.32969,35.14496],[126.32573,35.14614],[126.326,35.14959],[126.32981,35.15124],[126.33038,35.14885],[126.33437,35.14945],[126.34581,35.15972]]],[[[126.33674,35.1673],[126.33801,35.16506],[126.33669,35.16256],[126.33469,35.16457],[126.33674,35.1673]]]]}},{"type":"Feature","properties":{"code":"36430","name":"함평군","slug":"hampyeong-gun","wide":"jeonnam","center":[126.53572,35.10586]},"geometry":{"type":"MultiPolygon","coordinates":[[[[126.63489,35.21017],[126.64265,35.20692],[126.65164,35.19666],[126.6511,35.19334],[126.66176,35.18472],[126.66368,35.18222],[126.66258,35.18045],[126.67207,35.1723],[126.67043,35.16952],[126.65422,35.16455],[126.65463,35.15835],[126.65142,35.15482],[126.65351,35.15278],[126.65021,35.14769],[126.64498,35.14656],[126.64756,35.14404],[126.65332,35.14396],[126.65489,35.1368],[126.65172,35.12051],[126.65539,35.11699],[126.65561,35.11077],[126.65393,35.10739],[126.64707,35.10382],[126.6477,35.09953],[126.64625,35.09795],[126.63443,35.09473],[126.6232,35.08692],[126.6061,35.09476],[126.60474,35.09922],[126.59507,35.09838],[126.59727,35.09232],[126.59021,35.06971],[126.59233,35.06779],[126.58911,35.06274],[126.59101,35.05927],[126.58761,35.05495],[126.58916,35.05209],[126.58804,35.04628],[126.59161,35.04546],[126.5894,35.04019],[126.59327,35.03439],[126.59462,35.02797],[126.58579,35.01519],[126.5887,35.01284],[126.59884,35.01252],[126.59866,35.00727],[126.59572,35.00423],[126.59427,35.00647],[126.59342,35.00538],[126.59647,34.99975],[126.592,34.99632],[126.59554,34.99542],[126.59909,34.99703],[126.58792,34.98956],[126.57837,34.97475],[126.57375,34.97351],[126.57078,34.97416],[126.56554,34.98578],[126.56041,34.98863],[126.55599,34.98859],[126.54606,34.98321],[126.54118,34.97503],[126.53287,34.97783],[126.52495,34.98334],[126.51774,34.98326],[126.51201,34.99014],[126.50925,34.98973],[126.50641,34.98601],[126.4999,34.98557],[126.49849,34.99143],[126.49061,35.00093],[126.50049,35.00533],[126.49787,35.0079],[126.50046,35.01489],[126.49669,35.01807],[126.49079,35.01627],[126.48263,35.02027],[126.48039,35.02682],[126.47038,35.02141],[126.46636,35.02482],[126.46836,35.02801],[126.46403,35.03122],[126.46346,35.04196],[126.47099,35.05295],[126.47275,35.05283],[126.47619,35.0598],[126.4797,35.06148],[126.47884,35.06443],[126.4691,35.067],[126.4563,35.07615],[126.44678,35.07958],[126.44064,35.08438],[126.43572,35.08518],[126.43802,35.08714],[126.4574,35.08986],[126.46505,35.09997],[126.46239,35.10215],[126.45379,35.10231],[126.4457,35.10622],[126.4402,35.10487],[126.43094,35.10748],[126.42168,35.10707],[126.40295,35.13681],[126.39647,35.13444],[126.3887,35.14179],[126.38652,35.14755],[126.3833,35.15006],[126.38339,35.1586],[126.37762,35.1589],[126.375,35.15713],[126.37032,35.16369],[126.37176,35.16766],[126.39225,35.1797],[126.39615,35.17941],[126.39658,35.17708],[126.40014,35.17642],[126.40265,35.17791],[126.40805,35.18202],[126.40794,35.1864],[126.42208,35.18446],[126.43526,35.17285],[126.44629,35.17968],[126.45185,35.18677],[126.46809,35.18713],[126.4733,35.19278],[126.47721,35.19358],[126.48158,35.19084],[126.48767,35.19191],[126.49353,35.18526],[126.50075,35.18328],[126.50388,35.18487],[126.50985,35.18438],[126.51429,35.18763],[126.52125,35.18536],[126.52754,35.18623],[126.52968,35.18294],[126.53314,35.18224],[126.54387,35.18778],[126.54706,35.18801],[126.54921,35.1854],[126.56117,35.18832],[126.56499,35.19078],[126.56233,35.19678],[126.56422,35.19825],[126.57188,35.19856],[126.58054,35.19612],[126.59058,35.2144],[126.58951,35.22024],[126.59164,35.22507],[126.58938,35.22935],[126.6001,35.2355],[126.61212,35.2298],[126.6143,35.22588],[126.62606,35.21916],[126.63489,35.21017]]]]}},{"type":"Feature","properties":{"code":"36440","name":"영광군","slug":"yeonggwang-gun","wide":"jeonnam","center":[126.44501,35.28196]},"geometry":{"type":"MultiPolygon","coordinates":[[[[126.21078,35.18715],[126.21393,35.18658],[126.21387,35.18384],[126.20535,35.18346],[126.20816,35.18741],[126.21078,35.18715]]],[[[126.22326,35.19118],[126.21917,35.19207],[126.22095,35.19496],[126.22319,35.19472],[126.22326,35.19118]]],[[[126.24753,35.20359],[126.24973,35.20195],[126.2444,35.20094],[126.24753,35.20359]]],[[[126.1564,35.21143],[126.15626,35.20841],[126.15076,35.20649],[126.14627,35.20153],[126.14007,35.20224],[126.12949,35.20008],[126.12736,35.19613],[126.13033,35.19253],[126.12179,35.18984],[126.12154,35.19244],[126.12426,35.19549],[126.12212,35.19905],[126.12437,35.20228],[126.12952,35.20023],[126.13609,35.20458],[126.14744,35.20641],[126.15116,35.21122],[126.1564,35.21143]]],[[[126.10315,35.25383],[126.10214,35.24851],[126.09777,35.24338],[126.09105,35.24361],[126.0895,35.246],[126.09291,35.25024],[126.09939,35.25218],[126.10018,35.25624],[126.10315,35.25383]]],[[[126.09003,35.25867],[126.08229,35.25732],[126.08891,35.25975],[126.09003,35.25867]]],[[[126.1191,35.26025],[126.12116,35.25927],[126.11457,35.25554],[126.11215,35.2572],[126.1191,35.26025]]],[[[126.21197,35.28186],[126.20966,35.28581],[126.21244,35.28364],[126.21197,35.28186]]],[[[126.20373,35.29283],[126.1989,35.29525],[126.20226,35.29574],[126.20373,35.29283]]],[[[126.14552,35.29559],[126.15222,35.29082],[126.15196,35.2842],[126.15422,35.27864],[126.15017,35.27162],[126.14267,35.27078],[126.13923,35.27346],[126.14269,35.27531],[126.14278,35.27716],[126.13313,35.28163],[126.131,35.28538],[126.13361,35.2899],[126.13687,35.28843],[126.13843,35.28989],[126.14034,35.29966],[126.14262,35.29967],[126.14552,35.29559]]],[[[126.27107,35.32146],[126.27091,35.3186],[126.2696,35.31973],[126.27107,35.32146]]],[[[126.27486,35.32052],[126.27445,35.32257],[126.27842,35.32379],[126.27486,35.32052]]],[[[125.99315,35.31872],[125.99212,35.31973],[125.9953,35.32257],[125.99581,35.32033],[125.99315,35.31872]]],[[[126.00141,35.33119],[126.002,35.33264],[126.00684,35.33274],[126.01035,35.3305],[126.01036,35.3281],[126.00253,35.32978],[125.99739,35.32389],[125.99607,35.32739],[125.99893,35.32904],[125.99825,35.33322],[126.00141,35.33119]]],[[[125.99046,35.33803],[125.99661,35.3381],[125.9975,35.33493],[125.98573,35.33565],[125.98628,35.338],[125.99046,35.33803]]],[[[126.02279,35.36339],[126.0267,35.35919],[126.0301,35.36001],[126.0289,35.35482],[126.03648,35.35279],[126.03667,35.34834],[126.0414,35.34636],[126.03116,35.33465],[126.02129,35.33599],[126.01928,35.33273],[126.01402,35.33171],[126.0149,35.3349],[126.02054,35.33697],[126.01931,35.3405],[126.01635,35.34189],[126.0124,35.33983],[126.00823,35.34491],[126.02195,35.34456],[126.02306,35.3474],[126.01889,35.34858],[126.01848,35.35213],[126.0116,35.35289],[126.00821,35.35578],[126.00331,35.3523],[126.00518,35.34924],[125.99867,35.35287],[125.99583,35.35681],[126.00091,35.35479],[126.00631,35.35551],[126.0061,35.35849],[126.00837,35.359],[126.02099,35.35638],[126.02065,35.36432],[126.02279,35.36339]]],[[[126.06007,35.36819],[126.06035,35.3649],[126.05451,35.36779],[126.05809,35.36961],[126.06007,35.36819]]],[[[126.39891,35.37577],[126.39683,35.37147],[126.39302,35.3723],[126.39335,35.37476],[126.39891,35.37577]]],[[[126.05541,35.3751],[126.05772,35.37249],[126.04776,35.37082],[126.04667,35.36782],[126.04144,35.37035],[126.04212,35.37345],[126.04499,35.3746],[126.05026,35.37337],[126.05541,35.3751]]],[[[126.41931,35.42659],[126.42316,35.4302],[126.42711,35.4264],[126.43885,35.43001],[126.44475,35.42734],[126.44645,35.42874],[126.46855,35.42515],[126.47603,35.42933],[126.47966,35.4265],[126.48039,35.42105],[126.49288,35.40924],[126.49058,35.39515],[126.47738,35.38618],[126.48289,35.38463],[126.48328,35.38057],[126.48622,35.37758],[126.49741,35.3732],[126.49615,35.3576],[126.49214,35.35411],[126.49355,35.35038],[126.49695,35.35005],[126.50451,35.35923],[126.51276,35.36203],[126.51388,35.35643],[126.52053,35.34835],[126.5172,35.33852],[126.51751,35.33414],[126.51563,35.32946],[126.51343,35.32949],[126.51386,35.32747],[126.5206,35.32531],[126.52368,35.31476],[126.52993,35.31231],[126.52977,35.30873],[126.53232,35.30674],[126.55108,35.31368],[126.56096,35.31187],[126.564,35.30953],[126.56834,35.31125],[126.57271,35.31015],[126.57671,35.30436],[126.58491,35.30079],[126.58857,35.30733],[126.58945,35.31751],[126.58294,35.31571],[126.58093,35.31725],[126.58354,35.32909],[126.58706,35.33081],[126.59805,35.33012],[126.60417,35.33566],[126.62642,35.32135],[126.6448,35.31978],[126.6403,35.31358],[126.63973,35.30873],[126.63154,35.30248],[126.61871,35.3048],[126.61146,35.30038],[126.61103,35.29738],[126.61738,35.29414],[126.61437,35.28597],[126.61499,35.27876],[126.60867,35.27024],[126.59731,35.26769],[126.59192,35.26054],[126.58484,35.25789],[126.58412,35.25367],[126.58746,35.24612],[126.58332,35.23941],[126.59205,35.23203],[126.58938,35.22935],[126.59164,35.22507],[126.58951,35.22024],[126.59015,35.21306],[126.58054,35.19612],[126.56548,35.19866],[126.56233,35.19678],[126.56493,35.19062],[126.56117,35.18832],[126.54921,35.1854],[126.54706,35.18801],[126.54387,35.18778],[126.53314,35.18224],[126.52968,35.18294],[126.52754,35.18623],[126.52125,35.18536],[126.51429,35.18763],[126.50844,35.18404],[126.49771,35.18383],[126.49353,35.18526],[126.48767,35.19191],[126.48158,35.19084],[126.47721,35.19358],[126.4733,35.19278],[126.46809,35.18713],[126.45185,35.18677],[126.44629,35.17968],[126.43526,35.17285],[126.42208,35.18446],[126.40794,35.1864],[126.40805,35.18202],[126.40265,35.17791],[126.40014,35.17642],[126.39658,35.17708],[126.39615,35.17941],[126.39225,35.1797],[126.37176,35.16766],[126.37032,35.16369],[126.36584,35.16846],[126.35912,35.1689],[126.36117,35.1712],[126.36036,35.17694],[126.3543,35.18407],[126.36719,35.18642],[126.37248,35.19008],[126.36869,35.19476],[126.36901,35.19808],[126.3722,35.19875],[126.3789,35.20867],[126.3768,35.2119],[126.36598,35.20518],[126.35384,35.20167],[126.35414,35.19616],[126.34186,35.1943],[126.3376,35.19243],[126.33842,35.19094],[126.33669,35.19572],[126.33878,35.20432],[126.34203,35.20759],[126.34225,35.21395],[126.33791,35.21256],[126.33993,35.2087],[126.33808,35.20589],[126.32997,35.20447],[126.32845,35.2027],[126.31663,35.20512],[126.31498,35.20759],[126.31834,35.21524],[126.3159,35.2175],[126.31721,35.214],[126.31426,35.21001],[126.30437,35.21195],[126.30555,35.21131],[126.30386,35.20924],[126.29945,35.21094],[126.29903,35.22275],[126.29684,35.2231],[126.30669,35.24411],[126.30805,35.2509],[126.31265,35.2532],[126.32055,35.24529],[126.32594,35.24292],[126.32845,35.24398],[126.32848,35.2467],[126.32608,35.24747],[126.32398,35.25254],[126.32649,35.25695],[126.32235,35.26306],[126.32552,35.26589],[126.33072,35.26642],[126.33957,35.27187],[126.34629,35.2748],[126.34725,35.2738],[126.34621,35.27486],[126.33256,35.26809],[126.32492,35.27114],[126.32886,35.27929],[126.33941,35.28604],[126.35024,35.28649],[126.35263,35.28296],[126.37151,35.28431],[126.37045,35.2873],[126.36568,35.28711],[126.36586,35.29233],[126.37081,35.2936],[126.37807,35.30587],[126.37568,35.31168],[126.37918,35.31959],[126.37848,35.32764],[126.38763,35.34377],[126.38733,35.35315],[126.39186,35.35601],[126.39308,35.36322],[126.39719,35.36923],[126.40354,35.36899],[126.40437,35.36288],[126.40619,35.36267],[126.4069,35.36542],[126.41252,35.36403],[126.42168,35.36536],[126.42872,35.35793],[126.44315,35.35742],[126.44799,35.34859],[126.44871,35.35196],[126.44418,35.35774],[126.43679,35.35972],[126.42932,35.35899],[126.41788,35.3704],[126.41723,35.37383],[126.41058,35.37566],[126.40731,35.38203],[126.40936,35.38391],[126.40698,35.38643],[126.40702,35.39257],[126.40214,35.3952],[126.40305,35.40016],[126.41111,35.40536],[126.40287,35.40447],[126.4095,35.41323],[126.40687,35.41718],[126.41973,35.4259],[126.40989,35.43262],[126.41931,35.42659]]]]}},{"type":"Feature","properties":{"code":"36450","name":"장성군","slug":"jangseong-gun","wide":"jeonnam","center":[126.76544,35.3311]},"geometry":{"type":"MultiPolygon","coordinates":[[[[126.82411,35.48686],[126.82786,35.48628],[126.83048,35.4808],[126.8433,35.47833],[126.84166,35.46696],[126.83791,35.46453],[126.83954,35.46232],[126.85114,35.46574],[126.86324,35.46121],[126.8701,35.4615],[126.87648,35.45683],[126.88112,35.4559],[126.88414,35.45131],[126.89677,35.44799],[126.89964,35.4427],[126.90511,35.44082],[126.89748,35.43492],[126.89777,35.43278],[126.90432,35.4297],[126.90187,35.42302],[126.90307,35.42063],[126.90873,35.41912],[126.90882,35.41541],[126.91636,35.41562],[126.91977,35.40995],[126.91661,35.40492],[126.91743,35.40214],[126.92461,35.39936],[126.92566,35.39685],[126.92388,35.37943],[126.91491,35.38713],[126.91349,35.38243],[126.90287,35.3778],[126.90304,35.37332],[126.89761,35.37025],[126.89562,35.3661],[126.88699,35.36508],[126.88418,35.36213],[126.88299,35.35091],[126.87883,35.34949],[126.8758,35.34239],[126.88776,35.32603],[126.88034,35.32144],[126.87441,35.32309],[126.86118,35.32097],[126.8613,35.30116],[126.8542,35.29448],[126.86038,35.28958],[126.86515,35.27376],[126.87601,35.26066],[126.87958,35.25152],[126.86914,35.24618],[126.86254,35.24524],[126.85941,35.24],[126.84807,35.23574],[126.8443,35.23699],[126.83504,35.22877],[126.82505,35.23183],[126.82394,35.22578],[126.81503,35.2241],[126.80539,35.21827],[126.8044,35.22132],[126.79527,35.2198],[126.78954,35.22389],[126.78142,35.22491],[126.77488,35.23048],[126.75526,35.23436],[126.75385,35.23709],[126.75522,35.24113],[126.76385,35.25403],[126.76029,35.2587],[126.75054,35.25642],[126.74839,35.25333],[126.74187,35.251],[126.73724,35.25289],[126.72996,35.2436],[126.72909,35.2373],[126.72568,35.23496],[126.71875,35.22259],[126.72072,35.21883],[126.71854,35.21319],[126.7107,35.21227],[126.70256,35.20756],[126.69043,35.215],[126.68705,35.21519],[126.67758,35.20254],[126.67771,35.19362],[126.67597,35.19072],[126.67206,35.19426],[126.66417,35.19237],[126.6511,35.19334],[126.65164,35.19666],[126.64244,35.20712],[126.63403,35.21068],[126.62606,35.21916],[126.6143,35.22588],[126.61212,35.2298],[126.60106,35.23558],[126.59205,35.23203],[126.58452,35.23813],[126.58332,35.23941],[126.58475,35.24344],[126.58746,35.24612],[126.58412,35.25367],[126.58484,35.25789],[126.59192,35.26054],[126.59731,35.26769],[126.60867,35.27024],[126.61499,35.27876],[126.61437,35.28597],[126.61738,35.29414],[126.61103,35.29738],[126.61146,35.30038],[126.61871,35.3048],[126.63154,35.30248],[126.63973,35.30873],[126.6403,35.31358],[126.647,35.32432],[126.64428,35.3272],[126.64705,35.32846],[126.65173,35.32682],[126.65368,35.32865],[126.66076,35.33991],[126.66008,35.34424],[126.6644,35.34571],[126.66644,35.35149],[126.68231,35.34713],[126.68573,35.34424],[126.69182,35.35143],[126.69934,35.35009],[126.70462,35.36513],[126.71935,35.36499],[126.73126,35.37688],[126.73219,35.38319],[126.72963,35.39461],[126.72308,35.39749],[126.72247,35.39993],[126.7362,35.40341],[126.73769,35.40599],[126.74446,35.40917],[126.74868,35.41559],[126.7542,35.4165],[126.75151,35.42276],[126.75173,35.4359],[126.74818,35.43993],[126.74382,35.44068],[126.73779,35.44915],[126.74074,35.45272],[126.7495,35.45135],[126.75534,35.45626],[126.75778,35.46229],[126.7649,35.46706],[126.7819,35.47063],[126.79235,35.46763],[126.81397,35.4688],[126.81388,35.48419],[126.82411,35.48686]]]]}},{"type":"Feature","properties":{"code":"36460","name":"완도군","slug":"wando-gun","wide":"jeonnam","center":[126.70921,34.33758]},"geometry":{"type":"MultiPolygon","coordinates":[[[[126.92455,33.98892],[126.93394,33.98367],[126.93723,33.9737],[126.93455,33.96857],[126.92846,33.97127],[126.92027,33.96943],[126.91415,33.97],[126.91283,33.97186],[126.91357,33.97443],[126.90921,33.97996],[126.91006,33.98408],[126.91715,33.98916],[126.91972,33.98888],[126.92091,33.98614],[126.92392,33.98874],[126.9221,33.98972],[126.92455,33.98892]]],[[[126.59286,34.11402],[126.59623,34.11184],[126.59457,34.11081],[126.59522,34.10797],[126.60248,34.10387],[126.60507,34.09908],[126.604,34.09739],[126.58629,34.10075],[126.58371,34.09886],[126.58473,34.10192],[126.59047,34.10482],[126.59077,34.10985],[126.5855,34.11326],[126.59286,34.11402]]],[[[126.56928,34.13657],[126.57236,34.1294],[126.56661,34.12824],[126.56526,34.12928],[126.56928,34.13657]]],[[[126.49763,34.14387],[126.49914,34.14241],[126.49681,34.14105],[126.49763,34.14387]]],[[[126.49064,34.14375],[126.48846,34.14527],[126.4919,34.14507],[126.49064,34.14375]]],[[[126.74958,34.15386],[126.7458,34.14617],[126.74423,34.14987],[126.74843,34.15628],[126.74958,34.15386]]],[[[126.58685,34.15277],[126.58526,34.1541],[126.58598,34.15646],[126.58758,34.1561],[126.58685,34.15277]]],[[[126.47716,34.17176],[126.48126,34.17045],[126.47966,34.16407],[126.4753,34.16614],[126.47716,34.17176]]],[[[126.45594,34.16739],[126.4519,34.17028],[126.4517,34.17302],[126.45594,34.16739]]],[[[126.59472,34.17331],[126.59161,34.17493],[126.59595,34.17587],[126.59472,34.17331]]],[[[126.56017,34.17579],[126.56735,34.17228],[126.56563,34.17088],[126.55825,34.17165],[126.55768,34.17428],[126.56017,34.17579]]],[[[126.55036,34.17716],[126.5552,34.17442],[126.55547,34.16774],[126.57021,34.16955],[126.5721,34.16767],[126.57068,34.16617],[126.57265,34.16128],[126.57635,34.16796],[126.58344,34.16994],[126.59213,34.1668],[126.59773,34.16812],[126.60731,34.16452],[126.60995,34.16151],[126.62083,34.1646],[126.62065,34.15523],[126.6156,34.14856],[126.61414,34.15276],[126.61122,34.1533],[126.60319,34.16113],[126.60331,34.15029],[126.60554,34.14757],[126.60414,34.14598],[126.59804,34.15321],[126.59449,34.16143],[126.58968,34.16234],[126.58776,34.15685],[126.58304,34.15862],[126.57898,34.15746],[126.58017,34.15209],[126.57377,34.14937],[126.57629,34.14498],[126.56488,34.14341],[126.56379,34.13531],[126.559,34.13535],[126.54287,34.12558],[126.53584,34.12613],[126.52595,34.12166],[126.51919,34.12551],[126.51558,34.12209],[126.51189,34.12205],[126.51143,34.12593],[126.51441,34.12883],[126.5046,34.13865],[126.50932,34.14451],[126.50651,34.14747],[126.50432,34.14563],[126.5037,34.14841],[126.50916,34.15034],[126.50956,34.15297],[126.50891,34.156],[126.5045,34.1597],[126.51636,34.16566],[126.51633,34.17018],[126.5229,34.17118],[126.53186,34.17557],[126.53933,34.18195],[126.55036,34.17716]]],[[[127.07366,34.18474],[127.07178,34.18497],[127.07237,34.18648],[127.07862,34.18908],[127.07366,34.18474]]],[[[126.85004,34.19126],[126.84792,34.18838],[126.84377,34.19155],[126.85004,34.19126]]],[[[127.07048,34.18996],[127.0688,34.19156],[127.07429,34.19416],[127.0801,34.19304],[127.07048,34.18996]]],[[[126.48564,34.19112],[126.48625,34.18844],[126.47917,34.17721],[126.47731,34.18559],[126.47295,34.18705],[126.47147,34.19067],[126.48249,34.19266],[126.48564,34.19112]]],[[[126.62017,34.19391],[126.61725,34.19512],[126.62241,34.19639],[126.62017,34.19391]]],[[[126.65436,34.19836],[126.66085,34.19433],[126.66798,34.19392],[126.67031,34.1894],[126.6771,34.18771],[126.68471,34.18159],[126.68254,34.1774],[126.67902,34.17555],[126.66291,34.17439],[126.65599,34.17168],[126.65746,34.16397],[126.66062,34.16265],[126.66321,34.16461],[126.66842,34.16162],[126.66667,34.15829],[126.66952,34.15568],[126.66994,34.14762],[126.67882,34.15132],[126.68287,34.14849],[126.68028,34.1395],[126.67661,34.13908],[126.67669,34.14258],[126.67195,34.1452],[126.66888,34.14357],[126.6717,34.13948],[126.67241,34.131],[126.66633,34.12699],[126.66954,34.12103],[126.66304,34.11718],[126.66344,34.112],[126.65993,34.11099],[126.65843,34.11461],[126.65006,34.11502],[126.65319,34.1183],[126.65012,34.1216],[126.65242,34.12762],[126.64987,34.1303],[126.64448,34.13025],[126.63756,34.12249],[126.63556,34.12835],[126.63696,34.13111],[126.63117,34.13776],[126.63345,34.14234],[126.63083,34.14531],[126.62781,34.1456],[126.63044,34.1495],[126.63617,34.15043],[126.64058,34.16093],[126.65215,34.17009],[126.64743,34.17483],[126.64302,34.17531],[126.63542,34.17971],[126.63612,34.1814],[126.64035,34.18178],[126.64152,34.18422],[126.63628,34.18515],[126.63327,34.18806],[126.64294,34.18653],[126.64823,34.19251],[126.64553,34.19345],[126.6462,34.19814],[126.64986,34.19985],[126.65436,34.19836]]],[[[126.49547,34.19893],[126.49023,34.19604],[126.4871,34.19738],[126.49547,34.19893]]],[[[127.14844,34.20144],[127.1461,34.20078],[127.14394,34.20423],[127.14934,34.20345],[127.14844,34.20144]]],[[[126.84845,34.20621],[126.84858,34.2046],[126.85928,34.20291],[126.84475,34.20347],[126.84623,34.20606],[126.84845,34.20621]]],[[[126.51112,34.19945],[126.51618,34.20069],[126.5183,34.19878],[126.5106,34.19375],[126.51024,34.18712],[126.50674,34.18575],[126.5,34.18704],[126.4915,34.17657],[126.48547,34.17931],[126.48768,34.18245],[126.49438,34.18483],[126.49596,34.19301],[126.5024,34.19859],[126.50547,34.2049],[126.51112,34.19945]]],[[[126.5405,34.19792],[126.53797,34.20021],[126.53971,34.20408],[126.5429,34.20552],[126.54697,34.20013],[126.5405,34.19792]]],[[[127.17573,34.20528],[127.16848,34.20369],[127.16898,34.20199],[127.1674,34.20163],[127.15845,34.20502],[127.15676,34.2039],[127.15756,34.20194],[127.15068,34.20612],[127.15988,34.20885],[127.17491,34.20959],[127.17837,34.208],[127.17573,34.20528]]],[[[126.63455,34.20882],[126.63811,34.20729],[126.6386,34.20498],[126.6322,34.20454],[126.63077,34.20654],[126.63455,34.20882]]],[[[126.76971,34.19028],[126.76349,34.18768],[126.76154,34.17698],[126.74984,34.18713],[126.75304,34.19683],[126.75177,34.20165],[126.75493,34.20802],[126.76343,34.21152],[126.7679,34.20687],[126.7687,34.19941],[126.77162,34.19767],[126.76971,34.19028]]],[[[126.89039,34.21741],[126.89213,34.21667],[126.89198,34.21355],[126.8969,34.21209],[126.90059,34.21163],[126.90676,34.21428],[126.91043,34.21269],[126.91183,34.20627],[126.90453,34.20407],[126.90362,34.20201],[126.91174,34.19457],[126.91139,34.18761],[126.90733,34.18454],[126.90834,34.18334],[126.91146,34.18296],[126.92484,34.19099],[126.92847,34.18957],[126.92088,34.18549],[126.9248,34.17509],[126.91977,34.16914],[126.91789,34.15827],[126.91494,34.15361],[126.90934,34.15318],[126.90865,34.15135],[126.90594,34.15217],[126.90482,34.1548],[126.89489,34.15452],[126.88128,34.14972],[126.87844,34.15173],[126.88147,34.15357],[126.88124,34.15522],[126.87316,34.15987],[126.87072,34.16577],[126.86491,34.16585],[126.85946,34.16153],[126.86044,34.15678],[126.85646,34.15052],[126.85229,34.16129],[126.84836,34.16282],[126.85075,34.16599],[126.85511,34.16615],[126.85952,34.1706],[126.85542,34.17318],[126.85105,34.16881],[126.84705,34.17415],[126.85317,34.17905],[126.85507,34.17804],[126.85419,34.1763],[126.85756,34.17773],[126.85754,34.18024],[126.85414,34.18151],[126.85293,34.18556],[126.86147,34.19454],[126.86126,34.19834],[126.85729,34.19929],[126.87105,34.20403],[126.87342,34.20693],[126.87325,34.21038],[126.87617,34.2131],[126.884,34.21281],[126.88387,34.21636],[126.89039,34.21741]]],[[[126.98996,34.21597],[126.98853,34.21812],[126.99038,34.21983],[126.99185,34.21676],[126.98996,34.21597]]],[[[126.51517,34.20994],[126.51492,34.20867],[126.50859,34.20922],[126.51092,34.20941],[126.51553,34.21705],[126.51371,34.2119],[126.51517,34.20994]]],[[[127.19845,34.22389],[127.20084,34.21897],[127.1978,34.21679],[127.19415,34.21731],[127.19442,34.22135],[127.19845,34.22389]]],[[[127.00984,34.22445],[127.01379,34.22329],[127.00768,34.21994],[127.00346,34.22264],[127.0052,34.2244],[127.00984,34.22445]]],[[[126.77384,34.22197],[126.77006,34.22435],[126.76938,34.2296],[126.7786,34.22663],[126.77711,34.22289],[126.77384,34.22197]]],[[[126.3818,34.22773],[126.38497,34.22659],[126.3836,34.22451],[126.381,34.22487],[126.3818,34.22773]]],[[[126.40512,34.22437],[126.40426,34.22573],[126.40864,34.22839],[126.40512,34.22437]]],[[[126.56791,34.23381],[126.56535,34.22995],[126.57044,34.22727],[126.57253,34.22246],[126.57426,34.22217],[126.57545,34.22671],[126.57914,34.22826],[126.58899,34.22272],[126.59516,34.22698],[126.60664,34.22445],[126.60758,34.21915],[126.61517,34.21564],[126.6172,34.20927],[126.62374,34.2065],[126.62486,34.2026],[126.62189,34.19995],[126.61076,34.19639],[126.60628,34.20074],[126.60285,34.19971],[126.60613,34.19479],[126.61147,34.19206],[126.61644,34.18319],[126.61279,34.18112],[126.60093,34.18191],[126.59644,34.18357],[126.59968,34.1891],[126.59835,34.19085],[126.58673,34.19101],[126.58368,34.18096],[126.59077,34.17368],[126.5877,34.17272],[126.56127,34.17888],[126.56126,34.18552],[126.56397,34.18732],[126.56236,34.18914],[126.55754,34.19047],[126.54844,34.18929],[126.54699,34.1927],[126.5566,34.19495],[126.55511,34.20015],[126.55861,34.20286],[126.55292,34.20447],[126.55334,34.20612],[126.55992,34.20624],[126.56224,34.2112],[126.56488,34.21189],[126.55955,34.21498],[126.557,34.21039],[126.55455,34.21194],[126.55755,34.21615],[126.55655,34.2182],[126.56539,34.21802],[126.56735,34.22345],[126.56444,34.22667],[126.56128,34.22558],[126.56092,34.22959],[126.56286,34.23169],[126.5617,34.23295],[126.55771,34.23067],[126.55316,34.23349],[126.56324,34.23534],[126.56791,34.23381]]],[[[126.42245,34.22795],[126.42257,34.22447],[126.41812,34.22313],[126.42116,34.22881],[126.41839,34.23418],[126.41875,34.23812],[126.42245,34.22795]]],[[[126.5651,34.24605],[126.56904,34.24561],[126.56593,34.24148],[126.56122,34.24799],[126.56313,34.24869],[126.5651,34.24605]]],[[[126.61735,34.24969],[126.62103,34.24703],[126.62568,34.23784],[126.61767,34.23852],[126.61305,34.23308],[126.60869,34.23746],[126.60072,34.23264],[126.59308,34.23504],[126.59428,34.24223],[126.59849,34.24602],[126.60073,34.24542],[126.59963,34.24262],[126.60192,34.24336],[126.60187,34.2473],[126.605,34.24934],[126.60727,34.24414],[126.60747,34.24857],[126.6093,34.24988],[126.61735,34.24969]]],[[[127.01899,34.2517],[127.01635,34.24995],[127.01977,34.24498],[127.01538,34.23983],[127.01259,34.24268],[127.01458,34.24499],[127.01429,34.24966],[127.0096,34.25224],[127.00856,34.25521],[127.01312,34.25772],[127.01899,34.2517]]],[[[126.4524,34.2605],[126.44617,34.26166],[126.45416,34.26417],[126.45602,34.26218],[126.4524,34.2605]]],[[[127.0057,34.26382],[127.00444,34.26744],[127.00654,34.26835],[127.0057,34.26382]]],[[[126.42682,34.26761],[126.42848,34.26543],[126.42347,34.26382],[126.42682,34.26761]]],[[[126.42565,34.2716],[126.4292,34.27051],[126.42449,34.27033],[126.42342,34.27166],[126.42565,34.2716]]],[[[126.45203,34.27058],[126.44978,34.2717],[126.45115,34.27416],[126.45442,34.27219],[126.45203,34.27058]]],[[[127.00678,34.28005],[127.00461,34.2803],[127.00439,34.28252],[127.00766,34.28133],[127.00678,34.28005]]],[[[127.15938,34.28134],[127.15568,34.28249],[127.15679,34.28461],[127.15938,34.28134]]],[[[126.56648,34.28184],[126.56977,34.28282],[126.57199,34.28121],[126.56995,34.27678],[126.55279,34.27362],[126.54475,34.27677],[126.5404,34.275],[126.53906,34.27838],[126.5415,34.2827],[126.55103,34.28061],[126.56316,34.28359],[126.56648,34.28184]]],[[[126.89814,34.28387],[126.89477,34.28612],[126.89635,34.28932],[126.90047,34.28754],[126.89814,34.28387]]],[[[126.86794,34.28197],[126.86408,34.28373],[126.86431,34.29017],[126.86568,34.28408],[126.86794,34.28197]]],[[[126.47809,34.28746],[126.47658,34.28379],[126.47222,34.28407],[126.46846,34.27723],[126.46583,34.2766],[126.4682,34.27876],[126.47066,34.28796],[126.47743,34.28986],[126.47809,34.28746]]],[[[126.60916,34.28135],[126.60591,34.28232],[126.60668,34.28839],[126.60934,34.29339],[126.61346,34.29282],[126.60916,34.28135]]],[[[126.83615,34.29819],[126.83298,34.29979],[126.8361,34.30207],[126.83615,34.29819]]],[[[126.86156,34.30362],[126.86301,34.3029],[126.86091,34.30138],[126.86156,34.30362]]],[[[127.13244,34.30126],[127.12446,34.29931],[127.12089,34.3027],[127.12756,34.30555],[127.13244,34.30126]]],[[[126.5085,34.29685],[126.50752,34.29941],[126.51129,34.30345],[126.5085,34.29685]]],[[[126.59006,34.2952],[126.59403,34.29215],[126.59058,34.28923],[126.58906,34.28962],[126.58999,34.2927],[126.58636,34.2944],[126.5769,34.28872],[126.57504,34.28959],[126.58084,34.29787],[126.59457,34.30477],[126.59107,34.30112],[126.59006,34.2952]]],[[[127.00056,34.30625],[126.998,34.30684],[127.00056,34.30844],[127.00056,34.30625]]],[[[127.08811,34.30865],[127.08597,34.30899],[127.08884,34.31134],[127.09003,34.3103],[127.08811,34.30865]]],[[[127.06272,34.30759],[127.0614,34.3096],[127.06241,34.31307],[127.06472,34.31019],[127.06272,34.30759]]],[[[127.10139,34.31316],[127.10313,34.31056],[127.1028,34.30424],[127.09933,34.3027],[127.09473,34.30395],[127.09468,34.30657],[127.09691,34.30627],[127.10051,34.30928],[127.10139,34.31316]]],[[[127.1267,34.31559],[127.13357,34.31481],[127.13612,34.31026],[127.13004,34.31081],[127.12455,34.3146],[127.1267,34.31559]]],[[[127.01184,34.32148],[127.01381,34.31948],[127.01164,34.3199],[127.01184,34.32148]]],[[[126.50215,34.31372],[126.50047,34.31604],[126.50401,34.31899],[126.50382,34.31464],[126.50215,34.31372]]],[[[127.08876,34.32014],[127.0811,34.32322],[127.07847,34.32887],[127.08518,34.33057],[127.08898,34.32957],[127.08806,34.32793],[127.09146,34.32362],[127.08876,34.32014]]],[[[126.90596,34.32813],[126.90796,34.32674],[126.90659,34.32594],[126.90354,34.32854],[126.9035,34.33171],[126.90596,34.32813]]],[[[127.07997,34.33579],[127.08154,34.33428],[127.07874,34.33361],[127.07997,34.33579]]],[[[127.02982,34.33965],[127.02621,34.33649],[127.01788,34.33893],[127.02982,34.33965]]],[[[126.91378,34.33943],[126.91318,34.33709],[126.90848,34.33826],[126.91378,34.33943]]],[[[126.99187,34.33586],[126.99548,34.33772],[126.99712,34.3336],[126.99865,34.33448],[126.99759,34.33838],[127.00323,34.33783],[127.00839,34.3322],[127.0138,34.33032],[127.01622,34.32372],[127.00523,34.32152],[127.0033,34.31425],[126.99242,34.31178],[126.98958,34.30827],[126.99249,34.30538],[126.98727,34.30782],[126.97825,34.30637],[126.97338,34.30094],[126.96988,34.30352],[126.96912,34.3087],[126.96645,34.31151],[126.96157,34.31119],[126.96091,34.30791],[126.95727,34.31547],[126.95864,34.32013],[126.95734,34.32723],[126.95967,34.32999],[126.96861,34.33724],[126.97956,34.3407],[126.9827,34.34097],[126.99187,34.33586]]],[[[126.79421,34.35317],[126.79534,34.35202],[126.79179,34.35181],[126.79421,34.35317]]],[[[126.83929,34.31239],[126.84006,34.31368],[126.83559,34.31683],[126.83313,34.32341],[126.8288,34.32575],[126.80485,34.32627],[126.79811,34.32301],[126.79401,34.31537],[126.79073,34.31804],[126.79052,34.32177],[126.78017,34.32807],[126.77241,34.32851],[126.76202,34.33325],[126.75647,34.33247],[126.75168,34.33532],[126.75849,34.33599],[126.75816,34.33747],[126.76214,34.33838],[126.77806,34.3323],[126.78689,34.3461],[126.79234,34.34376],[126.80167,34.33364],[126.81573,34.33643],[126.82045,34.33925],[126.81793,34.3417],[126.81865,34.34763],[126.83481,34.35869],[126.84796,34.34428],[126.85609,34.35129],[126.85646,34.3452],[126.85882,34.34382],[126.86568,34.34951],[126.87203,34.34933],[126.87627,34.34654],[126.87839,34.33827],[126.88065,34.33634],[126.89169,34.3437],[126.89641,34.34489],[126.89925,34.34218],[126.89692,34.33968],[126.89716,34.33259],[126.89293,34.33025],[126.8883,34.33434],[126.88314,34.33261],[126.88034,34.32938],[126.87937,34.32622],[126.88419,34.3223],[126.88624,34.32264],[126.88511,34.31746],[126.88159,34.31426],[126.88255,34.31086],[126.87183,34.30959],[126.87481,34.31368],[126.87022,34.3213],[126.86586,34.32234],[126.86185,34.31962],[126.86652,34.31376],[126.86334,34.31414],[126.85632,34.31053],[126.85493,34.30669],[126.84207,34.29895],[126.8368,34.30611],[126.84025,34.31014],[126.83929,34.31239]]],[[[127.10042,34.35722],[127.09839,34.35926],[127.10151,34.35982],[127.10042,34.35722]]],[[[127.05968,34.35636],[127.0553,34.35789],[127.05505,34.36075],[127.05787,34.36161],[127.06119,34.35724],[127.05968,34.35636]]],[[[126.73664,34.35767],[126.7344,34.35853],[126.73654,34.36171],[126.73881,34.35868],[126.73664,34.35767]]],[[[127.0299,34.33968],[127.03246,34.34104],[127.03241,34.3444],[127.02511,34.35011],[127.02161,34.35021],[127.01944,34.35332],[127.01285,34.35552],[127.01031,34.35381],[127.01158,34.35149],[127.00731,34.34931],[126.98576,34.35915],[126.98927,34.36174],[126.99612,34.35654],[126.99767,34.35826],[127.00697,34.35697],[127.01145,34.36387],[127.00774,34.36666],[127.01079,34.36891],[127.01464,34.36605],[127.01714,34.36866],[127.01174,34.37286],[127.01404,34.37727],[127.02125,34.37663],[127.02868,34.37243],[127.02989,34.38085],[127.03231,34.37831],[127.03217,34.3747],[127.03644,34.37355],[127.04028,34.36801],[127.04515,34.36821],[127.04503,34.36552],[127.04181,34.36276],[127.04536,34.35958],[127.04273,34.35709],[127.04492,34.35107],[127.05936,34.35381],[127.06619,34.36062],[127.06877,34.35966],[127.07613,34.36158],[127.07601,34.35796],[127.08552,34.35731],[127.08241,34.35363],[127.08284,34.35108],[127.08884,34.34938],[127.0906,34.34439],[127.101,34.33805],[127.09389,34.33557],[127.08993,34.33724],[127.08665,34.3432],[127.07324,34.34466],[127.0676,34.34736],[127.06201,34.34068],[127.06847,34.33792],[127.07101,34.33963],[127.0786,34.33741],[127.07715,34.33242],[127.07476,34.33097],[127.07433,34.33282],[127.06942,34.33431],[127.0563,34.33005],[127.05452,34.3283],[127.05594,34.32334],[127.05049,34.32461],[127.0426,34.31666],[127.04394,34.31357],[127.04212,34.30834],[127.03871,34.31145],[127.03679,34.32542],[127.05084,34.32863],[127.05396,34.33446],[127.0535,34.33724],[127.05083,34.34095],[127.04189,34.34119],[127.03701,34.33974],[127.03553,34.33317],[127.03308,34.3317],[127.02888,34.33332],[127.03264,34.33768],[127.0299,34.33968]]],[[[127.02757,34.38048],[127.02381,34.38044],[127.02354,34.38425],[127.02664,34.38445],[127.02873,34.38108],[127.02757,34.38048]]],[[[126.85554,34.38644],[126.85437,34.38806],[126.85584,34.38881],[126.85554,34.38644]]],[[[127.09372,34.39191],[127.09357,34.38776],[127.09569,34.38564],[127.09171,34.38548],[127.08796,34.38174],[127.08896,34.37984],[127.09129,34.38048],[127.0911,34.37732],[127.08771,34.37927],[127.08237,34.37507],[127.08011,34.37648],[127.07608,34.37403],[127.07249,34.37522],[127.06886,34.37121],[127.06833,34.37369],[127.07896,34.38231],[127.07742,34.384],[127.07351,34.3833],[127.07265,34.38538],[127.09372,34.39191]]],[[[127.052,34.38994],[127.0509,34.38586],[127.04829,34.38503],[127.03382,34.38778],[127.03403,34.39131],[127.0456,34.39565],[127.05143,34.39225],[127.052,34.38994]]],[[[126.9853,34.39474],[126.98298,34.39513],[126.98335,34.39684],[126.98625,34.39598],[126.9853,34.39474]]],[[[126.63127,34.39997],[126.64242,34.39766],[126.64452,34.39901],[126.64255,34.39191],[126.63968,34.38887],[126.63604,34.38792],[126.64003,34.39159],[126.63847,34.39401],[126.62726,34.39488],[126.62631,34.39895],[126.62397,34.40052],[126.62591,34.40173],[126.63127,34.39997]]],[[[126.69443,34.39847],[126.70142,34.39841],[126.7099,34.39419],[126.71418,34.38765],[126.72,34.38736],[126.71958,34.38439],[126.72481,34.38345],[126.72917,34.38001],[126.73337,34.36772],[126.7296,34.36199],[126.73239,34.35845],[126.73172,34.35136],[126.73798,34.34873],[126.73944,34.34429],[126.73569,34.34291],[126.74071,34.33615],[126.74341,34.33666],[126.74384,34.33318],[126.75064,34.32635],[126.74842,34.32132],[126.75417,34.31576],[126.75865,34.3154],[126.76368,34.31816],[126.76852,34.31685],[126.77165,34.31121],[126.76746,34.30516],[126.76239,34.30367],[126.76161,34.30037],[126.76314,34.29764],[126.76608,34.298],[126.77057,34.29504],[126.77772,34.28757],[126.77135,34.28698],[126.76672,34.29088],[126.76018,34.2927],[126.7577,34.29047],[126.74821,34.29153],[126.74098,34.29574],[126.7404,34.29723],[126.74326,34.29631],[126.74316,34.29829],[126.73593,34.30155],[126.735,34.30261],[126.7367,34.30331],[126.73447,34.30467],[126.73191,34.30149],[126.73797,34.28664],[126.73177,34.28703],[126.71733,34.29706],[126.70268,34.29724],[126.69479,34.2925],[126.68823,34.29697],[126.68607,34.30172],[126.679,34.30418],[126.68267,34.30674],[126.67619,34.31614],[126.67027,34.31605],[126.66946,34.3232],[126.65774,34.32846],[126.65322,34.32665],[126.65514,34.32915],[126.65335,34.33133],[126.64954,34.32769],[126.64556,34.32813],[126.64911,34.3339],[126.64748,34.3385],[126.64476,34.34018],[126.64501,34.35298],[126.64137,34.36174],[126.64151,34.36435],[126.64576,34.36735],[126.6421,34.37124],[126.63898,34.38214],[126.64608,34.38767],[126.64859,34.39408],[126.65757,34.39374],[126.66446,34.39693],[126.66522,34.39915],[126.66711,34.39563],[126.6711,34.39626],[126.67099,34.40128],[126.67648,34.3995],[126.68641,34.40243],[126.69006,34.39857],[126.69391,34.39721],[126.69443,34.39847]]],[[[126.73897,34.39872],[126.74339,34.40166],[126.74511,34.39967],[126.74403,34.39664],[126.73988,34.39711],[126.74275,34.39039],[126.73568,34.39393],[126.73318,34.40295],[126.73535,34.40321],[126.73897,34.39872]]],[[[127.03463,34.40774],[127.03629,34.40106],[127.03404,34.40403],[127.03113,34.40333],[127.03333,34.4083],[127.03463,34.40774]]],[[[126.91326,34.40771],[126.90927,34.40522],[126.90891,34.40721],[126.91326,34.40771]]],[[[126.94316,34.39295],[126.94162,34.38614],[126.93499,34.38366],[126.94774,34.3774],[126.94923,34.37325],[126.94789,34.36777],[126.93833,34.36605],[126.93412,34.36954],[126.92875,34.37036],[126.92358,34.3664],[126.92406,34.36051],[126.91744,34.35582],[126.91301,34.35587],[126.91127,34.35889],[126.90802,34.35839],[126.90893,34.35379],[126.90743,34.35347],[126.89444,34.36026],[126.88908,34.35865],[126.8868,34.36278],[126.88852,34.36532],[126.86991,34.3683],[126.8637,34.37338],[126.86593,34.38513],[126.87198,34.39376],[126.87199,34.39759],[126.8711,34.40069],[126.86175,34.40671],[126.86439,34.41083],[126.86665,34.41124],[126.87409,34.40702],[126.87078,34.40502],[126.87108,34.40191],[126.87775,34.39942],[126.88111,34.40192],[126.88205,34.40702],[126.89391,34.3959],[126.89668,34.39734],[126.89391,34.40104],[126.89595,34.40427],[126.89813,34.40252],[126.8976,34.39863],[126.90007,34.39785],[126.90257,34.3983],[126.90401,34.40236],[126.90821,34.40227],[126.90613,34.39995],[126.91254,34.3958],[126.912,34.39183],[126.91639,34.39141],[126.92092,34.39474],[126.92251,34.39186],[126.93073,34.39064],[126.93497,34.39175],[126.93554,34.39513],[126.94299,34.40278],[126.94336,34.41291],[126.94777,34.41023],[126.95113,34.40384],[126.94316,34.39295]]],[[[127.11749,34.41404],[127.11906,34.41087],[127.11584,34.40697],[127.11591,34.41412],[127.11749,34.41404]]],[[[126.95335,34.41607],[126.95446,34.41213],[126.95203,34.41026],[126.94952,34.41351],[126.95335,34.41607]]],[[[126.86217,34.41593],[126.86448,34.41449],[126.86141,34.41231],[126.86217,34.41593]]],[[[126.71309,34.41631],[126.71667,34.4166],[126.72498,34.41276],[126.72681,34.40635],[126.7188,34.40864],[126.71541,34.41336],[126.70249,34.41168],[126.70025,34.41356],[126.70188,34.41538],[126.71078,34.41818],[126.71309,34.41631]]],[[[126.69269,34.4217],[126.69451,34.42032],[126.69181,34.42029],[126.69269,34.4217]]],[[[126.68686,34.42301],[126.68994,34.42193],[126.68919,34.41992],[126.68453,34.41978],[126.68686,34.42301]]],[[[126.86003,34.41945],[126.85685,34.41944],[126.85598,34.42472],[126.86189,34.42204],[126.86227,34.42039],[126.86003,34.41945]]],[[[127.08582,34.41695],[127.08347,34.41428],[127.07824,34.41463],[127.07919,34.41135],[127.08188,34.41101],[127.08253,34.40645],[127.07771,34.41011],[127.07621,34.41485],[127.07911,34.41779],[127.07865,34.42654],[127.08357,34.42475],[127.08582,34.41695]]],[[[126.87376,34.42765],[126.87753,34.41364],[126.87428,34.41932],[126.86912,34.42168],[126.87376,34.42765]]],[[[126.85568,34.42924],[126.85733,34.42565],[126.85462,34.42533],[126.85104,34.42978],[126.85303,34.43161],[126.85568,34.42924]]],[[[127.00775,34.43901],[127.01215,34.43564],[127.00617,34.4367],[127.00775,34.43901]]],[[[126.83319,34.43708],[126.83434,34.43136],[126.83748,34.4321],[126.83854,34.43447],[126.84504,34.43061],[126.84556,34.4282],[126.84168,34.42324],[126.84351,34.42061],[126.8344,34.4204],[126.82762,34.42252],[126.8241,34.42137],[126.82405,34.41928],[126.83438,34.41535],[126.84015,34.41059],[126.84511,34.41345],[126.84626,34.41758],[126.85016,34.41826],[126.85326,34.41295],[126.84776,34.40856],[126.8487,34.40654],[126.85729,34.40815],[126.85984,34.39859],[126.85885,34.39655],[126.86419,34.39648],[126.86565,34.38983],[126.85495,34.39251],[126.8503,34.38942],[126.84714,34.39014],[126.8334,34.38423],[126.83018,34.37808],[126.82335,34.387],[126.81892,34.38219],[126.8047,34.38552],[126.7933,34.38233],[126.78517,34.37039],[126.78041,34.36902],[126.78188,34.36261],[126.77633,34.35734],[126.78076,34.35309],[126.77841,34.35242],[126.77156,34.3576],[126.76768,34.35741],[126.76567,34.35969],[126.76658,34.36356],[126.77167,34.37305],[126.7755,34.37529],[126.77938,34.38195],[126.75666,34.38339],[126.74977,34.3801],[126.75556,34.38649],[126.75567,34.39036],[126.75815,34.39362],[126.7682,34.39893],[126.76371,34.40527],[126.76387,34.40877],[126.77003,34.41296],[126.77493,34.42261],[126.78881,34.43284],[126.80063,34.4314],[126.81276,34.4348],[126.81687,34.43372],[126.81505,34.43551],[126.81933,34.43862],[126.82749,34.44005],[126.83438,34.44372],[126.83319,34.43708]]],[[[127.0224,34.44691],[127.01996,34.44889],[127.0208,34.45048],[127.02455,34.44849],[127.0224,34.44691]]],[[[127.04334,34.45987],[127.04759,34.45839],[127.0474,34.45605],[127.05173,34.45111],[127.05258,34.45373],[127.05909,34.45322],[127.05419,34.45699],[127.05481,34.4585],[127.06476,34.45161],[127.0698,34.43922],[127.06835,34.43672],[127.06978,34.43381],[127.07094,34.43567],[127.07264,34.43374],[127.07471,34.42911],[127.07581,34.4235],[127.06611,34.42114],[127.06774,34.41825],[127.07282,34.41655],[127.07041,34.41662],[127.07204,34.41486],[127.0682,34.4116],[127.06603,34.41574],[127.06658,34.40576],[127.06203,34.40172],[127.06184,34.40885],[127.058,34.41798],[127.06003,34.41932],[127.06134,34.42583],[127.05162,34.42979],[127.0487,34.42642],[127.05189,34.4244],[127.05263,34.42146],[127.05001,34.42145],[127.04922,34.41953],[127.05247,34.4169],[127.05145,34.41501],[127.04871,34.41622],[127.04668,34.41501],[127.04675,34.41803],[127.04176,34.42131],[127.0403,34.42141],[127.04125,34.41991],[127.03867,34.42105],[127.03698,34.42396],[127.03807,34.43617],[127.03523,34.43859],[127.0361,34.4436],[127.0342,34.44962],[127.02537,34.45094],[127.0223,34.45495],[127.03416,34.45564],[127.04334,34.45987]]]]}},{"type":"Feature","properties":{"code":"36470","name":"진도군","slug":"jindo-gun","wide":"jeonnam","center":[126.24832,34.43862]},"geometry":{"type":"MultiPolygon","coordinates":[[[[125.93974,34.16186],[125.94273,34.15106],[125.94778,34.14696],[125.94795,34.14353],[125.94512,34.14072],[125.94134,34.14639],[125.94194,34.15072],[125.93627,34.15662],[125.93974,34.16186]]],[[[125.86262,34.19668],[125.86084,34.1935],[125.85469,34.19671],[125.85828,34.19877],[125.86262,34.19668]]],[[[125.85278,34.21619],[125.85763,34.21737],[125.86417,34.20685],[125.85932,34.20575],[125.84765,34.2137],[125.84763,34.21774],[125.85278,34.21619]]],[[[125.85938,34.2211],[125.86216,34.21945],[125.85945,34.21888],[125.85938,34.2211]]],[[[126.16209,34.22139],[126.16024,34.22402],[126.16509,34.2249],[126.16506,34.22218],[126.16209,34.22139]]],[[[126.15303,34.22281],[126.1487,34.2267],[126.15135,34.22671],[126.15303,34.22281]]],[[[125.84558,34.21885],[125.8413,34.22024],[125.84432,34.22145],[125.84053,34.22668],[125.84947,34.22459],[125.84558,34.21885]]],[[[125.99077,34.22777],[125.98869,34.22931],[125.99166,34.23013],[125.99077,34.22777]]],[[[126.07729,34.23097],[126.07273,34.23291],[126.07417,34.23667],[126.07712,34.23565],[126.07729,34.23097]]],[[[125.9621,34.23919],[125.9634,34.23646],[125.96093,34.23725],[125.9621,34.23919]]],[[[126.33234,34.24863],[126.32904,34.25046],[126.33051,34.25114],[126.33234,34.24863]]],[[[125.9388,34.24682],[125.94184,34.24427],[125.93905,34.24039],[125.93999,34.23849],[125.94814,34.24554],[125.95418,34.24452],[125.95514,34.24031],[125.94791,34.2367],[125.94366,34.23122],[125.93555,34.22888],[125.93298,34.2336],[125.93017,34.23006],[125.9278,34.2304],[125.92721,34.23205],[125.92936,34.2331],[125.92572,34.23746],[125.93167,34.23798],[125.92941,34.23922],[125.93199,34.24307],[125.9364,34.24452],[125.93491,34.24651],[125.9388,34.24682]]],[[[125.91259,34.24091],[125.90937,34.24336],[125.90963,34.24708],[125.91455,34.24483],[125.91259,34.24091]]],[[[126.08734,34.24897],[126.09039,34.24776],[126.08675,34.2438],[126.07972,34.24266],[126.07519,34.24629],[126.07769,34.24847],[126.08734,34.24897]]],[[[125.92541,34.24542],[125.92282,34.24945],[125.92693,34.25126],[125.92819,34.24907],[125.92541,34.24542]]],[[[126.05911,34.24912],[126.06268,34.24988],[126.0634,34.2434],[126.0688,34.23984],[126.06774,34.23746],[126.06566,34.24004],[126.06054,34.23813],[126.06071,34.2318],[126.05654,34.23064],[126.05783,34.22478],[126.04294,34.23209],[126.04001,34.23007],[126.04073,34.22704],[126.03696,34.2216],[126.03383,34.22602],[126.03409,34.23123],[126.02386,34.23114],[126.02613,34.2387],[126.03111,34.23586],[126.03747,34.23935],[126.04171,34.23619],[126.04879,34.24014],[126.05273,34.24902],[126.04877,34.25425],[126.05081,34.25479],[126.05407,34.25011],[126.05911,34.24912]]],[[[125.92386,34.25456],[125.92665,34.25427],[125.92704,34.25128],[125.92148,34.25294],[125.92386,34.25456]]],[[[126.17737,34.23618],[126.17091,34.23977],[126.17489,34.24235],[126.17624,34.25336],[126.18252,34.2628],[126.18633,34.25854],[126.18705,34.25457],[126.18102,34.24824],[126.17726,34.24078],[126.18013,34.23709],[126.17737,34.23618]]],[[[126.04942,34.25619],[126.04806,34.2582],[126.04939,34.26164],[126.05512,34.25856],[126.04942,34.25619]]],[[[126.17401,34.26437],[126.17772,34.26135],[126.17375,34.26234],[126.17247,34.26391],[126.17401,34.26437]]],[[[125.92432,34.26175],[125.92552,34.2558],[125.92125,34.25716],[125.91931,34.25498],[125.91874,34.24881],[125.91609,34.24791],[125.91783,34.25123],[125.91684,34.25414],[125.914,34.2491],[125.90936,34.25104],[125.91084,34.24864],[125.90884,34.24632],[125.89729,34.24598],[125.89844,34.25287],[125.90357,34.25697],[125.92432,34.26175]]],[[[126.01054,34.26413],[126.01316,34.26284],[126.01169,34.26187],[126.01054,34.26413]]],[[[126.14446,34.26631],[126.15083,34.26588],[126.15178,34.26124],[126.1562,34.25834],[126.15029,34.26013],[126.14446,34.26631]]],[[[126.10136,34.26688],[126.10913,34.26771],[126.11147,34.26113],[126.10043,34.26296],[126.09665,34.27017],[126.09819,34.27073],[126.10136,34.26688]]],[[[126.05586,34.26937],[126.05336,34.27183],[126.05622,34.27193],[126.05586,34.26937]]],[[[125.99096,34.27914],[125.99653,34.27318],[125.9932,34.26428],[126.00065,34.26443],[126.00426,34.26868],[126.00936,34.26542],[126.00937,34.26415],[126.00636,34.26558],[126.00412,34.26448],[125.99879,34.26009],[125.999,34.25758],[126.0021,34.2569],[126.00306,34.25195],[126.00067,34.2543],[125.99465,34.25547],[125.99379,34.26073],[125.98784,34.26314],[125.98972,34.26576],[125.98958,34.27044],[125.98748,34.27062],[125.98611,34.26735],[125.98368,34.26751],[125.98232,34.26378],[125.97845,34.2674],[125.9782,34.27584],[125.98234,34.27583],[125.98621,34.27858],[125.98878,34.27707],[125.99096,34.27914]]],[[[126.34684,34.2864],[126.35054,34.28595],[126.35193,34.28359],[126.34747,34.28463],[126.34684,34.2864]]],[[[125.99741,34.2904],[126.00187,34.28958],[126.0006,34.28772],[125.99184,34.2876],[125.99427,34.29259],[125.99741,34.2904]]],[[[125.97863,34.30221],[125.98406,34.30028],[125.98463,34.29643],[125.98067,34.29565],[125.97457,34.29684],[125.97023,34.30113],[125.97217,34.30424],[125.97863,34.30221]]],[[[126.01327,34.30704],[126.01377,34.30527],[126.01172,34.30464],[126.01327,34.30704]]],[[[125.94813,34.30611],[125.94423,34.30432],[125.94268,34.31099],[125.94478,34.31187],[125.94813,34.30611]]],[[[125.96352,34.31541],[125.96447,34.31034],[125.95285,34.30772],[125.95117,34.30965],[125.96352,34.31541]]],[[[126.01676,34.31598],[126.01886,34.30985],[126.01117,34.31167],[126.00536,34.30558],[126.0059,34.31271],[125.99744,34.31387],[125.99879,34.31712],[126.00443,34.31542],[126.01618,34.31784],[126.01676,34.31598]]],[[[126.04236,34.31646],[126.04605,34.30885],[126.05381,34.30416],[126.08062,34.30764],[126.08842,34.31115],[126.08604,34.29882],[126.08762,34.29233],[126.09259,34.28903],[126.09025,34.28417],[126.09533,34.27543],[126.08765,34.28122],[126.08449,34.27984],[126.07787,34.2847],[126.07161,34.28143],[126.06746,34.27368],[126.0623,34.27842],[126.06589,34.2868],[126.06449,34.28948],[126.06048,34.28907],[126.06015,34.28545],[126.05651,34.28851],[126.05252,34.28714],[126.05873,34.27816],[126.05831,34.27591],[126.05513,34.27423],[126.04866,34.28379],[126.04467,34.28166],[126.03817,34.28575],[126.03356,34.28267],[126.0232,34.28552],[126.02317,34.28723],[126.02765,34.29007],[126.02628,34.29351],[126.02393,34.29546],[126.01612,34.29157],[126.01617,34.29565],[126.02171,34.3022],[126.02415,34.30241],[126.02551,34.29911],[126.03232,34.30428],[126.03228,34.30733],[126.02285,34.30949],[126.02364,34.31191],[126.02597,34.31296],[126.03023,34.30981],[126.03519,34.31251],[126.03,34.31695],[126.03879,34.31899],[126.04236,34.31646]]],[[[125.97414,34.32153],[125.98013,34.31464],[125.9773,34.31054],[125.9724,34.30826],[125.96752,34.30956],[125.96993,34.31349],[125.96749,34.31887],[125.96848,34.32091],[125.97414,34.32153]]],[[[126.29425,34.32576],[126.30284,34.32209],[126.2986,34.3209],[126.29382,34.32378],[126.29425,34.32576]]],[[[126.02465,34.32097],[126.02567,34.32432],[126.02736,34.32419],[126.02465,34.32097]]],[[[126.12443,34.32554],[126.12013,34.32928],[126.12359,34.32981],[126.12443,34.32554]]],[[[126.15576,34.3267],[126.15172,34.32728],[126.14973,34.33023],[126.15663,34.32861],[126.15766,34.32757],[126.15576,34.3267]]],[[[125.97985,34.3294],[125.97995,34.32532],[125.97745,34.32358],[125.97504,34.3245],[125.97721,34.33088],[125.97985,34.3294]]],[[[126.29855,34.33292],[126.30025,34.32883],[126.30387,34.32831],[126.30379,34.3269],[126.29648,34.32878],[126.29669,34.33442],[126.29775,34.33531],[126.29855,34.33292]]],[[[125.99304,34.33669],[125.99141,34.3389],[125.9963,34.33765],[125.99304,34.33669]]],[[[126.02671,34.34284],[126.03309,34.33791],[126.05342,34.33175],[126.06058,34.32104],[126.05727,34.31933],[126.05155,34.32395],[126.03797,34.32247],[126.03828,34.32493],[126.04574,34.32252],[126.04662,34.32382],[126.0369,34.33042],[126.03377,34.32456],[126.03091,34.32791],[126.0236,34.33058],[126.019,34.32219],[126.01043,34.32146],[125.99677,34.32469],[125.99476,34.32737],[125.99429,34.33353],[125.99541,34.33534],[125.99844,34.33519],[125.99656,34.33862],[125.99889,34.33943],[126.00788,34.33389],[126.01294,34.33383],[126.01384,34.33598],[126.01204,34.33922],[126.0178,34.34026],[126.02155,34.33723],[126.02671,34.34284]]],[[[125.97308,34.34588],[125.97633,34.34375],[125.97201,34.34395],[125.97308,34.34588]]],[[[126.2131,34.34582],[126.21327,34.35009],[126.21546,34.34842],[126.2131,34.34582]]],[[[126.11287,34.34259],[126.10717,34.33794],[126.10996,34.34268],[126.10751,34.34462],[126.10915,34.35015],[126.11123,34.34892],[126.11287,34.34259]]],[[[125.98723,34.35347],[125.98867,34.34812],[125.98245,34.35176],[125.98348,34.35352],[125.98723,34.35347]]],[[[125.95792,34.35052],[125.95742,34.34496],[125.94997,34.34452],[125.94848,34.34144],[125.94606,34.34357],[125.95197,34.35371],[125.95792,34.35052]]],[[[126.12317,34.35459],[126.12247,34.3557],[126.1256,34.35683],[126.12317,34.35459]]],[[[126.01481,34.36032],[126.02209,34.35655],[126.02633,34.34344],[126.02112,34.34205],[126.01439,34.34422],[126.01337,34.34865],[126.02149,34.35048],[126.01468,34.35376],[126.01275,34.35678],[126.01306,34.3602],[126.01481,34.36032]]],[[[126.12481,34.36653],[126.12498,34.36457],[126.1228,34.36466],[126.12481,34.36653]]],[[[126.0435,34.37407],[126.0417,34.37832],[126.04436,34.37524],[126.0435,34.37407]]],[[[125.94535,34.37828],[125.94075,34.37217],[125.94149,34.36439],[125.93483,34.36591],[125.93339,34.37128],[125.93772,34.37485],[125.93599,34.37674],[125.93928,34.37948],[125.94535,34.37828]]],[[[125.97103,34.37906],[125.973,34.37243],[125.96937,34.36675],[125.96194,34.3632],[125.96043,34.3656],[125.96365,34.3722],[125.96227,34.3754],[125.96452,34.37693],[125.97085,34.37561],[125.96439,34.38079],[125.97103,34.37906]]],[[[126.03808,34.3828],[126.04116,34.38274],[126.04056,34.38007],[126.03808,34.3828]]],[[[126.34608,34.3873],[126.34623,34.38541],[126.34357,34.38591],[126.34608,34.3873]]],[[[126.00546,34.37809],[126.00618,34.37523],[126.00433,34.37392],[126.0022,34.37652],[126.00486,34.38396],[126.00546,34.37809]]],[[[126.32779,34.38435],[126.32966,34.38892],[126.33037,34.38638],[126.32779,34.38435]]],[[[126.01553,34.38596],[126.01784,34.38309],[126.01527,34.384],[126.01553,34.38596]]],[[[126.32591,34.39325],[126.32742,34.3917],[126.32542,34.38996],[126.32591,34.39325]]],[[[126.31369,34.39437],[126.31274,34.39676],[126.31508,34.39615],[126.31369,34.39437]]],[[[126.35063,34.39999],[126.35108,34.39795],[126.34895,34.39969],[126.34924,34.40214],[126.35063,34.39999]]],[[[126.04051,34.39344],[126.0354,34.3945],[126.03427,34.40059],[126.03901,34.39879],[126.04051,34.39344]]],[[[126.00969,34.4043],[126.01437,34.40026],[126.01164,34.39605],[126.00751,34.39888],[126.00969,34.4043]]],[[[126.05095,34.39712],[126.05447,34.39281],[126.04273,34.3965],[126.03884,34.40306],[126.04009,34.40691],[126.04741,34.40415],[126.05081,34.40063],[126.05095,34.39712]]],[[[126.35237,34.40284],[126.35059,34.40433],[126.35389,34.41017],[126.35846,34.41209],[126.35734,34.40724],[126.35237,34.40284]]],[[[126.37198,34.40849],[126.36504,34.41014],[126.36394,34.41543],[126.36574,34.41714],[126.37005,34.41647],[126.37377,34.41304],[126.37198,34.40849]]],[[[126.00545,34.42459],[126.00382,34.42569],[126.00824,34.42743],[126.00545,34.42459]]],[[[125.98307,34.42763],[125.98963,34.42479],[125.99112,34.42129],[125.98731,34.42207],[125.98307,34.42763]]],[[[126.08319,34.42934],[126.08478,34.42757],[126.0833,34.42545],[126.08163,34.42765],[126.08319,34.42934]]],[[[126.08906,34.43691],[126.08838,34.44031],[126.09117,34.43964],[126.08906,34.43691]]],[[[126.06542,34.43874],[126.06188,34.44032],[126.06207,34.44286],[126.06507,34.44271],[126.06542,34.43874]]],[[[126.00153,34.45228],[125.99831,34.4527],[125.9977,34.45554],[126.00153,34.45228]]],[[[125.98525,34.45469],[125.9842,34.45754],[125.98588,34.45744],[125.98525,34.45469]]],[[[126.0266,34.4564],[126.02605,34.45997],[126.0277,34.45805],[126.0266,34.4564]]],[[[126.09199,34.46191],[126.09622,34.45718],[126.10443,34.45463],[126.09292,34.45627],[126.09062,34.46098],[126.09199,34.46191]]],[[[125.9868,34.46307],[125.99123,34.46367],[125.99152,34.46138],[125.98605,34.46158],[125.9868,34.46307]]],[[[126.16834,34.4861],[126.1671,34.48711],[126.16856,34.48969],[126.16834,34.4861]]],[[[126.08147,34.48467],[126.07807,34.48725],[126.07904,34.49131],[126.08538,34.49343],[126.08777,34.49005],[126.08669,34.48716],[126.08147,34.48467]]],[[[126.1105,34.49196],[126.10973,34.48948],[126.10226,34.4909],[126.10101,34.49388],[126.10593,34.49458],[126.1105,34.49196]]],[[[126.0586,34.4934],[126.06383,34.49298],[126.0659,34.49101],[126.06503,34.48863],[126.05938,34.48819],[126.05883,34.48326],[126.06166,34.48067],[126.06653,34.48395],[126.07048,34.48128],[126.05761,34.47279],[126.05288,34.47245],[126.05136,34.46929],[126.05349,34.46731],[126.04713,34.46533],[126.04281,34.45911],[126.03631,34.46092],[126.03522,34.4632],[126.0382,34.46388],[126.04234,34.46967],[126.0387,34.47589],[126.03178,34.48076],[126.03199,34.48349],[126.03476,34.47984],[126.03877,34.47972],[126.04439,34.4873],[126.04498,34.49162],[126.05113,34.49215],[126.04877,34.49409],[126.04926,34.49584],[126.05485,34.49811],[126.05752,34.49691],[126.0586,34.4934]]],[[[126.16316,34.50568],[126.1639,34.51023],[126.16907,34.51103],[126.16316,34.50568]]],[[[126.08853,34.5144],[126.08577,34.5165],[126.08943,34.51664],[126.08853,34.5144]]],[[[126.09745,34.51741],[126.09351,34.51993],[126.09777,34.52064],[126.09745,34.51741]]],[[[126.10526,34.52703],[126.1023,34.5292],[126.10431,34.53244],[126.10776,34.52882],[126.10526,34.52703]]],[[[126.35399,34.5357],[126.3506,34.53767],[126.35594,34.53891],[126.35399,34.5357]]],[[[126.22592,34.55103],[126.22175,34.55239],[126.22744,34.55249],[126.22592,34.55103]]],[[[126.31677,34.55565],[126.31358,34.55704],[126.31474,34.55822],[126.31677,34.55565]]],[[[126.21068,34.55535],[126.20821,34.55608],[126.20776,34.55878],[126.21303,34.55792],[126.21284,34.5559],[126.21068,34.55535]]],[[[126.25221,34.58422],[126.25445,34.58461],[126.25469,34.58717],[126.25789,34.58745],[126.26011,34.58456],[126.27854,34.58395],[126.28126,34.58041],[126.27913,34.57802],[126.2907,34.5776],[126.29144,34.57227],[126.29412,34.57378],[126.30363,34.57097],[126.30978,34.56289],[126.30707,34.55918],[126.301,34.55897],[126.30088,34.55682],[126.31062,34.55086],[126.31463,34.54359],[126.32528,34.54031],[126.32714,34.54714],[126.33898,34.5516],[126.34031,34.55014],[126.33692,34.54337],[126.34487,34.54245],[126.34524,34.53769],[126.35377,34.5324],[126.35113,34.52758],[126.36165,34.52508],[126.36803,34.51543],[126.37738,34.51241],[126.37689,34.5083],[126.38319,34.50369],[126.38064,34.50117],[126.37758,34.50239],[126.37273,34.50073],[126.37312,34.49621],[126.37824,34.49292],[126.37921,34.48639],[126.38502,34.48073],[126.37886,34.47825],[126.37575,34.48535],[126.37029,34.48293],[126.36825,34.48485],[126.36403,34.48451],[126.35824,34.48085],[126.35792,34.47595],[126.36058,34.47298],[126.37222,34.47068],[126.37047,34.46445],[126.36659,34.46478],[126.3584,34.45701],[126.35946,34.4523],[126.36567,34.44329],[126.35306,34.43293],[126.35204,34.42686],[126.34306,34.41972],[126.34223,34.41532],[126.33943,34.41633],[126.33541,34.41433],[126.33758,34.40268],[126.33416,34.39927],[126.33122,34.40072],[126.32877,34.39936],[126.32769,34.39651],[126.329,34.39415],[126.32594,34.39455],[126.32713,34.39737],[126.32012,34.40506],[126.32518,34.40399],[126.3277,34.40586],[126.32202,34.41168],[126.32157,34.41389],[126.32691,34.41513],[126.32271,34.41636],[126.32499,34.42091],[126.32253,34.42101],[126.32023,34.42451],[126.31863,34.42411],[126.31921,34.41901],[126.3159,34.41942],[126.31109,34.4159],[126.31312,34.41385],[126.31425,34.40006],[126.3125,34.40554],[126.30303,34.41428],[126.301,34.41296],[126.30694,34.40463],[126.30644,34.40199],[126.29935,34.40363],[126.29799,34.40906],[126.29261,34.4089],[126.29177,34.40285],[126.29712,34.39747],[126.28947,34.39406],[126.29693,34.39068],[126.29838,34.39407],[126.30248,34.39542],[126.30443,34.38882],[126.2994,34.38797],[126.29665,34.38458],[126.29898,34.38221],[126.30334,34.38236],[126.30417,34.38465],[126.30758,34.38552],[126.31028,34.38163],[126.30605,34.38055],[126.30867,34.37384],[126.30458,34.37408],[126.30216,34.37005],[126.29795,34.36934],[126.2942,34.37198],[126.29462,34.37384],[126.29185,34.37391],[126.28907,34.37019],[126.29214,34.36637],[126.28855,34.36421],[126.28547,34.36466],[126.28532,34.36834],[126.28171,34.36761],[126.27957,34.36945],[126.27965,34.37198],[126.28202,34.37308],[126.28087,34.37655],[126.28505,34.38005],[126.28417,34.38833],[126.28752,34.38959],[126.29037,34.38827],[126.29188,34.39132],[126.28589,34.39396],[126.2803,34.39015],[126.2766,34.39055],[126.276,34.39275],[126.27835,34.39398],[126.27677,34.39606],[126.26926,34.39559],[126.26548,34.39731],[126.26048,34.39214],[126.25957,34.38702],[126.26638,34.38447],[126.26552,34.38065],[126.26808,34.37947],[126.26724,34.37788],[126.25525,34.38131],[126.25509,34.37897],[126.25207,34.37807],[126.24606,34.3794],[126.24243,34.3769],[126.23929,34.37049],[126.23473,34.36893],[126.23281,34.37398],[126.23025,34.37448],[126.22929,34.37085],[126.21976,34.36713],[126.2084,34.37189],[126.20225,34.37109],[126.19855,34.36769],[126.20245,34.36968],[126.20914,34.36797],[126.21418,34.36033],[126.20982,34.36178],[126.20619,34.36112],[126.20325,34.35797],[126.18748,34.35655],[126.18573,34.35288],[126.18135,34.35144],[126.18005,34.34895],[126.18033,34.35319],[126.18247,34.35474],[126.18128,34.35932],[126.17278,34.35266],[126.16389,34.35244],[126.15641,34.35673],[126.15714,34.36053],[126.16375,34.36406],[126.16112,34.36525],[126.1609,34.36334],[126.15599,34.36182],[126.15454,34.36258],[126.15647,34.36401],[126.15512,34.36582],[126.14591,34.36566],[126.14366,34.36366],[126.14601,34.36161],[126.14585,34.35908],[126.14176,34.35739],[126.13857,34.35714],[126.13479,34.35977],[126.12998,34.35928],[126.13225,34.36377],[126.13619,34.36426],[126.13663,34.36647],[126.13002,34.36562],[126.1373,34.36914],[126.13411,34.37414],[126.14197,34.3783],[126.14302,34.38515],[126.13354,34.3854],[126.13005,34.3833],[126.13095,34.37975],[126.12921,34.38362],[126.12644,34.3785],[126.11454,34.38128],[126.11292,34.38719],[126.1094,34.39109],[126.10931,34.39515],[126.09935,34.40173],[126.09612,34.40705],[126.09666,34.40953],[126.091,34.41399],[126.08923,34.41853],[126.0935,34.4234],[126.09766,34.4223],[126.09254,34.42617],[126.09728,34.43095],[126.1005,34.43087],[126.0963,34.43368],[126.09608,34.4357],[126.0999,34.43613],[126.10185,34.44133],[126.11766,34.44931],[126.12267,34.4437],[126.12827,34.44338],[126.12501,34.45062],[126.11707,34.45541],[126.11661,34.45963],[126.12053,34.46048],[126.12426,34.46461],[126.134,34.46565],[126.14,34.46869],[126.14478,34.47531],[126.15937,34.48242],[126.17242,34.48473],[126.17575,34.49154],[126.17386,34.49542],[126.19067,34.51432],[126.19452,34.51056],[126.19212,34.51065],[126.19038,34.50774],[126.18834,34.49619],[126.19164,34.49401],[126.2049,34.4957],[126.20784,34.50158],[126.20363,34.50661],[126.20003,34.50504],[126.19832,34.51],[126.21154,34.51671],[126.22335,34.5164],[126.22392,34.51899],[126.21307,34.52442],[126.2118,34.52687],[126.21612,34.52763],[126.21874,34.53263],[126.22492,34.53007],[126.22566,34.54131],[126.22804,34.53584],[126.23355,34.53461],[126.23597,34.53655],[126.25091,34.56302],[126.24436,34.56894],[126.23975,34.56489],[126.242,34.57357],[126.23989,34.57558],[126.2447,34.58063],[126.24321,34.58335],[126.23804,34.58237],[126.23839,34.58383],[126.24145,34.58742],[126.24983,34.58908],[126.25,34.58548],[126.25221,34.58422]]]]}},{"type":"Feature","properties":{"code":"36480","name":"신안군","slug":"sinan-gun","wide":"jeonnam","center":[126.31686,34.86598]},"geometry":{"type":"MultiPolygon","coordinates":[[[[125.09959,34.09562],[125.11129,34.09423],[125.11051,34.0926],[125.1156,34.08646],[125.12315,34.08728],[125.11894,34.08031],[125.12062,34.07416],[125.13018,34.06361],[125.13897,34.05867],[125.14412,34.05088],[125.14262,34.04983],[125.13874,34.05147],[125.13376,34.04839],[125.13074,34.04938],[125.12461,34.04762],[125.12904,34.04957],[125.12589,34.05134],[125.12168,34.04759],[125.11645,34.05213],[125.11405,34.06168],[125.11089,34.06502],[125.10149,34.07026],[125.09696,34.07169],[125.09499,34.06994],[125.08581,34.07408],[125.08607,34.07535],[125.09464,34.07408],[125.09533,34.09017],[125.09789,34.09322],[125.09701,34.09627],[125.09959,34.09562]]],[[[125.09398,34.11483],[125.09471,34.11788],[125.09571,34.11625],[125.09398,34.11483]]],[[[125.0848,34.11903],[125.08638,34.11552],[125.08151,34.11733],[125.0848,34.11903]]],[[[125.48979,34.20587],[125.49155,34.20372],[125.4902,34.20155],[125.48874,34.20304],[125.48979,34.20587]]],[[[125.47228,34.20787],[125.48115,34.20557],[125.4826,34.20338],[125.48007,34.20256],[125.4705,34.20711],[125.46814,34.20612],[125.46885,34.20249],[125.46637,34.20265],[125.46473,34.20819],[125.46796,34.21365],[125.47129,34.2147],[125.47364,34.21272],[125.47129,34.20944],[125.47228,34.20787]]],[[[125.29648,34.39111],[125.29899,34.3925],[125.29849,34.39607],[125.30379,34.391],[125.31046,34.39082],[125.31238,34.38567],[125.308,34.38191],[125.30054,34.38674],[125.2971,34.38442],[125.2968,34.37976],[125.2857,34.3941],[125.2858,34.3979],[125.28253,34.40066],[125.28226,34.40328],[125.28531,34.40305],[125.29254,34.39142],[125.29648,34.39111]]],[[[125.28257,34.43175],[125.28958,34.42463],[125.28461,34.41824],[125.28104,34.41888],[125.28363,34.42277],[125.27673,34.42923],[125.28257,34.43175]]],[[[125.28207,34.43399],[125.27744,34.43635],[125.28259,34.4383],[125.2895,34.45077],[125.29369,34.45168],[125.29437,34.43998],[125.28207,34.43399]]],[[[125.30014,34.45906],[125.29458,34.45948],[125.3001,34.46321],[125.30014,34.45906]]],[[[125.30309,34.4638],[125.30082,34.46912],[125.30427,34.46759],[125.30309,34.4638]]],[[[125.68756,34.52356],[125.68699,34.52],[125.68376,34.52111],[125.68321,34.52337],[125.68756,34.52356]]],[[[126.01453,34.52921],[126.01296,34.53089],[126.01611,34.53203],[126.01453,34.52921]]],[[[126.04291,34.5431],[126.03753,34.54532],[126.04046,34.54614],[126.04451,34.54381],[126.04291,34.5431]]],[[[126.01503,34.56648],[126.01429,34.56831],[126.01646,34.56891],[126.01503,34.56648]]],[[[125.8869,34.56766],[125.89095,34.56556],[125.8904,34.5629],[125.88165,34.56211],[125.8869,34.56766]]],[[[125.91282,34.56802],[125.91543,34.56711],[125.91236,34.5653],[125.91094,34.56766],[125.91282,34.56802]]],[[[126.15319,34.56268],[126.14899,34.56204],[126.14582,34.56527],[126.14852,34.57097],[126.15635,34.56663],[126.15319,34.56268]]],[[[126.19846,34.57094],[126.19577,34.57156],[126.19901,34.57311],[126.2004,34.57183],[126.19846,34.57094]]],[[[126.14958,34.58088],[126.15025,34.57673],[126.14665,34.57545],[126.13987,34.57989],[126.13665,34.5785],[126.13854,34.58066],[126.14958,34.58088]]],[[[126.19602,34.58221],[126.2002,34.58146],[126.19644,34.5777],[126.196,34.57401],[126.18947,34.57578],[126.19406,34.57848],[126.19602,34.58221]]],[[[126.18804,34.59096],[126.18655,34.59233],[126.18982,34.59265],[126.18804,34.59096]]],[[[125.99904,34.58984],[125.9975,34.5883],[125.99514,34.59157],[125.9999,34.59148],[125.99904,34.58984]]],[[[126.00547,34.58738],[126.00447,34.58971],[126.0061,34.59274],[126.0072,34.59102],[126.00547,34.58738]]],[[[125.98879,34.59121],[125.98766,34.59349],[125.98941,34.59294],[125.98879,34.59121]]],[[[125.87637,34.59576],[125.86984,34.60054],[125.8747,34.59982],[125.87637,34.59576]]],[[[125.97603,34.60225],[125.97426,34.601],[125.97538,34.5988],[125.98466,34.60323],[125.98568,34.60128],[125.9785,34.59651],[125.9762,34.5969],[125.97515,34.5946],[125.97816,34.59006],[125.97666,34.58674],[125.97844,34.57986],[125.9695,34.57781],[125.9668,34.58019],[125.97074,34.58321],[125.97071,34.58636],[125.96728,34.58792],[125.97102,34.58736],[125.97398,34.58991],[125.97292,34.59521],[125.95759,34.59355],[125.95708,34.59706],[125.95873,34.59857],[125.96603,34.59664],[125.97311,34.60036],[125.97358,34.60398],[125.97733,34.6037],[125.97603,34.60225]]],[[[125.99136,34.60428],[125.98978,34.60652],[125.99216,34.60678],[125.99136,34.60428]]],[[[126.00561,34.60736],[126.00772,34.60391],[126.00662,34.59989],[126.00135,34.59721],[125.99725,34.59785],[125.99745,34.6005],[126.00405,34.60345],[126.00278,34.60559],[126.00561,34.60736]]],[[[126.11406,34.61498],[126.11576,34.61451],[126.11533,34.6127],[126.10874,34.61195],[126.10845,34.6141],[126.11406,34.61498]]],[[[125.87052,34.60266],[125.86822,34.60576],[125.86953,34.61316],[125.8728,34.60648],[125.87052,34.60266]]],[[[126.18385,34.61101],[126.18043,34.61405],[126.18422,34.61821],[126.18587,34.61726],[126.18618,34.6125],[126.18385,34.61101]]],[[[126.17848,34.61581],[126.17446,34.61773],[126.17879,34.61815],[126.17848,34.61581]]],[[[125.87931,34.60976],[125.88158,34.60948],[125.88235,34.61181],[125.88682,34.6095],[125.88862,34.60665],[125.8863,34.60473],[125.89285,34.60056],[125.89244,34.59797],[125.88254,34.60587],[125.87811,34.60602],[125.87347,34.61257],[125.8734,34.61614],[125.87931,34.60976]]],[[[126.16662,34.61853],[126.16326,34.61923],[126.1667,34.62005],[126.16662,34.61853]]],[[[126.1224,34.6235],[126.12612,34.6197],[126.12394,34.61815],[126.1203,34.61987],[126.10973,34.61882],[126.10816,34.6227],[126.11417,34.62438],[126.1224,34.6235]]],[[[125.86568,34.61991],[125.86305,34.62124],[125.8637,34.62319],[125.86568,34.61991]]],[[[126.20588,34.62263],[126.21185,34.62557],[126.21889,34.62467],[126.21393,34.62173],[126.2156,34.61773],[126.21172,34.61774],[126.21166,34.61933],[126.20823,34.62054],[126.19858,34.62081],[126.19887,34.62303],[126.1949,34.62528],[126.19585,34.62698],[126.20087,34.62623],[126.20588,34.62263]]],[[[126.05819,34.62849],[126.0694,34.62801],[126.07461,34.62558],[126.08288,34.61839],[126.08302,34.61335],[126.08908,34.60767],[126.09336,34.60647],[126.10007,34.60816],[126.10286,34.60506],[126.09877,34.60062],[126.09857,34.59672],[126.10328,34.59535],[126.10374,34.59163],[126.11142,34.58861],[126.10922,34.58549],[126.10268,34.58332],[126.1048,34.57899],[126.09889,34.58024],[126.09914,34.57816],[126.10348,34.57566],[126.10199,34.57398],[126.09607,34.57445],[126.09192,34.56876],[126.09759,34.56648],[126.10027,34.56129],[126.0991,34.56027],[126.10199,34.55797],[126.09941,34.55228],[126.09844,34.55499],[126.08338,34.55616],[126.08207,34.55479],[126.08545,34.55239],[126.08635,34.54639],[126.07668,34.54034],[126.06637,34.53747],[126.06251,34.54014],[126.06129,34.53876],[126.06315,34.53473],[126.05565,34.53041],[126.04208,34.53083],[126.04034,34.53425],[126.03121,34.53099],[126.02648,34.53678],[126.02938,34.54382],[126.03339,34.5432],[126.0369,34.53938],[126.04471,34.5376],[126.04799,34.5405],[126.04469,34.54331],[126.04579,34.5463],[126.05273,34.54887],[126.06094,34.54872],[126.0571,34.55169],[126.06054,34.55309],[126.06034,34.55487],[126.0535,34.5569],[126.04843,34.55471],[126.03868,34.55815],[126.03432,34.5518],[126.02748,34.55269],[126.02621,34.55535],[126.03083,34.56118],[126.0333,34.56011],[126.03749,34.56493],[126.04357,34.56527],[126.06397,34.55934],[126.07268,34.57079],[126.07117,34.57228],[126.07662,34.57343],[126.08068,34.57753],[126.08123,34.58105],[126.08532,34.58009],[126.08702,34.58446],[126.07462,34.58414],[126.06855,34.59443],[126.06918,34.59724],[126.06525,34.60811],[126.05976,34.61217],[126.04732,34.61012],[126.04997,34.61962],[126.04961,34.628],[126.05344,34.63019],[126.05819,34.62849]]],[[[125.99467,34.62785],[125.99903,34.62871],[126.00022,34.63168],[126.00356,34.63027],[126.00428,34.62507],[126.00944,34.62019],[126.00915,34.61135],[126.00145,34.60967],[125.99671,34.6062],[125.99911,34.61165],[125.99521,34.6144],[125.99357,34.60848],[125.98646,34.60901],[125.98889,34.61693],[125.99868,34.61805],[125.99372,34.62244],[125.99467,34.62785]]],[[[125.85579,34.62978],[125.85807,34.62262],[125.85337,34.6192],[125.85835,34.61865],[125.85874,34.61016],[125.86167,34.60738],[125.86111,34.60427],[125.851,34.60303],[125.84187,34.59714],[125.83195,34.60156],[125.82645,34.60135],[125.82184,34.59458],[125.81854,34.59333],[125.81136,34.59659],[125.81102,34.60274],[125.81538,34.6043],[125.82338,34.60281],[125.82546,34.60655],[125.82767,34.60602],[125.82811,34.60858],[125.82259,34.61232],[125.81387,34.61048],[125.8114,34.61313],[125.81596,34.61509],[125.80306,34.62022],[125.80358,34.62287],[125.81133,34.62188],[125.82175,34.61408],[125.83075,34.61796],[125.83455,34.6221],[125.84613,34.62576],[125.84764,34.62998],[125.85579,34.62978]]],[[[126.06764,34.63225],[126.0655,34.63517],[126.06884,34.63435],[126.06764,34.63225]]],[[[126.01744,34.63553],[126.03008,34.63458],[126.03941,34.63027],[126.03858,34.61758],[126.03615,34.6168],[126.03323,34.6111],[126.04554,34.6019],[126.05279,34.60227],[126.05451,34.60462],[126.05601,34.60265],[126.06119,34.59206],[126.06045,34.5867],[126.06443,34.58321],[126.06194,34.57575],[126.05595,34.56822],[126.05316,34.56828],[126.05291,34.5706],[126.05025,34.57124],[126.04153,34.56798],[126.04085,34.57188],[126.0337,34.57234],[126.03122,34.57201],[126.02935,34.56536],[126.01917,34.56417],[126.01795,34.57194],[126.02205,34.57425],[126.01807,34.57586],[126.01921,34.57904],[126.01453,34.58547],[126.01931,34.5906],[126.02044,34.58805],[126.02675,34.59226],[126.02621,34.59509],[126.01955,34.60038],[126.01617,34.59937],[126.01466,34.59626],[126.01108,34.59642],[126.01544,34.60223],[126.01369,34.60487],[126.01146,34.60475],[126.01099,34.60788],[126.01675,34.61808],[126.01307,34.62152],[126.01265,34.62694],[126.00961,34.62845],[126.00997,34.63099],[126.01744,34.63553]]],[[[125.94306,34.634],[125.94189,34.62963],[125.93867,34.63243],[125.94102,34.63573],[125.94306,34.634]]],[[[126.09476,34.63502],[126.09277,34.63868],[126.09591,34.63691],[126.09476,34.63502]]],[[[126.08031,34.63434],[126.07524,34.6339],[126.07611,34.63886],[126.08031,34.63434]]],[[[126.08699,34.6337],[126.08879,34.62988],[126.08671,34.6307],[126.08029,34.6378],[126.08048,34.64044],[126.08483,34.63779],[126.08699,34.6337]]],[[[126.09123,34.64269],[126.09158,34.64022],[126.08791,34.64183],[126.09123,34.64269]]],[[[126.01714,34.64379],[126.01876,34.64284],[126.01728,34.6418],[126.01845,34.63888],[126.0127,34.63911],[126.00719,34.63451],[126.00706,34.63652],[126.00242,34.63881],[126.00278,34.64171],[126.00902,34.64049],[126.00651,34.6434],[126.00995,34.64286],[126.01184,34.64518],[126.01714,34.64379]]],[[[125.96876,34.63718],[125.97451,34.63456],[125.97946,34.62519],[125.97619,34.61898],[125.97097,34.61948],[125.96495,34.62874],[125.96184,34.62852],[125.95924,34.62347],[125.95605,34.62356],[125.94633,34.63574],[125.94907,34.64002],[125.95229,34.63651],[125.95489,34.63717],[125.95592,34.64233],[125.95971,34.64486],[125.96872,34.64082],[125.96876,34.63718]]],[[[126.0278,34.64654],[126.02997,34.64515],[126.02631,34.64589],[126.0278,34.64654]]],[[[126.01148,34.64749],[126.00759,34.64793],[126.0107,34.6489],[126.01148,34.64749]]],[[[125.95509,34.65337],[125.95946,34.65257],[125.9552,34.65178],[125.95089,34.65339],[125.95509,34.65337]]],[[[125.89102,34.65016],[125.88555,34.65092],[125.88426,34.65393],[125.88988,34.65506],[125.89534,34.65284],[125.89454,34.65076],[125.89102,34.65016]]],[[[125.46517,34.65614],[125.47662,34.65403],[125.47756,34.64948],[125.47059,34.64506],[125.47014,34.64193],[125.46489,34.64061],[125.46512,34.63791],[125.45573,34.64427],[125.46047,34.64573],[125.45581,34.6472],[125.46011,34.64913],[125.46092,34.65196],[125.46572,34.65102],[125.46322,34.65273],[125.46517,34.65614]]],[[[125.8495,34.66146],[125.84743,34.66443],[125.85078,34.66281],[125.8495,34.66146]]],[[[126.04692,34.66911],[126.04821,34.66464],[126.04654,34.66022],[126.05216,34.65306],[126.04796,34.64547],[126.04228,34.65129],[126.04443,34.65396],[126.04423,34.66236],[126.04602,34.66589],[126.04485,34.66803],[126.04692,34.66911]]],[[[126.02014,34.66888],[126.02116,34.66684],[126.01913,34.66505],[126.01775,34.66773],[126.02014,34.66888]]],[[[126.16036,34.66904],[126.17024,34.6619],[126.17486,34.66359],[126.17714,34.65974],[126.17477,34.65891],[126.17423,34.65601],[126.18003,34.65572],[126.1814,34.65808],[126.18265,34.65397],[126.18721,34.65237],[126.18754,34.64993],[126.18254,34.64435],[126.18769,34.64159],[126.18433,34.64002],[126.18536,34.63773],[126.2003,34.64243],[126.20123,34.63538],[126.19636,34.63255],[126.18964,34.63326],[126.18593,34.63039],[126.18097,34.63042],[126.17999,34.62682],[126.17389,34.62191],[126.16961,34.62172],[126.16759,34.62706],[126.16264,34.62812],[126.15298,34.62444],[126.15079,34.62231],[126.15157,34.61966],[126.14639,34.62047],[126.13795,34.61855],[126.13033,34.61326],[126.12203,34.61544],[126.12915,34.62054],[126.12313,34.62578],[126.12197,34.62926],[126.12946,34.63456],[126.1322,34.64167],[126.12949,34.64453],[126.12376,34.64566],[126.12167,34.64237],[126.11723,34.64284],[126.11403,34.64638],[126.11026,34.64484],[126.10865,34.6462],[126.10969,34.64869],[126.11407,34.64649],[126.11464,34.65122],[126.11755,34.65346],[126.12747,34.65211],[126.13047,34.65722],[126.1302,34.66025],[126.13409,34.65785],[126.13631,34.66077],[126.1411,34.6621],[126.14976,34.672],[126.15349,34.67286],[126.16036,34.66904]]],[[[126.03449,34.67269],[126.03827,34.67192],[126.03913,34.66923],[126.03394,34.66849],[126.03449,34.67269]]],[[[125.8479,34.67318],[125.84666,34.67418],[125.84865,34.67614],[125.85151,34.67524],[125.8479,34.67318]]],[[[126.01423,34.68656],[126.01465,34.68332],[126.01029,34.6853],[126.01423,34.68656]]],[[[126.08039,34.68902],[126.07922,34.685],[126.07231,34.68073],[126.06964,34.67148],[126.0657,34.67165],[126.06298,34.67946],[126.06666,34.67989],[126.06776,34.6819],[126.06483,34.68415],[126.07913,34.69077],[126.08039,34.68902]]],[[[126.17436,34.69039],[126.17267,34.69158],[126.17602,34.6918],[126.17436,34.69039]]],[[[126.17324,34.69421],[126.17452,34.69367],[126.17318,34.69279],[126.17117,34.69431],[126.17005,34.69716],[126.17324,34.69421]]],[[[126.14265,34.69896],[126.14726,34.69354],[126.14336,34.68699],[126.13715,34.6912],[126.13873,34.69739],[126.14265,34.69896]]],[[[125.17797,34.68833],[125.18114,34.68596],[125.17825,34.68593],[125.17797,34.68833]]],[[[125.38845,34.69712],[125.39612,34.69169],[125.38855,34.68768],[125.38565,34.68237],[125.37931,34.67996],[125.37809,34.67588],[125.36995,34.66651],[125.36335,34.66978],[125.36112,34.67582],[125.36913,34.68062],[125.38038,34.68138],[125.38084,34.68515],[125.38682,34.68702],[125.39165,34.69235],[125.38845,34.69712]]],[[[126.19507,34.70308],[126.19943,34.70323],[126.20254,34.70043],[126.19982,34.70073],[126.20122,34.69848],[126.19274,34.69719],[126.19424,34.68854],[126.19701,34.68947],[126.19772,34.68719],[126.18931,34.68043],[126.18608,34.68496],[126.18137,34.68343],[126.18108,34.68157],[126.17044,34.67956],[126.16019,34.68852],[126.16047,34.6907],[126.16989,34.69059],[126.17753,34.6881],[126.17824,34.69401],[126.1811,34.69847],[126.18961,34.70264],[126.19245,34.70926],[126.19507,34.70308]]],[[[125.42514,34.69666],[125.42731,34.69828],[125.43182,34.69603],[125.43044,34.69237],[125.42721,34.69024],[125.4293,34.6849],[125.441,34.68354],[125.44516,34.68597],[125.44288,34.69032],[125.44539,34.69248],[125.44414,34.69463],[125.45169,34.68942],[125.45433,34.69027],[125.45266,34.69393],[125.45417,34.69548],[125.45616,34.6934],[125.46201,34.693],[125.46404,34.6872],[125.46006,34.68695],[125.46086,34.68461],[125.45993,34.68552],[125.46025,34.68308],[125.45792,34.68092],[125.45492,34.68291],[125.45598,34.685],[125.45425,34.68611],[125.45059,34.68556],[125.44859,34.68154],[125.44386,34.68121],[125.44447,34.67153],[125.44388,34.67025],[125.43929,34.67183],[125.44268,34.667],[125.44224,34.66526],[125.43605,34.66485],[125.43799,34.66125],[125.43442,34.65926],[125.42742,34.65949],[125.42494,34.66151],[125.42259,34.66033],[125.42436,34.65115],[125.42756,34.64568],[125.41147,34.64321],[125.40864,34.63664],[125.41166,34.62466],[125.40589,34.62613],[125.40126,34.6251],[125.39932,34.62947],[125.3952,34.63006],[125.38462,34.64339],[125.39285,34.64692],[125.39759,34.6458],[125.39913,34.64864],[125.39731,34.6525],[125.39477,34.65041],[125.39196,34.65149],[125.38842,34.65353],[125.38671,34.65728],[125.38834,34.66078],[125.39731,34.66188],[125.39808,34.66552],[125.39554,34.66906],[125.39754,34.67437],[125.40401,34.6779],[125.40691,34.68343],[125.40918,34.68263],[125.40666,34.69037],[125.41206,34.69688],[125.41521,34.69853],[125.42514,34.69666]]],[[[125.43472,34.69841],[125.43561,34.69682],[125.4319,34.6963],[125.43231,34.69829],[125.43472,34.69841]]],[[[125.44103,34.69931],[125.44012,34.69728],[125.4424,34.69589],[125.4365,34.69714],[125.44103,34.69931]]],[[[126.08682,34.70888],[126.08748,34.70691],[126.08474,34.7085],[126.08682,34.70888]]],[[[126.14427,34.70757],[126.1425,34.71037],[126.14585,34.70968],[126.14427,34.70757]]],[[[126.11188,34.71233],[126.11414,34.70738],[126.11081,34.70298],[126.10218,34.69703],[126.09597,34.70075],[126.09412,34.70454],[126.09499,34.70691],[126.10217,34.71164],[126.11188,34.71233]]],[[[126.1238,34.71278],[126.13091,34.71242],[126.13683,34.70625],[126.13348,34.70394],[126.1253,34.70389],[126.12122,34.70811],[126.12157,34.71231],[126.1238,34.71278]]],[[[126.06576,34.71287],[126.06864,34.71118],[126.06728,34.70811],[126.06472,34.71153],[126.06576,34.71287]]],[[[125.46755,34.69693],[125.46395,34.69953],[125.46218,34.70457],[125.46708,34.70014],[125.46755,34.69693]]],[[[126.00197,34.71163],[126.00406,34.71131],[126.00329,34.70917],[125.99792,34.7135],[126.00197,34.71163]]],[[[125.90641,34.71191],[125.90561,34.70794],[125.90347,34.70967],[125.90457,34.71245],[125.90086,34.7157],[125.90417,34.71544],[125.90641,34.71191]]],[[[125.89424,34.71889],[125.89539,34.7174],[125.89177,34.71653],[125.89227,34.71976],[125.89424,34.71889]]],[[[126.00697,34.72317],[126.01011,34.72148],[126.00466,34.7227],[126.00697,34.72317]]],[[[125.40632,34.71419],[125.4043,34.71698],[125.40694,34.71983],[125.4091,34.71561],[125.40632,34.71419]]],[[[125.21062,34.70754],[125.21372,34.70265],[125.20657,34.68529],[125.20035,34.68136],[125.19892,34.68335],[125.19325,34.68397],[125.19299,34.67384],[125.18766,34.67499],[125.18679,34.66707],[125.18234,34.6673],[125.17965,34.67215],[125.17853,34.6819],[125.18362,34.68427],[125.18359,34.68821],[125.18701,34.6844],[125.19206,34.68645],[125.1926,34.69111],[125.19632,34.69513],[125.19552,34.69856],[125.20154,34.70509],[125.20008,34.70656],[125.2008,34.71056],[125.2069,34.71343],[125.20867,34.71646],[125.2124,34.71422],[125.21062,34.70754]]],[[[126.18993,34.72605],[126.18653,34.72803],[126.18661,34.73131],[126.18955,34.73062],[126.18993,34.72605]]],[[[126.00054,34.72574],[125.99761,34.73062],[126.00192,34.72772],[126.00054,34.72574]]],[[[125.99317,34.73092],[125.99578,34.72971],[125.99498,34.72612],[125.99197,34.72772],[125.99129,34.73011],[125.99317,34.73092]]],[[[126.04385,34.73347],[126.04018,34.73509],[126.04143,34.73708],[126.04385,34.73347]]],[[[126.03601,34.73728],[126.03748,34.73554],[126.03491,34.73645],[126.03601,34.73728]]],[[[125.97002,34.72557],[125.97237,34.726],[125.97897,34.71585],[125.98198,34.7221],[125.99062,34.7193],[125.99286,34.71392],[125.99074,34.71135],[125.99965,34.70308],[126.0136,34.70307],[126.01239,34.69978],[126.01362,34.69799],[126.00987,34.69734],[126.01063,34.69022],[126.00775,34.68515],[125.98765,34.67855],[125.98763,34.6735],[125.9835,34.67454],[125.97864,34.67188],[125.97987,34.66422],[125.97846,34.66259],[125.9749,34.65936],[125.96721,34.65856],[125.96519,34.65634],[125.9537,34.65861],[125.95473,34.66527],[125.9573,34.66871],[125.95481,34.67254],[125.94933,34.67205],[125.94775,34.67005],[125.94977,34.66902],[125.94891,34.66763],[125.94236,34.66744],[125.93926,34.66548],[125.93403,34.67142],[125.93544,34.67322],[125.93285,34.67925],[125.92707,34.67868],[125.92447,34.67025],[125.92061,34.67148],[125.92253,34.67938],[125.91662,34.678],[125.91538,34.68156],[125.91891,34.68798],[125.91431,34.68585],[125.91402,34.68762],[125.91582,34.69318],[125.91411,34.69702],[125.91671,34.70071],[125.91574,34.71097],[125.9336,34.71551],[125.94088,34.71355],[125.94662,34.71466],[125.94597,34.71849],[125.94778,34.72229],[125.95797,34.73157],[125.96138,34.73739],[125.96465,34.73591],[125.97002,34.72557]]],[[[125.88302,34.73696],[125.88468,34.73369],[125.88183,34.73558],[125.88302,34.73696]]],[[[125.44585,34.72759],[125.44509,34.72911],[125.447,34.73043],[125.45012,34.73012],[125.44585,34.72759]]],[[[125.98591,34.73655],[125.98655,34.73956],[125.98885,34.73845],[125.98591,34.73655]]],[[[125.94255,34.74179],[125.94052,34.74506],[125.94419,34.7441],[125.94255,34.74179]]],[[[126.17391,34.7478],[126.17093,34.74768],[126.17387,34.74942],[126.17391,34.7478]]],[[[125.94,34.74763],[125.93952,34.74508],[125.93775,34.74644],[125.94,34.74763]]],[[[125.45974,34.7401],[125.45999,34.73817],[125.4637,34.73834],[125.46812,34.73567],[125.4684,34.73345],[125.47683,34.73138],[125.47702,34.72784],[125.4735,34.72892],[125.46758,34.72603],[125.46496,34.72832],[125.46068,34.72498],[125.46233,34.72211],[125.46563,34.72251],[125.46648,34.71709],[125.4637,34.71447],[125.45846,34.71538],[125.46073,34.71706],[125.46039,34.71997],[125.4551,34.72082],[125.45055,34.72445],[125.45442,34.72527],[125.45401,34.73082],[125.45886,34.7325],[125.46409,34.73128],[125.455,34.73914],[125.45572,34.74294],[125.45974,34.7401]]],[[[125.45125,34.73791],[125.44291,34.73663],[125.44928,34.7335],[125.44813,34.73237],[125.44073,34.73285],[125.43801,34.73651],[125.44163,34.73726],[125.43692,34.7412],[125.44359,34.74302],[125.45125,34.73791]]],[[[125.42979,34.75618],[125.43481,34.75354],[125.43466,34.75031],[125.4378,34.74872],[125.43293,34.74795],[125.42626,34.75619],[125.42979,34.75618]]],[[[126.01951,34.76574],[126.02052,34.76343],[126.02511,34.76379],[126.0291,34.75822],[126.02789,34.75413],[126.02217,34.75316],[126.01854,34.74653],[126.02479,34.74514],[126.02436,34.73899],[126.02815,34.73349],[126.02809,34.73009],[126.03113,34.72767],[126.02774,34.72571],[126.02811,34.72301],[126.0186,34.72388],[126.01673,34.72878],[126.01968,34.73023],[126.01775,34.73321],[126.01551,34.73288],[126.01416,34.74379],[126.01194,34.74466],[126.0145,34.74922],[126.01842,34.74651],[126.02209,34.75315],[126.01679,34.76383],[126.01722,34.76651],[126.01951,34.76574]]],[[[126.05455,34.76322],[126.05038,34.76015],[126.05045,34.75748],[126.06098,34.75555],[126.05957,34.75334],[126.0597,34.73988],[126.05615,34.75043],[126.05216,34.75314],[126.04901,34.75189],[126.04955,34.75542],[126.04792,34.75737],[126.04598,34.75846],[126.03913,34.75559],[126.04361,34.76099],[126.05112,34.76575],[126.05098,34.76751],[126.05724,34.77117],[126.05829,34.76548],[126.05455,34.76322]]],[[[126.17325,34.7704],[126.17177,34.77243],[126.175,34.77194],[126.17325,34.7704]]],[[[126.14557,34.70146],[126.15005,34.71082],[126.14979,34.71415],[126.1474,34.71767],[126.1393,34.72114],[126.13828,34.72432],[126.14232,34.72731],[126.13724,34.72856],[126.12419,34.7244],[126.12274,34.71846],[126.11781,34.71476],[126.1101,34.71829],[126.11197,34.71987],[126.11025,34.72189],[126.09769,34.72074],[126.0829,34.71633],[126.08125,34.70891],[126.08274,34.70939],[126.08047,34.70621],[126.07478,34.70889],[126.07427,34.71328],[126.08127,34.7202],[126.07062,34.73501],[126.07111,34.74163],[126.07595,34.74353],[126.07416,34.74693],[126.07946,34.74779],[126.08189,34.75069],[126.07683,34.76376],[126.06738,34.76474],[126.06445,34.76716],[126.06484,34.76917],[126.06904,34.76589],[126.07866,34.76776],[126.07883,34.76393],[126.08223,34.76344],[126.08853,34.76711],[126.08686,34.77218],[126.08869,34.77486],[126.10465,34.76652],[126.12478,34.77098],[126.1279,34.76666],[126.12708,34.76427],[126.13525,34.75563],[126.14117,34.75467],[126.14386,34.75194],[126.14997,34.75295],[126.15013,34.75705],[126.1566,34.75803],[126.16294,34.75721],[126.16323,34.75427],[126.16828,34.75201],[126.17194,34.75146],[126.17367,34.75333],[126.17245,34.74907],[126.16739,34.74711],[126.16938,34.74432],[126.17583,34.74184],[126.17954,34.72538],[126.18283,34.7237],[126.17649,34.71643],[126.17831,34.71248],[126.17798,34.70644],[126.17438,34.70376],[126.17458,34.70084],[126.1665,34.70001],[126.15768,34.70352],[126.15094,34.70091],[126.14557,34.70146]]],[[[125.89316,34.76956],[125.89181,34.77],[125.89478,34.77313],[125.89316,34.76956]]],[[[125.43517,34.75998],[125.43356,34.76116],[125.43516,34.76627],[125.43933,34.76205],[125.43517,34.75998]]],[[[125.44252,34.75993],[125.43947,34.76277],[125.44174,34.7667],[125.4436,34.76251],[125.44252,34.75993]]],[[[126.12343,34.77237],[126.11793,34.77427],[126.11746,34.7767],[126.12189,34.77593],[126.12343,34.77237]]],[[[126.1907,34.77843],[126.19125,34.77616],[126.18881,34.77576],[126.1907,34.77843]]],[[[126.07697,34.77581],[126.08419,34.77339],[126.08515,34.77131],[126.07764,34.77324],[126.07519,34.77662],[126.0764,34.7774],[126.07697,34.77581]]],[[[126.03961,34.78219],[126.03622,34.77876],[126.03872,34.77389],[126.03029,34.77564],[126.02754,34.77897],[126.02876,34.78076],[126.03961,34.78219]]],[[[126.02896,34.78282],[126.02628,34.78399],[126.02836,34.78441],[126.02896,34.78282]]],[[[125.90334,34.78544],[125.90095,34.78658],[125.90141,34.78873],[125.90306,34.7891],[125.90334,34.78544]]],[[[125.78818,34.78661],[125.78599,34.78791],[125.78999,34.78894],[125.78818,34.78661]]],[[[125.91538,34.79238],[125.9104,34.78726],[125.90612,34.79204],[125.9092,34.7917],[125.91047,34.7954],[125.91455,34.79456],[125.91538,34.79238]]],[[[126.20454,34.79776],[126.20281,34.79973],[126.20441,34.79988],[126.20454,34.79776]]],[[[126.34825,34.81014],[126.3506,34.80652],[126.3472,34.80755],[126.34825,34.81014]]],[[[125.99344,34.80695],[125.99724,34.80471],[126.00053,34.78945],[125.99694,34.78682],[125.996,34.78081],[125.99264,34.78032],[125.98507,34.77454],[125.9958,34.7719],[125.99882,34.77358],[126.00005,34.77165],[125.99833,34.76167],[125.99155,34.7604],[125.98943,34.76271],[125.98441,34.761],[125.97713,34.7539],[125.97245,34.75533],[125.97192,34.75901],[125.96891,34.75908],[125.96306,34.75287],[125.96102,34.74723],[125.9586,34.74925],[125.95748,34.75607],[125.95876,34.76132],[125.96269,34.76221],[125.95969,34.7655],[125.95719,34.76453],[125.95428,34.76687],[125.95258,34.76513],[125.95748,34.75993],[125.95614,34.75353],[125.9523,34.75353],[125.94873,34.75748],[125.93895,34.75461],[125.93692,34.74845],[125.93322,34.74988],[125.93327,34.75293],[125.93072,34.75408],[125.92951,34.7518],[125.93626,34.74747],[125.94351,34.73725],[125.94978,34.73361],[125.94589,34.73237],[125.94347,34.7345],[125.94161,34.72841],[125.93896,34.72981],[125.9394,34.73159],[125.93807,34.72777],[125.9419,34.72598],[125.94038,34.72261],[125.93613,34.72017],[125.92591,34.72041],[125.92302,34.71726],[125.91757,34.71691],[125.90529,34.72131],[125.90191,34.72759],[125.89284,34.72777],[125.8967,34.72934],[125.89555,34.73159],[125.89193,34.73424],[125.88917,34.73319],[125.88914,34.73758],[125.88638,34.74007],[125.89036,34.74446],[125.89027,34.74687],[125.89586,34.74822],[125.89108,34.75189],[125.89086,34.75899],[125.89304,34.75747],[125.89511,34.76016],[125.89793,34.76041],[125.8895,34.76656],[125.90243,34.77164],[125.90266,34.7744],[125.89925,34.77331],[125.89765,34.7748],[125.90001,34.78025],[125.9035,34.77914],[125.9073,34.78238],[125.90776,34.77685],[125.9112,34.77597],[125.93847,34.77727],[125.95321,34.78402],[125.95403,34.78698],[125.95201,34.78899],[125.95934,34.78874],[125.96114,34.7863],[125.96438,34.78742],[125.97192,34.79766],[125.97069,34.8001],[125.9735,34.80207],[125.97886,34.80188],[125.98491,34.80459],[125.99085,34.80367],[125.99344,34.80695]]],[[[126.16465,34.8066],[126.16377,34.80901],[126.1663,34.811],[126.16465,34.8066]]],[[[126.34098,34.81075],[126.33803,34.81057],[126.33353,34.81441],[126.33992,34.8138],[126.34098,34.81075]]],[[[126.0341,34.81219],[126.03672,34.80833],[126.03396,34.81015],[126.0341,34.81219]]],[[[126.164,34.81807],[126.16081,34.81899],[126.16108,34.82112],[126.16444,34.82139],[126.164,34.81807]]],[[[125.97128,34.82028],[125.97246,34.81224],[125.96973,34.81151],[125.96781,34.81946],[125.97128,34.82028]]],[[[126.15874,34.8218],[126.15814,34.81955],[126.16088,34.81552],[126.15362,34.80964],[126.15239,34.80142],[126.15736,34.79749],[126.16223,34.79937],[126.16875,34.79764],[126.17233,34.79406],[126.16752,34.79233],[126.16749,34.78945],[126.16932,34.78783],[126.17424,34.78812],[126.17511,34.78506],[126.17199,34.77711],[126.16736,34.78942],[126.16183,34.79077],[126.1591,34.7875],[126.15729,34.7816],[126.16355,34.77949],[126.16252,34.77312],[126.16503,34.76957],[126.16408,34.76495],[126.1597,34.76583],[126.15463,34.76328],[126.15555,34.76195],[126.15202,34.76152],[126.15018,34.76398],[126.145,34.76462],[126.14105,34.76096],[126.13543,34.76359],[126.13639,34.76624],[126.12742,34.78046],[126.1147,34.78096],[126.1124,34.77765],[126.10598,34.77799],[126.09777,34.78431],[126.08179,34.78839],[126.08549,34.79255],[126.0928,34.78868],[126.09984,34.79194],[126.11842,34.79292],[126.12396,34.79783],[126.12517,34.79556],[126.13814,34.79942],[126.13997,34.79707],[126.14766,34.79753],[126.14846,34.79923],[126.14407,34.8062],[126.1466,34.8123],[126.15287,34.8108],[126.15525,34.81271],[126.15547,34.82039],[126.15793,34.82325],[126.15997,34.8232],[126.15874,34.8218]]],[[[125.95473,34.81362],[125.95402,34.81952],[125.95687,34.82314],[125.95857,34.82185],[125.95473,34.81362]]],[[[126.06305,34.8294],[126.05859,34.83016],[126.05867,34.83389],[126.06305,34.8294]]],[[[126.30957,34.84235],[126.30636,34.83806],[126.30426,34.83872],[126.30426,34.84194],[126.30957,34.84235]]],[[[126.31167,34.84161],[126.30996,34.84263],[126.31267,34.84377],[126.31167,34.84161]]],[[[126.05742,34.84593],[126.05754,34.84241],[126.05431,34.84291],[126.05519,34.84573],[126.05742,34.84593]]],[[[126.21907,34.84754],[126.21508,34.85126],[126.22112,34.85145],[126.22305,34.84952],[126.21907,34.84754]]],[[[126.15689,34.85551],[126.15474,34.8577],[126.15609,34.85851],[126.15689,34.85551]]],[[[126.37029,34.86257],[126.37045,34.86792],[126.37267,34.86563],[126.37029,34.86257]]],[[[126.10315,34.86422],[126.10015,34.86642],[126.10279,34.86632],[126.10315,34.86422]]],[[[126.37289,34.87568],[126.3787,34.87859],[126.37791,34.87542],[126.36682,34.86601],[126.3592,34.86436],[126.35759,34.86575],[126.36214,34.87499],[126.37234,34.87853],[126.37147,34.87662],[126.37289,34.87568]]],[[[126.37507,34.87782],[126.37326,34.87922],[126.37422,34.88035],[126.37507,34.87782]]],[[[126.34928,34.8745],[126.34684,34.88124],[126.34832,34.88376],[126.34983,34.881],[126.34928,34.8745]]],[[[126.11587,34.88198],[126.12417,34.8791],[126.13072,34.88052],[126.13071,34.87588],[126.13794,34.87513],[126.14087,34.87814],[126.14034,34.88094],[126.14384,34.88099],[126.14791,34.87192],[126.15359,34.87001],[126.15713,34.86633],[126.15699,34.86057],[126.14864,34.85954],[126.13578,34.8622],[126.13274,34.8599],[126.13473,34.85288],[126.13957,34.85224],[126.14905,34.8467],[126.15078,34.84363],[126.14901,34.83977],[126.13974,34.83559],[126.13891,34.8303],[126.14167,34.82715],[126.13658,34.8272],[126.13315,34.83215],[126.12434,34.83586],[126.12023,34.83408],[126.11851,34.82878],[126.11461,34.8261],[126.11728,34.8169],[126.12301,34.812],[126.11839,34.80592],[126.12038,34.80285],[126.11853,34.80027],[126.1081,34.80081],[126.10158,34.79639],[126.09404,34.79714],[126.09129,34.80158],[126.09565,34.80262],[126.09636,34.80603],[126.09064,34.81503],[126.08011,34.81894],[126.07133,34.81333],[126.07956,34.79832],[126.07534,34.79445],[126.06712,34.80379],[126.06479,34.80907],[126.0629,34.80752],[126.0577,34.80912],[126.05559,34.81409],[126.04724,34.81547],[126.04403,34.81977],[126.043,34.82582],[126.04809,34.82804],[126.05037,34.82237],[126.05858,34.82184],[126.0593,34.81912],[126.06253,34.81832],[126.06643,34.81314],[126.07116,34.81337],[126.07992,34.81896],[126.07381,34.82306],[126.07645,34.82787],[126.05965,34.84768],[126.06114,34.84952],[126.0744,34.851],[126.08263,34.85921],[126.08907,34.8584],[126.09224,34.85537],[126.10831,34.85008],[126.11519,34.85074],[126.12018,34.85774],[126.11622,34.85822],[126.1104,34.86474],[126.10909,34.86839],[126.11113,34.87501],[126.10851,34.87927],[126.11224,34.87963],[126.11471,34.88292],[126.11587,34.88198]]],[[[126.27823,34.88032],[126.27568,34.88256],[126.27689,34.88505],[126.27982,34.88377],[126.27823,34.88032]]],[[[126.16616,34.88508],[126.16936,34.882],[126.16783,34.87507],[126.16489,34.882],[126.16616,34.88508]]],[[[126.11694,34.88474],[126.11654,34.88675],[126.12158,34.88916],[126.12264,34.88803],[126.12122,34.88557],[126.11694,34.88474]]],[[[126.11072,34.88498],[126.10538,34.88537],[126.107,34.88909],[126.11167,34.88655],[126.11072,34.88498]]],[[[126.16753,34.88871],[126.16647,34.89047],[126.16989,34.89103],[126.16753,34.88871]]],[[[126.21961,34.89137],[126.21846,34.89316],[126.22154,34.89276],[126.21961,34.89137]]],[[[126.16904,34.89937],[126.17272,34.89586],[126.16773,34.89858],[126.16904,34.89937]]],[[[126.20064,34.89816],[126.19721,34.89961],[126.20248,34.90018],[126.20064,34.89816]]],[[[126.09407,34.89962],[126.09131,34.89742],[126.08916,34.89803],[126.09407,34.89962]]],[[[126.26223,34.90247],[126.25838,34.90322],[126.26264,34.90362],[126.26411,34.90305],[126.26223,34.90247]]],[[[126.17832,34.90314],[126.1811,34.90137],[126.18041,34.89871],[126.18961,34.89472],[126.18852,34.88932],[126.17695,34.88138],[126.17583,34.88816],[126.18056,34.8917],[126.17526,34.90058],[126.17832,34.90314]]],[[[126.10315,34.8999],[126.09892,34.9012],[126.10199,34.90291],[126.10315,34.8999]]],[[[126.35132,34.90075],[126.34413,34.90585],[126.34527,34.90932],[126.35194,34.91089],[126.35599,34.90683],[126.35132,34.90075]]],[[[126.27509,34.91462],[126.2771,34.91416],[126.27644,34.91203],[126.27509,34.91462]]],[[[126.00388,34.90899],[126.0023,34.91286],[126.00772,34.91047],[126.00388,34.90899]]],[[[126.19817,34.92038],[126.20073,34.91837],[126.19769,34.91553],[126.19279,34.91699],[126.19817,34.92038]]],[[[126.29447,34.84996],[126.29138,34.85493],[126.27654,34.85569],[126.27254,34.84794],[126.26283,34.83974],[126.25176,34.84133],[126.24075,34.84794],[126.2312,34.84888],[126.22674,34.84749],[126.22595,34.84961],[126.22894,34.85287],[126.23302,34.86471],[126.24184,34.85909],[126.25979,34.85823],[126.26496,34.86031],[126.27006,34.87288],[126.27383,34.86415],[126.27529,34.86529],[126.27941,34.8634],[126.28162,34.86764],[126.27819,34.87396],[126.28108,34.88707],[126.28681,34.88684],[126.28954,34.8822],[126.2926,34.88134],[126.29915,34.88297],[126.30366,34.88769],[126.29513,34.90148],[126.29108,34.90131],[126.28053,34.90996],[126.284,34.91459],[126.29636,34.92198],[126.29921,34.92181],[126.3031,34.91927],[126.30542,34.92031],[126.30618,34.91709],[126.30358,34.91555],[126.30409,34.91392],[126.31313,34.90787],[126.3181,34.90644],[126.32452,34.91174],[126.32872,34.90923],[126.33582,34.90922],[126.33843,34.9079],[126.34066,34.90163],[126.35047,34.89873],[126.35146,34.89111],[126.34937,34.88722],[126.34833,34.8924],[126.34518,34.89449],[126.33697,34.89347],[126.33531,34.88683],[126.33315,34.887],[126.33121,34.89053],[126.32636,34.89166],[126.32557,34.88455],[126.3296,34.87942],[126.32673,34.87872],[126.32376,34.88174],[126.31695,34.88288],[126.3132,34.87766],[126.32574,34.87287],[126.32147,34.87148],[126.32101,34.86809],[126.31455,34.86865],[126.31446,34.86659],[126.32012,34.86232],[126.32505,34.86127],[126.33788,34.86423],[126.35696,34.86369],[126.36274,34.85628],[126.36709,34.85774],[126.36883,34.85535],[126.36728,34.85206],[126.37129,34.84727],[126.37148,34.84319],[126.36543,34.83998],[126.36532,34.83646],[126.37115,34.83874],[126.37305,34.83305],[126.36567,34.83147],[126.36509,34.82806],[126.36751,34.82668],[126.36734,34.82413],[126.362,34.82327],[126.35467,34.81506],[126.3499,34.81366],[126.344,34.8183],[126.33823,34.81633],[126.32733,34.82212],[126.32697,34.8246],[126.33607,34.82665],[126.33502,34.83055],[126.33731,34.83375],[126.34344,34.83283],[126.34591,34.8353],[126.34381,34.84209],[126.34175,34.84239],[126.33932,34.83858],[126.33652,34.83982],[126.33735,34.84356],[126.33429,34.8485],[126.32907,34.85106],[126.32057,34.8505],[126.31615,34.84629],[126.31251,34.85323],[126.30251,34.85399],[126.29447,34.84996]]],[[[126.1686,34.91899],[126.16651,34.9188],[126.1672,34.92102],[126.1686,34.91899]]],[[[126.28885,34.91959],[126.28733,34.9208],[126.29144,34.92295],[126.28885,34.91959]]],[[[126.01995,34.92007],[126.01771,34.92077],[126.01656,34.92502],[126.02065,34.92236],[126.01995,34.92007]]],[[[126.15233,34.92767],[126.15437,34.92746],[126.15099,34.92633],[126.15233,34.92767]]],[[[126.27672,34.93057],[126.279,34.92821],[126.27531,34.9266],[126.27443,34.92875],[126.27672,34.93057]]],[[[126.27678,34.93148],[126.27362,34.93268],[126.27675,34.93392],[126.27678,34.93148]]],[[[126.01779,34.93139],[126.02187,34.93111],[126.02233,34.92896],[126.01825,34.92819],[126.01631,34.93128],[126.01779,34.93139]]],[[[126.21298,34.93345],[126.21126,34.93556],[126.21388,34.9347],[126.21298,34.93345]]],[[[126.24888,34.94083],[126.24491,34.93541],[126.25385,34.93335],[126.2546,34.93091],[126.25212,34.92764],[126.2513,34.92019],[126.25212,34.91602],[126.25521,34.91355],[126.2517,34.91291],[126.24855,34.91751],[126.24593,34.91709],[126.24027,34.91506],[126.23798,34.91004],[126.23448,34.90944],[126.22022,34.91832],[126.21956,34.92413],[126.22724,34.93728],[126.23018,34.93749],[126.23859,34.93284],[126.24463,34.93553],[126.24888,34.94083]]],[[[126.06308,34.93279],[126.06841,34.93678],[126.07547,34.93373],[126.07876,34.93135],[126.07452,34.92445],[126.07628,34.92136],[126.08156,34.9192],[126.08973,34.92253],[126.09146,34.9214],[126.09009,34.91878],[126.08296,34.91555],[126.0838,34.91156],[126.09144,34.91146],[126.09413,34.90839],[126.09704,34.9111],[126.09862,34.90978],[126.08553,34.90031],[126.08365,34.89561],[126.09004,34.89021],[126.099,34.88946],[126.09671,34.88471],[126.09349,34.88347],[126.09444,34.8804],[126.09718,34.87981],[126.09528,34.87654],[126.09241,34.87814],[126.08968,34.87566],[126.08586,34.87572],[126.08183,34.88097],[126.07883,34.88119],[126.07877,34.87273],[126.08447,34.86628],[126.08437,34.86424],[126.07786,34.86577],[126.06849,34.86417],[126.06893,34.85843],[126.05001,34.85497],[126.04418,34.84845],[126.04731,34.84536],[126.04243,34.84446],[126.03231,34.85838],[126.0242,34.85938],[126.02021,34.86176],[126.02251,34.8638],[126.02512,34.87225],[126.02289,34.87264],[126.01754,34.86378],[126.00804,34.85917],[126.00429,34.86318],[125.99832,34.8653],[125.99365,34.86501],[125.99299,34.86295],[125.98817,34.8654],[125.98291,34.86263],[125.97731,34.86424],[125.97682,34.86568],[125.98242,34.86725],[125.97946,34.87332],[125.97716,34.87403],[125.97162,34.87048],[125.96748,34.87287],[125.96896,34.87627],[125.9749,34.87411],[125.97997,34.87682],[125.98558,34.87431],[125.99018,34.87675],[125.99566,34.88416],[125.99467,34.88697],[126.00019,34.88714],[126.00831,34.89758],[126.01569,34.90885],[126.01365,34.91191],[126.0165,34.91237],[126.01829,34.90907],[126.0228,34.90703],[126.0319,34.90912],[126.03745,34.91473],[126.03468,34.91963],[126.04017,34.91889],[126.04203,34.91355],[126.04097,34.91086],[126.04772,34.91004],[126.0546,34.91218],[126.06148,34.92133],[126.0584,34.92392],[126.06058,34.93119],[126.05639,34.93485],[126.05639,34.93865],[126.06308,34.93279]]],[[[126.27491,34.94632],[126.27669,34.9453],[126.27541,34.94408],[126.27267,34.94469],[126.27491,34.94632]]],[[[126.24977,34.94201],[126.25227,34.95149],[126.25582,34.94494],[126.24977,34.94201]]],[[[126.22901,34.95402],[126.22722,34.9554],[126.2298,34.95685],[126.22901,34.95402]]],[[[126.24151,34.95522],[126.24691,34.95447],[126.24893,34.95145],[126.24761,34.94714],[126.24355,34.9446],[126.23471,34.94564],[126.23299,34.94692],[126.23372,34.94987],[126.23017,34.95114],[126.23287,34.95515],[126.23726,34.95436],[126.23872,34.95787],[126.24151,34.95522]]],[[[126.16232,34.96133],[126.16118,34.95969],[126.16375,34.95604],[126.16356,34.9499],[126.16855,34.94525],[126.16035,34.94264],[126.15706,34.93817],[126.16137,34.94654],[126.15664,34.95517],[126.15991,34.95449],[126.16232,34.96133]]],[[[126.27421,34.96943],[126.28078,34.96465],[126.28848,34.96273],[126.29494,34.94984],[126.29552,34.94395],[126.29974,34.93878],[126.29575,34.93378],[126.28919,34.93596],[126.28602,34.93574],[126.28559,34.93392],[126.28205,34.93486],[126.28142,34.93674],[126.28716,34.94224],[126.27961,34.94876],[126.27657,34.94795],[126.27155,34.95689],[126.26708,34.95701],[126.26294,34.95198],[126.25853,34.9571],[126.25806,34.96234],[126.26365,34.96194],[126.26483,34.96384],[126.26273,34.96665],[126.26342,34.96856],[126.27421,34.96943]]],[[[126.2277,34.98221],[126.22964,34.98194],[126.22782,34.98157],[126.2266,34.98538],[126.2277,34.98221]]],[[[126.19667,34.92118],[126.19352,34.92234],[126.19186,34.93097],[126.19704,34.92744],[126.19933,34.93221],[126.19542,34.93447],[126.20137,34.9387],[126.19434,34.94017],[126.1926,34.9441],[126.189,34.94328],[126.18864,34.94633],[126.19461,34.95036],[126.19924,34.95018],[126.20485,34.94717],[126.20705,34.95627],[126.20144,34.96192],[126.19573,34.96273],[126.19551,34.96433],[126.19898,34.96404],[126.19948,34.97116],[126.20376,34.97587],[126.20658,34.97538],[126.21168,34.98015],[126.20469,34.98105],[126.20557,34.98427],[126.20865,34.98542],[126.20937,34.98187],[126.21154,34.98088],[126.21218,34.98462],[126.21566,34.9851],[126.2177,34.98245],[126.21425,34.97518],[126.21464,34.95526],[126.21228,34.953],[126.21152,34.95592],[126.20718,34.95636],[126.20504,34.94742],[126.20818,34.94567],[126.21006,34.94155],[126.20538,34.93833],[126.20186,34.93857],[126.20152,34.93673],[126.20798,34.92787],[126.20588,34.92673],[126.19923,34.92986],[126.19649,34.92628],[126.19852,34.92338],[126.19667,34.92118]]],[[[126.09744,34.99813],[126.09931,34.99869],[126.09851,34.99689],[126.09687,34.9969],[126.09642,34.99909],[126.09744,34.99813]]],[[[126.23368,35.00214],[126.23296,34.99741],[126.22622,34.9964],[126.2267,35.00112],[126.23368,35.00214]]],[[[126.2516,35.00612],[126.26144,35.00576],[126.26524,35.00087],[126.26537,34.99443],[126.26999,34.99405],[126.27051,34.99068],[126.26737,34.98636],[126.27096,34.98119],[126.27059,34.97611],[126.26052,34.97576],[126.25494,34.97309],[126.25107,34.97424],[126.24913,34.97295],[126.24446,34.97544],[126.24554,34.97866],[126.25052,34.98244],[126.24922,34.98494],[126.25054,34.9961],[126.2529,34.9994],[126.24666,35.00636],[126.2516,35.00612]]],[[[126.20147,35.00729],[126.19537,35.00658],[126.19862,35.01152],[126.20147,35.00729]]],[[[126.10192,35.00994],[126.09988,35.01194],[126.10078,35.0149],[126.10362,35.01386],[126.10192,35.00994]]],[[[126.10513,35.0169],[126.10129,35.01809],[126.10436,35.01899],[126.10513,35.0169]]],[[[126.10934,35.01642],[126.10735,35.0193],[126.11088,35.02097],[126.11225,35.01993],[126.10934,35.01642]]],[[[126.16352,34.96293],[126.1669,34.9684],[126.16229,34.97158],[126.15421,34.96846],[126.15,34.97086],[126.14413,34.96877],[126.14387,34.95639],[126.13755,34.95341],[126.13472,34.94888],[126.12828,34.94943],[126.12365,34.9472],[126.12439,34.95103],[126.12818,34.95139],[126.13643,34.96639],[126.13477,34.99141],[126.14144,34.98708],[126.14425,34.98659],[126.14516,34.98865],[126.13291,35.00159],[126.12218,35.0007],[126.11974,34.99664],[126.11215,34.99796],[126.10604,34.99665],[126.10455,34.99976],[126.09812,35.00212],[126.10046,35.0077],[126.10846,35.00559],[126.11512,35.01111],[126.11315,35.0148],[126.11479,35.0179],[126.12036,35.01669],[126.12765,35.02103],[126.12461,35.02387],[126.12772,35.02656],[126.13076,35.0231],[126.1336,35.02371],[126.13167,35.02624],[126.13292,35.02689],[126.1391,35.02238],[126.14257,35.02468],[126.14789,35.02119],[126.15423,35.02279],[126.16028,35.01805],[126.16553,35.02055],[126.16627,35.01546],[126.16187,35.01039],[126.16572,35.0082],[126.16568,35.00354],[126.17803,34.99651],[126.17795,34.97811],[126.17991,34.97492],[126.16683,34.96736],[126.16352,34.96293]]],[[[126.10838,35.02409],[126.10557,35.02571],[126.11072,35.02815],[126.11226,35.02691],[126.10838,35.02409]]],[[[126.22104,35.03346],[126.21769,35.0378],[126.22119,35.03751],[126.22104,35.03346]]],[[[126.12626,35.03734],[126.12635,35.03974],[126.13246,35.04187],[126.13267,35.03947],[126.12626,35.03734]]],[[[126.20745,35.05226],[126.20997,35.0454],[126.20933,35.04047],[126.20547,35.03956],[126.19994,35.0506],[126.19534,35.05288],[126.19413,35.05616],[126.2022,35.05863],[126.20745,35.05226]]],[[[126.14507,35.05943],[126.15168,35.05537],[126.1663,35.05618],[126.18027,35.05198],[126.18087,35.04728],[126.18583,35.04239],[126.18843,35.04172],[126.19383,35.04448],[126.20068,35.03901],[126.1997,35.03129],[126.1964,35.03062],[126.19502,35.02798],[126.19672,35.02737],[126.1975,35.01894],[126.19551,35.01021],[126.19016,35.00746],[126.19017,35.01411],[126.19366,35.01442],[126.19332,35.01724],[126.19211,35.01918],[126.18479,35.02128],[126.1852,35.02375],[126.18261,35.02719],[126.17884,35.0257],[126.17052,35.02713],[126.17016,35.02446],[126.16808,35.02589],[126.16715,35.03383],[126.16331,35.03557],[126.16275,35.03316],[126.16043,35.03244],[126.15807,35.03497],[126.15699,35.03351],[126.1487,35.03353],[126.14394,35.03988],[126.13948,35.04237],[126.13449,35.04201],[126.13777,35.04483],[126.13676,35.04729],[126.12831,35.04827],[126.12912,35.05138],[126.1335,35.05139],[126.13734,35.05756],[126.14057,35.05514],[126.14507,35.05943]]],[[[125.93317,35.05483],[125.92926,35.05626],[125.93022,35.05888],[125.93356,35.05685],[125.93317,35.05483]]],[[[126.12221,35.06495],[126.1236,35.06456],[126.12268,35.06279],[126.12104,35.06432],[126.12221,35.06495]]],[[[125.94732,35.06308],[125.94883,35.06209],[125.94829,35.05752],[125.94216,35.05735],[125.94448,35.06052],[125.943,35.06376],[125.94431,35.06487],[125.94732,35.06308]]],[[[126.13396,35.06652],[126.13337,35.06784],[126.13604,35.06825],[126.13396,35.06652]]],[[[125.92255,35.06664],[125.92601,35.06613],[125.92662,35.06145],[125.92133,35.06259],[125.92348,35.0648],[125.92255,35.06664]]],[[[126.13273,35.07029],[126.12887,35.072],[126.13038,35.0744],[126.13366,35.07128],[126.13273,35.07029]]],[[[126.14946,35.07299],[126.1456,35.07828],[126.14941,35.07554],[126.14946,35.07299]]],[[[126.15741,35.07747],[126.15372,35.07725],[126.15497,35.08042],[126.15741,35.07747]]],[[[125.91739,35.08443],[125.92172,35.08398],[125.92392,35.07785],[125.91677,35.07856],[125.91576,35.08101],[125.91739,35.08443]]],[[[126.13341,35.09344],[126.14398,35.09323],[126.14696,35.08905],[126.14659,35.08383],[126.14165,35.08211],[126.13727,35.08475],[126.13007,35.08364],[126.13341,35.09344]]],[[[126.03474,35.09418],[126.03499,35.09154],[126.03149,35.09204],[126.03474,35.09418]]],[[[125.98485,35.09476],[125.98302,35.09375],[125.98044,35.09776],[125.98485,35.09476]]],[[[126.03941,35.09868],[126.03718,35.09837],[126.03745,35.10111],[126.03941,35.09868]]],[[[126.02164,35.10032],[126.02959,35.08905],[126.02975,35.08273],[126.02706,35.07632],[126.0239,35.08011],[126.0198,35.07976],[126.01659,35.08697],[126.01225,35.08662],[126.01029,35.0931],[126.01017,35.09727],[126.01267,35.09946],[126.01833,35.09908],[126.01577,35.10433],[126.02164,35.10032]]],[[[125.98803,35.10528],[125.98854,35.10094],[125.98239,35.10047],[125.97767,35.10415],[125.98058,35.10575],[125.98363,35.10449],[125.98606,35.10708],[125.98803,35.10528]]],[[[126.20396,35.1062],[126.20973,35.10294],[126.21253,35.10555],[126.21786,35.10657],[126.2246,35.10441],[126.23155,35.09918],[126.23609,35.10138],[126.24828,35.09711],[126.24894,35.09152],[126.24485,35.08496],[126.24459,35.07713],[126.26098,35.06548],[126.26207,35.05673],[126.26069,35.04976],[126.26414,35.04244],[126.27415,35.03831],[126.27455,35.03447],[126.26623,35.02871],[126.26577,35.02243],[126.25992,35.01909],[126.25565,35.01274],[126.24983,35.01177],[126.24723,35.01357],[126.24279,35.02756],[126.23942,35.02179],[126.24092,35.01936],[126.23892,35.01827],[126.22992,35.01749],[126.22731,35.01977],[126.22689,35.02329],[126.23181,35.02606],[126.22883,35.02761],[126.23049,35.03543],[126.22768,35.03809],[126.23518,35.04436],[126.23273,35.05297],[126.22256,35.05787],[126.2091,35.05608],[126.20715,35.05463],[126.20912,35.05352],[126.19881,35.06296],[126.18247,35.0578],[126.1792,35.06658],[126.17554,35.06647],[126.17268,35.06355],[126.16863,35.06816],[126.16822,35.0723],[126.16507,35.06731],[126.16153,35.06676],[126.15958,35.07201],[126.16331,35.07385],[126.16542,35.08314],[126.15711,35.08964],[126.15927,35.0988],[126.17282,35.10621],[126.17812,35.10396],[126.18167,35.10895],[126.19037,35.1126],[126.20396,35.1062]]],[[[126.06418,35.1076],[126.05709,35.11081],[126.05755,35.11387],[126.06543,35.10896],[126.06418,35.1076]]],[[[126.04954,35.10986],[126.05209,35.10899],[126.04877,35.10733],[126.04207,35.11296],[126.04804,35.11602],[126.04954,35.10986]]],[[[126.19348,35.11755],[126.19016,35.11903],[126.19093,35.12061],[126.19348,35.11755]]],[[[126.20606,35.12082],[126.21003,35.11519],[126.20751,35.1113],[126.20257,35.1122],[126.19975,35.115],[126.20378,35.12048],[126.20606,35.12082]]],[[[126.20707,35.12292],[126.20009,35.12819],[126.20395,35.12897],[126.20894,35.12614],[126.20707,35.12292]]],[[[126.15,35.12823],[126.14874,35.13034],[126.15111,35.13022],[126.15,35.12823]]],[[[126.17046,35.12841],[126.16592,35.12928],[126.17103,35.1314],[126.17282,35.12958],[126.17046,35.12841]]],[[[125.88312,35.13807],[125.8887,35.13858],[125.89105,35.13524],[125.88509,35.13627],[125.88418,35.13491],[125.88715,35.13183],[125.87872,35.13928],[125.88312,35.13807]]],[[[125.90812,35.13087],[125.90299,35.13261],[125.90258,35.14202],[125.90943,35.13735],[125.90754,35.13481],[125.90942,35.13269],[125.90812,35.13087]]],[[[126.05561,35.07519],[126.05684,35.07715],[126.04826,35.08121],[126.04471,35.07981],[126.04218,35.08462],[126.04662,35.08652],[126.04861,35.09101],[126.05605,35.09579],[126.05568,35.09782],[126.05093,35.09873],[126.04895,35.10275],[126.0517,35.10451],[126.05441,35.10276],[126.06323,35.10445],[126.07035,35.10326],[126.08072,35.10752],[126.1118,35.13357],[126.11552,35.13919],[126.11345,35.14052],[126.11403,35.14327],[126.11687,35.14271],[126.11765,35.14051],[126.13803,35.14356],[126.14285,35.14068],[126.14709,35.14618],[126.15701,35.14724],[126.16386,35.14579],[126.15685,35.14306],[126.14795,35.14388],[126.14643,35.13957],[126.14062,35.13589],[126.12776,35.13666],[126.12441,35.13474],[126.11719,35.1159],[126.11933,35.11152],[126.11676,35.10638],[126.11847,35.09884],[126.11639,35.09667],[126.11815,35.09308],[126.12233,35.09169],[126.12268,35.08701],[126.11961,35.08507],[126.12353,35.08149],[126.11077,35.0836],[126.10536,35.0881],[126.10215,35.08801],[126.12238,35.07714],[126.11583,35.0713],[126.11241,35.0723],[126.10894,35.06963],[126.11747,35.06094],[126.11335,35.05877],[126.11098,35.06082],[126.10242,35.05686],[126.10397,35.05156],[126.10054,35.05025],[126.10131,35.04799],[126.09584,35.04802],[126.09643,35.05009],[126.09469,35.05142],[126.07879,35.05603],[126.07411,35.0595],[126.07726,35.06965],[126.06974,35.06671],[126.06722,35.0693],[126.06043,35.06832],[126.05899,35.06597],[126.06439,35.05684],[126.06289,35.05549],[126.05779,35.05666],[126.0605,35.06107],[126.05722,35.06368],[126.04956,35.06154],[126.04772,35.0648],[126.04292,35.06732],[126.04083,35.06489],[126.03783,35.0654],[126.03863,35.07064],[126.05494,35.06769],[126.05702,35.07149],[126.05531,35.07356],[126.05789,35.07621],[126.05561,35.07519]]],[[[126.20109,35.14776],[126.20305,35.14383],[126.20233,35.13951],[126.19978,35.13751],[126.19591,35.13881],[126.19013,35.13199],[126.18183,35.13009],[126.18217,35.13412],[126.1856,35.13672],[126.18312,35.14253],[126.20109,35.14776]]],[[[125.91243,35.21037],[125.91078,35.2053],[125.90528,35.20976],[125.91243,35.21037]]],[[[125.90361,35.21282],[125.90463,35.21044],[125.89965,35.2127],[125.90361,35.21282]]]]}},{"type":"Feature","properties":{"code":"37011","name":"포항시남구","slug":"nam-gu","wide":"gyeongbuk","center":[129.44119,35.97299]},"geometry":{"type":"MultiPolygon","coordinates":[[[[129.40119,36.03899],[129.43154,36.03038],[129.43193,36.02738],[129.41837,36.02642],[129.40747,36.02931],[129.39556,36.01794],[129.40264,36.01258],[129.40677,36.01387],[129.40387,36.01134],[129.40702,36.0089],[129.40971,36.0112],[129.4101,36.01605],[129.41275,36.0163],[129.4124,36.01182],[129.4157,36.01216],[129.41606,36.01665],[129.41829,36.01686],[129.41796,36.01284],[129.42248,36.01346],[129.42395,36.02239],[129.42315,36.01117],[129.41414,36.00458],[129.42359,36.01012],[129.41768,36.00631],[129.4214,36.00119],[129.43665,35.99432],[129.45149,35.99158],[129.45581,35.99315],[129.45795,35.99753],[129.45635,35.99995],[129.45877,36.00339],[129.48253,36.01653],[129.48861,36.01642],[129.50323,36.02568],[129.50482,36.03707],[129.51544,36.0434],[129.52532,36.05802],[129.53064,36.05648],[129.53348,36.05789],[129.53615,36.06477],[129.5404,36.06797],[129.54062,36.07274],[129.54545,36.07603],[129.54718,36.08489],[129.55143,36.08421],[129.55558,36.08609],[129.56188,36.07836],[129.57029,36.07786],[129.56862,36.06882],[129.57528,36.06235],[129.57867,36.04882],[129.58361,36.04629],[129.57877,36.03979],[129.5813,36.03705],[129.57713,36.03388],[129.58227,36.03169],[129.58204,36.0285],[129.57763,36.02669],[129.57721,36.02455],[129.58442,36.01654],[129.57735,36.01177],[129.57793,36.0073],[129.57116,36.00307],[129.56659,35.99725],[129.56726,35.98995],[129.5613,35.98949],[129.55763,35.9866],[129.56029,35.98952],[129.55643,35.99068],[129.55254,35.98729],[129.55193,35.98559],[129.55486,35.98307],[129.55853,35.98415],[129.55167,35.97874],[129.55165,35.97392],[129.55436,35.96825],[129.54903,35.96669],[129.54736,35.96426],[129.55047,35.96067],[129.54703,35.95744],[129.54643,35.95344],[129.54303,35.95158],[129.54373,35.94941],[129.54025,35.94987],[129.53528,35.94414],[129.53203,35.93626],[129.5294,35.93464],[129.53102,35.93189],[129.52581,35.93129],[129.52813,35.93313],[129.52335,35.93346],[129.51902,35.92895],[129.51861,35.92013],[129.52259,35.91647],[129.52743,35.90499],[129.53414,35.90017],[129.52532,35.89591],[129.52528,35.88938],[129.52927,35.88354],[129.52721,35.88125],[129.52041,35.88176],[129.51884,35.87366],[129.52517,35.87121],[129.53297,35.87157],[129.53434,35.86841],[129.52725,35.86371],[129.52509,35.85436],[129.51967,35.85091],[129.5173,35.84188],[129.5145,35.84022],[129.50783,35.83834],[129.49014,35.84341],[129.48034,35.85315],[129.47521,35.85011],[129.45521,35.84684],[129.45235,35.84786],[129.446,35.85898],[129.44609,35.86459],[129.44072,35.86878],[129.43699,35.8788],[129.43009,35.88055],[129.42579,35.88402],[129.42126,35.88404],[129.42138,35.87791],[129.41479,35.87633],[129.41039,35.87052],[129.41053,35.86144],[129.40705,35.85784],[129.3938,35.85667],[129.3912,35.86335],[129.38386,35.86254],[129.3794,35.8645],[129.37195,35.86076],[129.3612,35.86497],[129.35529,35.87266],[129.36368,35.87661],[129.36184,35.8883],[129.3584,35.88619],[129.35382,35.88687],[129.35086,35.89143],[129.34917,35.88822],[129.3437,35.88809],[129.33751,35.89259],[129.33867,35.89475],[129.33338,35.90105],[129.33394,35.91128],[129.33662,35.91616],[129.32961,35.92658],[129.33269,35.93056],[129.32771,35.93886],[129.31685,35.94633],[129.32008,35.95383],[129.31992,35.95812],[129.31519,35.95977],[129.31223,35.9683],[129.30805,35.96967],[129.30466,35.97928],[129.30225,35.98129],[129.30111,35.98498],[129.30455,35.98975],[129.30446,35.99458],[129.29299,35.99501],[129.29821,35.99687],[129.29854,36.00179],[129.29554,36.00361],[129.29675,36.00753],[129.29541,36.01071],[129.28839,36.01929],[129.28023,36.02342],[129.27723,36.02737],[129.28436,36.04722],[129.28152,36.05894],[129.28634,36.0627],[129.29319,36.06068],[129.3048,36.04936],[129.30817,36.04309],[129.31363,36.04376],[129.31712,36.04086],[129.32965,36.04263],[129.33376,36.04143],[129.33618,36.03938],[129.33913,36.03046],[129.34417,36.02792],[129.34695,36.02324],[129.34599,36.01935],[129.35033,36.01704],[129.34896,36.01532],[129.3512,36.01415],[129.361,36.02073],[129.36185,36.02706],[129.36788,36.02833],[129.37188,36.03288],[129.36943,36.03681],[129.37259,36.04987],[129.3762,36.04996],[129.37726,36.0415],[129.38579,36.02849],[129.40138,36.03873],[129.41182,36.03572],[129.40119,36.03899]]]]}},{"type":"Feature","properties":{"code":"37012","name":"포항시북구","slug":"buk-gu","wide":"gyeongbuk","center":[129.22598,36.1687]},"geometry":{"type":"MultiPolygon","coordinates":[[[[129.4643,36.09027],[129.46351,36.09849],[129.43958,36.11813],[129.46428,36.09829],[129.4643,36.09027]]],[[[129.42904,36.09429],[129.42903,36.09641],[129.42724,36.09618],[129.41846,36.08706],[129.41715,36.08147],[129.41985,36.07655],[129.41791,36.07367],[129.40902,36.07281],[129.40157,36.06971],[129.39604,36.06307],[129.38522,36.06387],[129.38101,36.06112],[129.37816,36.05248],[129.38317,36.04786],[129.38022,36.05093],[129.37281,36.05077],[129.36943,36.03681],[129.37188,36.03288],[129.36788,36.02833],[129.36185,36.02706],[129.361,36.02073],[129.3512,36.01415],[129.34896,36.01532],[129.35033,36.01704],[129.34599,36.01935],[129.34695,36.02324],[129.34417,36.02792],[129.33913,36.03046],[129.3345,36.04093],[129.32965,36.04263],[129.31712,36.04086],[129.31363,36.04376],[129.30675,36.04362],[129.3048,36.04936],[129.29677,36.0579],[129.28634,36.0627],[129.28499,36.07186],[129.27445,36.07961],[129.26991,36.07943],[129.26142,36.0748],[129.25381,36.0752],[129.25084,36.07305],[129.24731,36.07496],[129.23826,36.05241],[129.22736,36.04793],[129.22374,36.04379],[129.20386,36.0433],[129.1975,36.04059],[129.18395,36.02898],[129.17842,36.02743],[129.17629,36.03168],[129.17839,36.03429],[129.17817,36.04077],[129.17569,36.04218],[129.17728,36.04594],[129.17634,36.04778],[129.17044,36.04894],[129.17004,36.05332],[129.1647,36.05516],[129.15133,36.05483],[129.1486,36.0581],[129.14574,36.05692],[129.14079,36.05863],[129.13612,36.0622],[129.1374,36.06447],[129.13359,36.06827],[129.13487,36.07411],[129.12799,36.08065],[129.11236,36.07905],[129.11092,36.08327],[129.10514,36.08547],[129.09786,36.09257],[129.09429,36.0968],[129.09355,36.10422],[129.09945,36.10689],[129.10518,36.11405],[129.09849,36.12188],[129.08917,36.11825],[129.08101,36.11759],[129.07874,36.1124],[129.07287,36.11415],[129.06871,36.11756],[129.06675,36.12373],[129.05937,36.1296],[129.06454,36.13501],[129.06294,36.14338],[129.04732,36.15026],[129.04434,36.15597],[129.0364,36.15553],[129.0307,36.15888],[129.01952,36.16036],[129.01275,36.16366],[129.00577,36.1635],[128.99773,36.16769],[128.98949,36.16811],[128.99134,36.17198],[128.99064,36.17522],[129.00001,36.17943],[129.00954,36.17887],[129.02178,36.18311],[129.02589,36.18287],[129.0275,36.18481],[129.02815,36.19643],[129.03181,36.19817],[129.03262,36.2036],[129.03549,36.20345],[129.03588,36.21321],[129.04204,36.222],[129.05659,36.22397],[129.06491,36.21952],[129.06428,36.22519],[129.06585,36.22707],[129.07333,36.22941],[129.08186,36.23499],[129.07817,36.24008],[129.07815,36.2447],[129.07576,36.24547],[129.07571,36.25009],[129.06557,36.25392],[129.06203,36.25216],[129.05357,36.25959],[129.05232,36.26563],[129.05939,36.2706],[129.06723,36.27225],[129.07043,36.27117],[129.08018,36.27727],[129.08888,36.27234],[129.0932,36.27439],[129.09895,36.27069],[129.10243,36.26476],[129.10642,36.26734],[129.11188,36.26427],[129.11702,36.266],[129.12168,36.26172],[129.12618,36.26407],[129.13281,36.26205],[129.13368,36.25819],[129.13751,36.25509],[129.137,36.25033],[129.14554,36.24344],[129.14722,36.23916],[129.15274,36.23525],[129.16588,36.23208],[129.16608,36.22929],[129.17098,36.2248],[129.18658,36.23329],[129.1944,36.24358],[129.19737,36.24412],[129.19925,36.24703],[129.19853,36.2496],[129.20604,36.25735],[129.20714,36.26672],[129.21345,36.26917],[129.21412,36.27198],[129.22263,36.27335],[129.22676,36.27702],[129.22634,36.28326],[129.22107,36.28782],[129.22857,36.29593],[129.22349,36.30185],[129.22519,36.30531],[129.23129,36.30861],[129.23211,36.3132],[129.23884,36.31802],[129.24678,36.31791],[129.25604,36.3238],[129.26665,36.32077],[129.26895,36.32607],[129.26793,36.33071],[129.26987,36.33189],[129.27474,36.32764],[129.28201,36.32978],[129.28644,36.33337],[129.2905,36.32803],[129.29773,36.32387],[129.29884,36.31923],[129.29781,36.30906],[129.29196,36.3062],[129.29189,36.30197],[129.28961,36.29913],[129.28518,36.29769],[129.28773,36.28901],[129.28647,36.28637],[129.29092,36.27938],[129.30024,36.27339],[129.30412,36.26787],[129.31568,36.27183],[129.32812,36.26757],[129.33525,36.26899],[129.33922,36.26656],[129.35439,36.27319],[129.36643,36.26857],[129.37603,36.2682],[129.37293,36.25493],[129.38224,36.24133],[129.38639,36.23986],[129.38094,36.23027],[129.38598,36.22186],[129.38656,36.21748],[129.38146,36.20967],[129.37256,36.20702],[129.37257,36.19717],[129.37614,36.19068],[129.38163,36.18604],[129.38722,36.18371],[129.38833,36.18425],[129.38662,36.18641],[129.39345,36.1814],[129.39516,36.17241],[129.40002,36.1645],[129.39777,36.16086],[129.40054,36.15369],[129.39499,36.1415],[129.3981,36.1344],[129.42578,36.11379],[129.43002,36.11218],[129.4312,36.11365],[129.4399,36.11248],[129.43124,36.11244],[129.43223,36.11067],[129.43973,36.11065],[129.43958,36.09727],[129.43285,36.09708],[129.43249,36.10058],[129.43075,36.10063],[129.42904,36.09429]]]]}},{"type":"Feature","properties":{"code":"37020","name":"경주시","slug":"gyeongju-si","wide":"gyeongbuk","center":[129.24782,35.83462]},"geometry":{"type":"MultiPolygon","coordinates":[[[[129.4762,35.69277],[129.47416,35.69129],[129.47504,35.6892],[129.47158,35.68026],[129.46448,35.67659],[129.46528,35.66687],[129.45396,35.66463],[129.44963,35.65102],[129.43927,35.65524],[129.43507,35.65245],[129.4328,35.65665],[129.4284,35.65558],[129.41097,35.66383],[129.40335,35.66299],[129.39994,35.66756],[129.38185,35.67118],[129.37265,35.66923],[129.3716,35.67209],[129.36506,35.6757],[129.36407,35.67893],[129.35356,35.67938],[129.34006,35.66964],[129.33409,35.66976],[129.32864,35.66269],[129.32782,35.65884],[129.31912,35.65792],[129.31114,35.66052],[129.30449,35.65717],[129.30331,35.65008],[129.29699,35.64646],[129.29642,35.64351],[129.2829,35.65173],[129.28109,35.6506],[129.27495,35.65309],[129.26969,35.65114],[129.26044,35.65464],[129.2555,35.66046],[129.25475,35.66641],[129.25972,35.67228],[129.26103,35.67907],[129.25864,35.68311],[129.26219,35.68593],[129.26259,35.69113],[129.25685,35.7007],[129.23401,35.70387],[129.23176,35.70844],[129.22437,35.70956],[129.20929,35.71885],[129.20863,35.72117],[129.2017,35.71889],[129.19807,35.71451],[129.18129,35.72379],[129.17646,35.71566],[129.16031,35.71481],[129.15483,35.72094],[129.14453,35.72483],[129.13753,35.7207],[129.13951,35.71824],[129.13657,35.71548],[129.13678,35.71286],[129.12699,35.71404],[129.12282,35.70781],[129.1175,35.70667],[129.11275,35.70838],[129.09029,35.70268],[129.07722,35.69294],[129.06988,35.68237],[129.07071,35.67864],[129.07303,35.67738],[129.06715,35.67135],[129.06904,35.66905],[129.06789,35.6588],[129.08113,35.64684],[129.08085,35.64325],[129.07555,35.64036],[129.06931,35.64541],[129.0469,35.65052],[129.04315,35.65568],[129.04198,35.66262],[129.03521,35.67529],[129.03872,35.68992],[129.03736,35.695],[129.02183,35.68893],[129.00356,35.69457],[129.00305,35.70489],[128.99733,35.71106],[128.99756,35.71725],[128.99155,35.7192],[128.98673,35.72612],[128.97976,35.73108],[128.97809,35.73585],[128.97288,35.73742],[128.9756,35.74974],[128.97073,35.75467],[128.97369,35.76481],[128.97701,35.76793],[128.97466,35.7717],[128.98172,35.77359],[128.99018,35.77268],[128.99707,35.77812],[128.99796,35.78081],[128.99419,35.78429],[128.99479,35.7937],[128.9903,35.79985],[128.99679,35.8061],[129.00326,35.81675],[129.00418,35.82292],[129.00813,35.82615],[129.00886,35.83252],[129.01543,35.8392],[129.01672,35.84447],[129.01309,35.84691],[129.01881,35.85664],[129.03261,35.87066],[129.02597,35.89145],[129.02704,35.90504],[129.03517,35.9087],[129.0375,35.91253],[129.0456,35.9127],[129.0469,35.91835],[129.0548,35.91994],[129.0561,35.92404],[129.06173,35.92968],[129.05823,35.93303],[129.0668,35.9419],[129.07844,35.9416],[129.08164,35.93757],[129.08329,35.93993],[129.08705,35.93829],[129.09347,35.94022],[129.09779,35.93888],[129.10954,35.93024],[129.11567,35.91703],[129.11893,35.91708],[129.11886,35.91946],[129.12227,35.92239],[129.12737,35.92178],[129.13358,35.92761],[129.13611,35.933],[129.13331,35.93829],[129.12962,35.94026],[129.12881,35.94799],[129.11614,35.96173],[129.11874,35.96926],[129.11653,35.97135],[129.11721,35.98547],[129.11131,35.99612],[129.11336,36.00069],[129.11093,36.006],[129.11477,36.0135],[129.12663,36.00534],[129.13491,36.00629],[129.14403,36.01039],[129.14497,36.01207],[129.14103,36.02531],[129.13423,36.03438],[129.13723,36.03629],[129.13877,36.04024],[129.14192,36.04059],[129.14544,36.04395],[129.14745,36.0495],[129.15045,36.05072],[129.15111,36.05485],[129.1647,36.05516],[129.17004,36.05332],[129.17044,36.04894],[129.17634,36.04778],[129.17569,36.04218],[129.17817,36.04077],[129.17839,36.03429],[129.17629,36.03168],[129.17842,36.02743],[129.18124,36.02754],[129.1975,36.04059],[129.20386,36.0433],[129.22374,36.04379],[129.22736,36.04793],[129.23826,36.05241],[129.24731,36.07496],[129.25084,36.07305],[129.25381,36.0752],[129.26142,36.0748],[129.26991,36.07943],[129.27445,36.07961],[129.28647,36.07001],[129.28485,36.06693],[129.2862,36.06186],[129.28289,36.06121],[129.28152,36.05894],[129.28436,36.04722],[129.27723,36.02737],[129.28023,36.02342],[129.28839,36.01929],[129.29541,36.01071],[129.29675,36.00753],[129.29554,36.00361],[129.29854,36.00179],[129.29821,35.99687],[129.29299,35.99501],[129.30446,35.99458],[129.30455,35.98975],[129.30111,35.98498],[129.30225,35.98129],[129.30466,35.97928],[129.30805,35.96967],[129.31223,35.9683],[129.31519,35.95977],[129.31992,35.95812],[129.32008,35.95383],[129.31685,35.94633],[129.32771,35.93886],[129.33269,35.93056],[129.32961,35.92658],[129.33662,35.91616],[129.33394,35.91128],[129.33338,35.90105],[129.33867,35.89475],[129.33751,35.89259],[129.3437,35.88809],[129.34917,35.88822],[129.35086,35.89143],[129.35382,35.88687],[129.3626,35.88722],[129.36368,35.87661],[129.35529,35.87267],[129.3612,35.86497],[129.37195,35.86076],[129.37937,35.8645],[129.38386,35.86254],[129.3912,35.86335],[129.3938,35.85667],[129.40705,35.85784],[129.41053,35.86144],[129.41039,35.87052],[129.41479,35.87633],[129.42138,35.87791],[129.42126,35.88404],[129.42579,35.88402],[129.43009,35.88055],[129.43699,35.8788],[129.44072,35.86878],[129.44609,35.86459],[129.446,35.85898],[129.45235,35.84786],[129.45521,35.84684],[129.47521,35.85011],[129.48034,35.85315],[129.49014,35.84341],[129.50783,35.83834],[129.51798,35.84193],[129.5206,35.83767],[129.51455,35.83365],[129.50957,35.82428],[129.51277,35.817],[129.51018,35.8118],[129.51274,35.8085],[129.51213,35.8064],[129.50622,35.80875],[129.50361,35.80744],[129.50315,35.80465],[129.50578,35.80338],[129.49954,35.80031],[129.50014,35.79312],[129.496,35.78981],[129.49587,35.79144],[129.49366,35.79106],[129.49161,35.78781],[129.49176,35.78287],[129.49663,35.77156],[129.49408,35.76955],[129.49381,35.75924],[129.49397,35.76109],[129.49125,35.75839],[129.49407,35.75266],[129.48388,35.74345],[129.48633,35.72975],[129.48271,35.72063],[129.47899,35.7169],[129.48185,35.7071],[129.48159,35.71055],[129.47888,35.71241],[129.4766,35.71058],[129.47945,35.70794],[129.47482,35.70754],[129.47311,35.70449],[129.4762,35.69277]]]]}},{"type":"Feature","properties":{"code":"37030","name":"김천시","slug":"gimcheon-si","wide":"gyeongbuk","center":[128.08098,36.0553]},"geometry":{"type":"MultiPolygon","coordinates":[[[[128.14989,36.2567],[128.1599,36.25731],[128.16513,36.25508],[128.1676,36.25356],[128.16939,36.2479],[128.17313,36.24538],[128.18776,36.24368],[128.19682,36.24475],[128.20173,36.24004],[128.21408,36.23645],[128.21832,36.22999],[128.22602,36.2314],[128.23007,36.22674],[128.23413,36.22653],[128.23647,36.22469],[128.23344,36.21831],[128.23339,36.21441],[128.23672,36.20922],[128.23498,36.20796],[128.23472,36.2011],[128.23932,36.20042],[128.24282,36.19712],[128.25929,36.2016],[128.26236,36.19744],[128.27135,36.19556],[128.26975,36.19061],[128.27295,36.18576],[128.27316,36.1809],[128.27277,36.1759],[128.27071,36.17407],[128.27845,36.17093],[128.28099,36.17268],[128.2924,36.17091],[128.29517,36.16816],[128.2909,36.15606],[128.28612,36.1502],[128.28722,36.14484],[128.28455,36.14046],[128.29613,36.13243],[128.27775,36.11402],[128.27478,36.10447],[128.28265,36.10144],[128.29155,36.09483],[128.28963,36.09122],[128.29204,36.08798],[128.28496,36.08108],[128.29111,36.0709],[128.29359,36.0707],[128.30079,36.06273],[128.29912,36.06037],[128.30123,36.05732],[128.29942,36.05121],[128.29397,36.05036],[128.28878,36.04314],[128.2833,36.04682],[128.26104,36.04849],[128.25659,36.05184],[128.24104,36.04863],[128.22313,36.0554],[128.20903,36.04553],[128.19653,36.04641],[128.19419,36.04483],[128.19418,36.03977],[128.19631,36.03737],[128.19382,36.03154],[128.18855,36.03122],[128.18528,36.03358],[128.17769,36.03128],[128.16936,36.03552],[128.16433,36.03246],[128.1671,36.02992],[128.16799,36.01953],[128.17336,36.01418],[128.16832,36.01006],[128.16647,36.00207],[128.16622,35.99946],[128.1705,35.99639],[128.17056,35.99311],[128.166,35.98782],[128.15767,35.9874],[128.15579,35.97896],[128.15089,35.97582],[128.1501,35.97284],[128.15292,35.96886],[128.151,35.96633],[128.13578,35.96065],[128.1315,35.95998],[128.12349,35.96223],[128.11822,35.9593],[128.11079,35.96462],[128.1046,35.95809],[128.09553,35.95423],[128.0886,35.94664],[128.09069,35.93733],[128.0893,35.93506],[128.09125,35.93107],[128.08836,35.92142],[128.0848,35.92085],[128.07908,35.92704],[128.07395,35.92793],[128.07095,35.93648],[128.05615,35.94178],[128.04939,35.93672],[128.04665,35.93248],[128.04855,35.92015],[128.05467,35.91569],[128.05643,35.91008],[128.06069,35.90736],[128.05665,35.90513],[128.0573,35.90199],[128.06654,35.89591],[128.06553,35.88894],[128.06877,35.88574],[128.07096,35.87943],[128.08003,35.87316],[128.08685,35.87243],[128.07761,35.86183],[128.07653,35.85541],[128.07331,35.85051],[128.07716,35.84384],[128.07736,35.83966],[128.07421,35.83896],[128.06979,35.8412],[128.06089,35.83435],[128.05487,35.83436],[128.05165,35.82988],[128.02978,35.83565],[128.02428,35.83292],[128.01751,35.83252],[128.01178,35.82893],[128.00589,35.83394],[127.99699,35.83705],[127.98422,35.85764],[127.98175,35.85874],[127.97398,35.85207],[127.96255,35.85537],[127.95963,35.8603],[127.95118,35.86164],[127.94224,35.85454],[127.92578,35.85562],[127.9272,35.85843],[127.93134,35.85899],[127.93308,35.864],[127.92879,35.87035],[127.92842,35.87677],[127.93022,35.87863],[127.92808,35.88127],[127.92287,35.88258],[127.91852,35.89038],[127.92022,35.89322],[127.912,35.88984],[127.90228,35.88957],[127.89352,35.8868],[127.88824,35.89235],[127.88478,35.89311],[127.88273,35.89904],[127.88219,35.90319],[127.88816,35.91482],[127.8824,35.91947],[127.88364,35.9248],[127.88224,35.92888],[127.9061,35.94063],[127.91137,35.94918],[127.90227,35.9569],[127.89626,35.97191],[127.89635,35.97766],[127.88961,35.97966],[127.89415,35.98464],[127.89322,35.98678],[127.8756,35.99691],[127.87864,36.0025],[127.8757,36.00894],[127.87679,36.02271],[127.88346,36.02806],[127.88484,36.03589],[127.88854,36.03485],[127.90269,36.0391],[127.90612,36.04668],[127.91671,36.0543],[127.92564,36.0524],[127.93018,36.04944],[127.93629,36.05108],[127.94745,36.05769],[127.95348,36.06632],[127.96087,36.07034],[127.96169,36.08298],[127.95847,36.09016],[127.95971,36.09451],[127.96463,36.09555],[127.96489,36.09862],[127.96869,36.10313],[127.9652,36.11283],[127.9668,36.11806],[127.97016,36.12188],[127.97642,36.12273],[127.98778,36.12882],[127.98886,36.13283],[127.98729,36.14087],[127.98917,36.14397],[127.98748,36.14738],[127.9972,36.15547],[127.99048,36.15888],[127.98984,36.16516],[127.9826,36.17056],[127.98413,36.17817],[127.98134,36.17913],[127.97533,36.18771],[127.9812,36.19588],[127.97802,36.19811],[127.9841,36.2005],[127.99304,36.20003],[127.99845,36.2073],[128.00637,36.20732],[128.00975,36.20936],[128.02405,36.20665],[128.03863,36.19416],[128.0529,36.20082],[128.05815,36.20125],[128.05079,36.206],[128.05009,36.21646],[128.04222,36.21755],[128.039,36.22218],[128.04046,36.22468],[128.03934,36.22868],[128.03313,36.23371],[128.0299,36.24001],[128.03566,36.24347],[128.04026,36.25203],[128.04645,36.25173],[128.0473,36.24741],[128.05042,36.24425],[128.0573,36.2436],[128.06094,36.24667],[128.06667,36.24289],[128.07637,36.2419],[128.08775,36.24915],[128.08966,36.2524],[128.09665,36.25227],[128.10873,36.23716],[128.11914,36.24306],[128.12139,36.24622],[128.11957,36.25016],[128.12058,36.25317],[128.13114,36.25124],[128.1394,36.25805],[128.14989,36.2567]]]]}},{"type":"Feature","properties":{"code":"37040","name":"안동시","slug":"andong-si","wide":"gyeongbuk","center":[128.76317,36.57047]},"geometry":{"type":"MultiPolygon","coordinates":[[[[128.80481,36.81371],[128.80329,36.81101],[128.80511,36.80965],[128.80672,36.80103],[128.81145,36.79589],[128.81838,36.80154],[128.82158,36.8102],[128.84039,36.80904],[128.84372,36.80278],[128.86282,36.79935],[128.87216,36.78599],[128.88429,36.78297],[128.89045,36.77206],[128.89659,36.77186],[128.90453,36.77629],[128.91214,36.77407],[128.91939,36.76708],[128.92488,36.76905],[128.93032,36.76764],[128.94227,36.77358],[128.95397,36.77064],[128.95847,36.76584],[128.95822,36.76288],[128.964,36.75207],[128.97722,36.74692],[128.99112,36.74795],[128.99042,36.73996],[128.98745,36.73567],[128.98938,36.73196],[128.99695,36.72739],[128.99609,36.72277],[128.99956,36.71898],[128.99895,36.7124],[128.99427,36.70407],[128.99677,36.70073],[128.99741,36.69505],[128.99202,36.69177],[128.99403,36.6825],[128.99282,36.6773],[128.98945,36.67431],[128.99332,36.66918],[128.99089,36.66826],[128.99,36.66523],[128.99529,36.66174],[128.9966,36.65485],[128.99048,36.6485],[128.99114,36.64445],[128.99398,36.64225],[128.99145,36.63559],[128.99088,36.62388],[128.99644,36.6187],[128.9976,36.61154],[128.99591,36.60888],[128.99948,36.60044],[129.00073,36.5886],[128.99266,36.58104],[128.99073,36.57681],[128.9844,36.57345],[128.98394,36.56779],[128.97974,36.5652],[128.97921,36.56099],[128.98397,36.56106],[128.98815,36.55741],[128.99193,36.54872],[128.97658,36.54652],[128.97302,36.53213],[128.975,36.52713],[128.98168,36.52535],[128.98469,36.51551],[128.99292,36.51625],[128.99697,36.50739],[128.99394,36.50343],[128.99371,36.49862],[128.98938,36.49596],[128.98423,36.48756],[128.97525,36.48392],[128.97482,36.47971],[128.98118,36.47578],[128.97863,36.47074],[128.98478,36.46401],[128.97975,36.46439],[128.97445,36.46752],[128.96786,36.46207],[128.96998,36.45239],[128.97389,36.4519],[128.97378,36.44826],[128.97699,36.44492],[128.97425,36.44025],[128.97297,36.43173],[128.9832,36.41539],[128.98377,36.40455],[128.97934,36.40269],[128.98087,36.40206],[128.98042,36.39964],[128.97532,36.39292],[128.97607,36.38994],[128.96964,36.38257],[128.96493,36.36946],[128.96206,36.36674],[128.96641,36.3593],[128.9662,36.35653],[128.96291,36.35429],[128.966,36.34647],[128.96225,36.33882],[128.95086,36.33593],[128.94498,36.32591],[128.93449,36.31949],[128.93298,36.30851],[128.93101,36.30607],[128.9264,36.30687],[128.91826,36.30469],[128.9127,36.29833],[128.90737,36.29687],[128.89841,36.29572],[128.88949,36.2974],[128.89228,36.30482],[128.88623,36.31157],[128.88717,36.31689],[128.89244,36.32063],[128.89263,36.32563],[128.88606,36.34298],[128.87686,36.34483],[128.88107,36.35891],[128.87609,36.3648],[128.87171,36.36674],[128.87207,36.37036],[128.87821,36.37549],[128.87261,36.37725],[128.85973,36.3878],[128.85029,36.38828],[128.85139,36.39923],[128.84521,36.40461],[128.84568,36.41164],[128.84287,36.41549],[128.84262,36.42097],[128.83694,36.42354],[128.83423,36.42706],[128.83334,36.4319],[128.83546,36.43667],[128.83259,36.43793],[128.83186,36.4425],[128.82969,36.44391],[128.83126,36.4472],[128.83045,36.45234],[128.8133,36.45383],[128.8097,36.45926],[128.79964,36.45882],[128.79242,36.46595],[128.78885,36.46517],[128.78569,36.46681],[128.78219,36.46473],[128.78081,36.46702],[128.77598,36.4686],[128.7729,36.47572],[128.76773,36.48057],[128.7594,36.4845],[128.75363,36.48474],[128.74731,36.48886],[128.73253,36.4774],[128.72798,36.47638],[128.71882,36.4824],[128.71504,36.48168],[128.71,36.47679],[128.71012,36.47304],[128.70625,36.47118],[128.70358,36.46602],[128.70662,36.45802],[128.70604,36.44751],[128.69141,36.44401],[128.68327,36.44428],[128.67476,36.43668],[128.66879,36.43868],[128.66447,36.43799],[128.65361,36.42972],[128.64292,36.42821],[128.63746,36.42969],[128.63449,36.42678],[128.6296,36.42652],[128.62867,36.42003],[128.61036,36.41811],[128.60356,36.40514],[128.59717,36.41017],[128.59533,36.42738],[128.59821,36.43164],[128.58785,36.43977],[128.57707,36.44004],[128.57002,36.45091],[128.56643,36.45245],[128.56563,36.45929],[128.55987,36.46478],[128.55809,36.4695],[128.55899,36.47216],[128.55239,36.47589],[128.5517,36.48817],[128.54953,36.49035],[128.54358,36.49028],[128.53148,36.49835],[128.5167,36.49717],[128.51018,36.50029],[128.50647,36.49972],[128.50082,36.50446],[128.49796,36.51427],[128.49158,36.51757],[128.48633,36.5147],[128.47642,36.5143],[128.47473,36.49874],[128.46415,36.49892],[128.46165,36.49052],[128.45749,36.49388],[128.45329,36.49104],[128.4331,36.50284],[128.43198,36.51108],[128.43705,36.51632],[128.42849,36.52037],[128.43631,36.52253],[128.44016,36.52855],[128.44789,36.53147],[128.45523,36.53756],[128.46459,36.53827],[128.46454,36.54116],[128.45848,36.54764],[128.4583,36.5531],[128.45573,36.55472],[128.46157,36.55606],[128.46079,36.55764],[128.46333,36.55928],[128.46802,36.55988],[128.46771,36.56255],[128.49227,36.56985],[128.49307,36.57616],[128.49575,36.57786],[128.49577,36.5825],[128.49907,36.58457],[128.49365,36.58576],[128.49102,36.58838],[128.49386,36.59964],[128.49765,36.6033],[128.50492,36.60672],[128.50654,36.60212],[128.51263,36.60039],[128.52949,36.60138],[128.5349,36.61355],[128.52161,36.61981],[128.52429,36.62253],[128.52486,36.62854],[128.53086,36.6288],[128.53793,36.6338],[128.54509,36.63195],[128.55285,36.63666],[128.55885,36.63593],[128.5654,36.64023],[128.56608,36.64542],[128.57072,36.64812],[128.57677,36.6491],[128.58092,36.6475],[128.59576,36.65245],[128.59925,36.65064],[128.60427,36.65244],[128.60531,36.67209],[128.60123,36.67911],[128.60842,36.6841],[128.60908,36.69277],[128.60494,36.69317],[128.59706,36.69815],[128.59377,36.69689],[128.59046,36.69956],[128.59672,36.70278],[128.59765,36.70696],[128.59548,36.71025],[128.59818,36.71506],[128.60665,36.71715],[128.61524,36.71231],[128.61817,36.71526],[128.62771,36.71659],[128.62973,36.71966],[128.63653,36.71908],[128.64262,36.71765],[128.65189,36.71095],[128.66226,36.71439],[128.66688,36.71271],[128.67309,36.70851],[128.67357,36.70443],[128.68077,36.70028],[128.69287,36.70277],[128.69852,36.70674],[128.70752,36.70007],[128.71621,36.70342],[128.72097,36.70241],[128.72715,36.69602],[128.7374,36.698],[128.73514,36.70101],[128.73836,36.70247],[128.7375,36.70708],[128.73092,36.71089],[128.72917,36.71406],[128.73541,36.72513],[128.73183,36.72901],[128.73658,36.73885],[128.73688,36.74404],[128.74295,36.74995],[128.74302,36.75594],[128.73539,36.76385],[128.74557,36.77732],[128.73678,36.78359],[128.73707,36.79127],[128.74104,36.79034],[128.74832,36.80934],[128.75215,36.80717],[128.75862,36.81013],[128.76211,36.80767],[128.76304,36.80207],[128.7646,36.80181],[128.76792,36.8068],[128.7759,36.80492],[128.78154,36.80734],[128.78191,36.80958],[128.78763,36.81297],[128.79424,36.81469],[128.79966,36.8223],[128.80296,36.82316],[128.80891,36.81655],[128.80481,36.81371]]]]}},{"type":"Feature","properties":{"code":"37050","name":"구미시","slug":"gumi-si","wide":"gyeongbuk","center":[128.36491,36.20682]},"geometry":{"type":"MultiPolygon","coordinates":[[[[128.2662,36.36098],[128.27003,36.36195],[128.27741,36.35777],[128.27891,36.35378],[128.27734,36.35012],[128.28209,36.34901],[128.28211,36.34627],[128.29361,36.34861],[128.29709,36.34509],[128.30064,36.3446],[128.30506,36.33753],[128.30475,36.3328],[128.30794,36.33065],[128.31719,36.33202],[128.31595,36.33548],[128.32575,36.3426],[128.33195,36.34316],[128.33464,36.34917],[128.34602,36.34686],[128.34828,36.34317],[128.35352,36.34075],[128.35377,36.34206],[128.35833,36.34112],[128.36573,36.33812],[128.36752,36.33134],[128.37242,36.32497],[128.37874,36.3226],[128.3811,36.3177],[128.38037,36.31221],[128.38926,36.30964],[128.38786,36.3042],[128.3909,36.29915],[128.39517,36.29705],[128.39596,36.29306],[128.40111,36.28902],[128.41044,36.2872],[128.41352,36.28289],[128.42644,36.27541],[128.42115,36.26768],[128.42058,36.25971],[128.41617,36.25769],[128.42007,36.25378],[128.41765,36.24586],[128.42357,36.24036],[128.4238,36.237],[128.434,36.23435],[128.44095,36.21836],[128.44386,36.22122],[128.4509,36.22174],[128.46739,36.23026],[128.4716,36.22916],[128.47845,36.23471],[128.48505,36.23356],[128.48561,36.23026],[128.47953,36.22447],[128.48506,36.22427],[128.48916,36.22028],[128.48773,36.21559],[128.49324,36.20915],[128.49321,36.2007],[128.49544,36.19647],[128.49887,36.19601],[128.50294,36.18488],[128.50907,36.1873],[128.51342,36.19223],[128.51601,36.1997],[128.51819,36.20038],[128.52285,36.20137],[128.53661,36.19493],[128.54883,36.17781],[128.55682,36.17722],[128.55418,36.17347],[128.55237,36.16491],[128.54831,36.16426],[128.54445,36.16601],[128.54008,36.16109],[128.5429,36.15459],[128.54854,36.1514],[128.54967,36.14526],[128.54827,36.1407],[128.55291,36.13906],[128.54858,36.13097],[128.55488,36.12162],[128.56306,36.11779],[128.56284,36.11112],[128.5472,36.10887],[128.5433,36.11243],[128.54034,36.11063],[128.53448,36.1127],[128.52639,36.11156],[128.52036,36.1146],[128.51409,36.11143],[128.49905,36.11265],[128.49673,36.12057],[128.49278,36.12485],[128.49112,36.12395],[128.48964,36.11653],[128.48681,36.11256],[128.48411,36.11217],[128.4851,36.10871],[128.47893,36.10514],[128.47952,36.10163],[128.47549,36.09601],[128.47711,36.0927],[128.4637,36.0814],[128.46482,36.07643],[128.46967,36.07226],[128.46287,36.06974],[128.44813,36.07422],[128.44606,36.07796],[128.42929,36.07994],[128.42398,36.08386],[128.42228,36.08845],[128.41558,36.08278],[128.40865,36.08342],[128.4055,36.09148],[128.40377,36.09209],[128.39646,36.08949],[128.39548,36.09096],[128.39001,36.08012],[128.38212,36.0744],[128.38649,36.0702],[128.38255,36.06937],[128.37833,36.06533],[128.37012,36.06516],[128.3612,36.06058],[128.35783,36.06635],[128.35122,36.06696],[128.35155,36.06953],[128.34709,36.07171],[128.34289,36.08015],[128.33583,36.0825],[128.33061,36.09138],[128.32166,36.09184],[128.30527,36.08686],[128.29144,36.08843],[128.28963,36.09122],[128.29155,36.09483],[128.28265,36.10144],[128.27478,36.10447],[128.27775,36.11402],[128.29613,36.13243],[128.28455,36.14046],[128.28721,36.14479],[128.28612,36.1502],[128.2875,36.15346],[128.2909,36.15606],[128.29568,36.1664],[128.2924,36.17091],[128.28099,36.17268],[128.27845,36.17093],[128.27071,36.17407],[128.27277,36.1759],[128.27316,36.1809],[128.27295,36.18576],[128.26975,36.19061],[128.27135,36.19556],[128.26236,36.19744],[128.25929,36.2016],[128.24282,36.19712],[128.23932,36.20042],[128.23484,36.20103],[128.23498,36.20796],[128.23672,36.20922],[128.23339,36.21441],[128.23344,36.21831],[128.23572,36.22549],[128.23007,36.22674],[128.22602,36.2314],[128.21832,36.22999],[128.21408,36.23645],[128.20173,36.24004],[128.19682,36.24475],[128.18776,36.24368],[128.17232,36.24562],[128.16798,36.25003],[128.1676,36.25356],[128.1599,36.25731],[128.13686,36.25695],[128.13583,36.26385],[128.13278,36.26779],[128.13993,36.2864],[128.14906,36.28896],[128.15485,36.29527],[128.15882,36.29684],[128.16489,36.29705],[128.16958,36.29989],[128.18492,36.29735],[128.18985,36.30076],[128.19869,36.29789],[128.20559,36.29866],[128.21364,36.30534],[128.21942,36.3072],[128.2289,36.30315],[128.23261,36.33301],[128.23687,36.3352],[128.24662,36.35016],[128.25131,36.35132],[128.25096,36.35705],[128.25312,36.3595],[128.2584,36.36247],[128.2662,36.36098]]]]}},{"type":"Feature","properties":{"code":"37060","name":"영주시","slug":"yeongju-si","wide":"gyeongbuk","center":[128.62599,36.86066]},"geometry":{"type":"MultiPolygon","coordinates":[[[[128.65786,37.06083],[128.67565,37.05885],[128.68288,37.05314],[128.68907,37.05305],[128.7004,37.04083],[128.7091,37.03936],[128.70063,37.02881],[128.69978,37.02266],[128.70014,37.0187],[128.70265,37.01618],[128.70205,37.01254],[128.69267,37.00455],[128.69446,36.99842],[128.69197,36.99483],[128.69003,36.97912],[128.69345,36.97694],[128.69294,36.97377],[128.68711,36.9695],[128.68632,36.9601],[128.6815,36.95411],[128.67738,36.95338],[128.67336,36.94246],[128.66486,36.94316],[128.65899,36.93179],[128.66136,36.92687],[128.66645,36.92364],[128.66563,36.91899],[128.6705,36.91887],[128.66633,36.91779],[128.65867,36.90942],[128.65505,36.90987],[128.6549,36.91161],[128.64978,36.91057],[128.64682,36.90149],[128.64392,36.89932],[128.63985,36.89004],[128.63783,36.88942],[128.64431,36.87952],[128.65177,36.88186],[128.65005,36.87806],[128.65591,36.8703],[128.65432,36.86755],[128.64909,36.86762],[128.64549,36.86468],[128.64177,36.85717],[128.64485,36.85326],[128.64789,36.85589],[128.65676,36.8519],[128.66316,36.84225],[128.66787,36.84448],[128.67447,36.84253],[128.67351,36.84792],[128.67787,36.84908],[128.67799,36.85584],[128.68219,36.85796],[128.68417,36.86221],[128.69492,36.86261],[128.7009,36.86062],[128.70543,36.8671],[128.71512,36.86431],[128.72027,36.86774],[128.72678,36.86599],[128.72639,36.85477],[128.72934,36.85382],[128.73211,36.84683],[128.7366,36.84412],[128.73657,36.83939],[128.7347,36.8365],[128.73142,36.83618],[128.72833,36.83134],[128.71685,36.82915],[128.71298,36.82203],[128.71865,36.81859],[128.72757,36.81874],[128.7276,36.81166],[128.72126,36.80101],[128.72333,36.80008],[128.72829,36.79006],[128.7323,36.7918],[128.73607,36.80198],[128.74344,36.79749],[128.74098,36.79027],[128.73707,36.79127],[128.73642,36.78545],[128.73889,36.78163],[128.74557,36.77732],[128.73539,36.76385],[128.74302,36.75594],[128.74295,36.74995],[128.73688,36.74404],[128.73658,36.73885],[128.73183,36.72901],[128.73541,36.72513],[128.72917,36.71406],[128.73092,36.71089],[128.7375,36.70708],[128.73836,36.70247],[128.73514,36.70101],[128.7374,36.698],[128.7339,36.69631],[128.72715,36.69602],[128.72097,36.70241],[128.71631,36.70341],[128.70752,36.70007],[128.69852,36.70674],[128.69287,36.70277],[128.68077,36.70028],[128.67357,36.70443],[128.67309,36.70851],[128.66688,36.71271],[128.66226,36.71439],[128.65189,36.71095],[128.64142,36.71823],[128.63055,36.71979],[128.62771,36.71659],[128.61817,36.71526],[128.61524,36.71231],[128.60665,36.71715],[128.59818,36.71506],[128.59548,36.71025],[128.59765,36.70696],[128.59672,36.70278],[128.58935,36.70132],[128.58978,36.70469],[128.58332,36.70967],[128.58262,36.71751],[128.58446,36.72369],[128.58073,36.72359],[128.57662,36.72675],[128.57808,36.73277],[128.57288,36.73618],[128.57025,36.7357],[128.56917,36.73908],[128.57079,36.74251],[128.56591,36.74806],[128.56608,36.75241],[128.56096,36.76048],[128.5539,36.76268],[128.55171,36.76827],[128.54266,36.76717],[128.53666,36.77353],[128.52517,36.77016],[128.52002,36.77193],[128.51129,36.76509],[128.50639,36.76382],[128.50069,36.76576],[128.49934,36.7647],[128.49516,36.77009],[128.48469,36.776],[128.47502,36.7767],[128.47606,36.79378],[128.47117,36.80352],[128.47319,36.8149],[128.48262,36.82985],[128.48159,36.83468],[128.46276,36.84695],[128.45855,36.84555],[128.44899,36.84861],[128.44666,36.85337],[128.44913,36.86287],[128.448,36.86439],[128.43644,36.87365],[128.42397,36.87653],[128.42816,36.88477],[128.42679,36.88924],[128.43815,36.89984],[128.44475,36.91369],[128.44175,36.92736],[128.4604,36.93401],[128.46342,36.94376],[128.46278,36.94738],[128.46717,36.95145],[128.47705,36.95744],[128.48489,36.95747],[128.48744,36.96277],[128.50673,36.97008],[128.50642,36.97319],[128.51461,36.97758],[128.51547,36.98682],[128.52968,36.99081],[128.54303,36.99209],[128.55473,36.99829],[128.55682,37.00575],[128.56292,37.00789],[128.56346,37.01013],[128.56914,37.01277],[128.57127,37.01593],[128.57261,37.02197],[128.56693,37.026],[128.56541,37.03072],[128.56786,37.03387],[128.57773,37.03557],[128.58353,37.04373],[128.59683,37.04177],[128.60164,37.0441],[128.60679,37.0434],[128.60844,37.05281],[128.62171,37.04908],[128.62283,37.04534],[128.63292,37.0405],[128.63453,37.04655],[128.64613,37.06109],[128.6533,37.06551],[128.65601,37.06446],[128.65786,37.06083]]]]}},{"type":"Feature","properties":{"code":"37070","name":"영천시","slug":"yeongcheon-si","wide":"gyeongbuk","center":[128.94371,36.01329]},"geometry":{"type":"MultiPolygon","coordinates":[[[[128.92575,36.18064],[128.93349,36.17835],[128.93728,36.17936],[128.94988,36.16897],[128.96274,36.16655],[128.96898,36.16127],[128.97378,36.16175],[128.97837,36.16616],[128.98418,36.16788],[128.9939,36.16822],[129.00577,36.1635],[129.01275,36.16366],[129.01952,36.16036],[129.0307,36.15888],[129.0364,36.15553],[129.04434,36.15597],[129.04732,36.15026],[129.06328,36.14296],[129.06454,36.13501],[129.05934,36.12971],[129.06675,36.12373],[129.07053,36.11533],[129.07874,36.1124],[129.08101,36.11759],[129.08917,36.11825],[129.09798,36.12193],[129.10424,36.1167],[129.10518,36.11405],[129.09945,36.10689],[129.09355,36.10422],[129.09429,36.0968],[129.10514,36.08547],[129.11092,36.08327],[129.11236,36.07905],[129.12795,36.08068],[129.13487,36.07411],[129.13359,36.06827],[129.1374,36.06447],[129.13713,36.06105],[129.14406,36.05715],[129.1486,36.0581],[129.15133,36.05483],[129.14544,36.04395],[129.14192,36.04059],[129.13877,36.04024],[129.13723,36.03629],[129.13423,36.03438],[129.14103,36.02531],[129.14497,36.01207],[129.14403,36.01039],[129.13491,36.00629],[129.12663,36.00534],[129.11477,36.0135],[129.11093,36.006],[129.11336,36.00069],[129.11131,35.99612],[129.11721,35.98547],[129.11653,35.97135],[129.11874,35.96926],[129.11614,35.96173],[129.12881,35.94799],[129.12962,35.94026],[129.13331,35.93829],[129.13611,35.933],[129.13358,35.92761],[129.12737,35.92178],[129.12227,35.92239],[129.11886,35.91946],[129.11893,35.91708],[129.11567,35.91703],[129.10954,35.93024],[129.09779,35.93888],[129.09347,35.94022],[129.08705,35.93829],[129.08329,35.93993],[129.08164,35.93757],[129.07844,35.9416],[129.06498,35.94128],[129.05823,35.93303],[129.06173,35.92968],[129.0561,35.92404],[129.0548,35.91994],[129.0469,35.91835],[129.0456,35.9127],[129.0375,35.91253],[129.03517,35.9087],[129.02704,35.90504],[129.02597,35.89145],[129.03261,35.87066],[129.01881,35.85664],[129.01309,35.84691],[129.01523,35.8462],[128.99481,35.84038],[128.98451,35.83356],[128.97055,35.83554],[128.97015,35.84049],[128.96315,35.84245],[128.95924,35.8419],[128.94567,35.83089],[128.94207,35.83163],[128.94045,35.83548],[128.93196,35.8368],[128.92465,35.83438],[128.92288,35.83619],[128.91635,35.83676],[128.91432,35.83365],[128.90959,35.83157],[128.90241,35.83705],[128.8964,35.83705],[128.89245,35.8447],[128.88322,35.84322],[128.88224,35.84658],[128.87547,35.85191],[128.87566,35.86025],[128.87378,35.8646],[128.86139,35.87209],[128.85904,35.8776],[128.86617,35.8835],[128.8708,35.88424],[128.87482,35.88898],[128.8706,35.8917],[128.87002,35.8943],[128.85519,35.90014],[128.85382,35.90781],[128.85594,35.91454],[128.85263,35.92046],[128.85721,35.92437],[128.85687,35.92643],[128.86227,35.9293],[128.8596,35.9338],[128.86175,35.93734],[128.85981,35.94054],[128.85936,35.95388],[128.85427,35.95483],[128.84923,35.96161],[128.83939,35.96345],[128.83694,35.96773],[128.82761,35.96402],[128.81324,35.96546],[128.81136,35.96777],[128.81188,35.97344],[128.79883,35.98124],[128.79058,35.98368],[128.78676,35.98818],[128.76989,35.98298],[128.75644,35.99021],[128.74866,35.99054],[128.74,35.99387],[128.7347,35.99308],[128.72266,36.00613],[128.70138,36.01085],[128.6968,36.01317],[128.69416,36.01821],[128.69747,36.02176],[128.69984,36.02866],[128.69686,36.03625],[128.70411,36.04441],[128.70374,36.05801],[128.71163,36.06718],[128.71404,36.07548],[128.72283,36.07329],[128.7269,36.07707],[128.7293,36.08274],[128.7275,36.08681],[128.7229,36.09022],[128.72654,36.09323],[128.73361,36.09426],[128.73586,36.0977],[128.74375,36.102],[128.74516,36.10925],[128.75164,36.10305],[128.75275,36.09583],[128.75026,36.09207],[128.75367,36.09078],[128.76452,36.10066],[128.78735,36.08959],[128.78942,36.08623],[128.79522,36.08706],[128.79853,36.08532],[128.81064,36.08904],[128.81639,36.09231],[128.82228,36.10047],[128.83262,36.10199],[128.83655,36.10703],[128.83784,36.11305],[128.85095,36.11818],[128.85246,36.12129],[128.8512,36.12463],[128.85344,36.12842],[128.85063,36.13743],[128.85857,36.14497],[128.86798,36.14524],[128.87653,36.14263],[128.89159,36.14348],[128.89004,36.14725],[128.89227,36.15529],[128.89548,36.15982],[128.9002,36.16238],[128.89445,36.16941],[128.89728,36.17672],[128.91317,36.18094],[128.9146,36.17978],[128.91956,36.18459],[128.92575,36.18064]]]]}},{"type":"Feature","properties":{"code":"37080","name":"상주시","slug":"sangju-si","wide":"gyeongbuk","center":[128.02754,36.45743]},"geometry":{"type":"MultiPolygon","coordinates":[[[[127.8879,36.63464],[127.89017,36.62887],[127.90718,36.62581],[127.9118,36.61454],[127.9188,36.60868],[127.91996,36.60112],[127.92395,36.60202],[127.9249,36.59824],[127.93284,36.59114],[127.93319,36.58302],[127.93055,36.57758],[127.93693,36.56964],[127.9336,36.55909],[127.94003,36.55114],[127.9357,36.54442],[127.93777,36.53762],[127.93028,36.53602],[127.93182,36.53226],[127.93965,36.52634],[127.95281,36.52311],[127.95813,36.52441],[127.96037,36.52082],[127.97694,36.51302],[127.97959,36.51386],[127.97821,36.51979],[127.98117,36.5275],[127.97764,36.53306],[127.9809,36.53623],[127.97851,36.5433],[127.98299,36.54572],[127.99287,36.54497],[127.99753,36.54979],[128.00473,36.55066],[128.01698,36.54444],[128.02332,36.54464],[128.0275,36.54744],[128.05406,36.54621],[128.05596,36.54742],[128.05519,36.54963],[128.05928,36.55809],[128.06298,36.56145],[128.06622,36.56142],[128.06061,36.57422],[128.05814,36.57554],[128.05798,36.58188],[128.05647,36.58284],[128.05737,36.58556],[128.06831,36.59272],[128.06858,36.59619],[128.07211,36.59885],[128.07151,36.60532],[128.08615,36.60931],[128.10527,36.60663],[128.11231,36.61093],[128.11196,36.6163],[128.1157,36.62098],[128.1197,36.62193],[128.12537,36.61919],[128.12704,36.6157],[128.1453,36.6077],[128.15086,36.59968],[128.15826,36.60024],[128.16211,36.59655],[128.17675,36.59642],[128.18101,36.58496],[128.17784,36.58413],[128.18208,36.58128],[128.19028,36.58379],[128.2016,36.57874],[128.2067,36.57852],[128.20784,36.57717],[128.20615,36.57221],[128.21762,36.57264],[128.21929,36.57508],[128.21992,36.57026],[128.2165,36.56213],[128.21824,36.55727],[128.21637,36.54771],[128.21724,36.53912],[128.2223,36.53471],[128.23575,36.53005],[128.25245,36.53527],[128.26516,36.53188],[128.26797,36.53579],[128.27085,36.51922],[128.2666,36.51631],[128.26437,36.50712],[128.2703,36.48678],[128.26205,36.47698],[128.26507,36.47585],[128.26745,36.47756],[128.27918,36.47184],[128.27854,36.46672],[128.28058,36.46355],[128.29115,36.46183],[128.29549,36.46505],[128.29964,36.46347],[128.30855,36.45473],[128.31351,36.45459],[128.3259,36.44032],[128.32651,36.43693],[128.32164,36.43225],[128.32302,36.42765],[128.32174,36.4236],[128.32888,36.42367],[128.33376,36.42013],[128.33247,36.41878],[128.33336,36.41239],[128.33904,36.40495],[128.33451,36.40058],[128.32933,36.38904],[128.32626,36.38619],[128.3175,36.38763],[128.31132,36.37512],[128.31034,36.36415],[128.28768,36.3463],[128.28211,36.34627],[128.28209,36.34901],[128.27734,36.35012],[128.27891,36.35378],[128.27771,36.35739],[128.27003,36.36195],[128.26389,36.36102],[128.2584,36.36247],[128.25312,36.3595],[128.25096,36.35705],[128.25131,36.35132],[128.24662,36.35016],[128.23687,36.3352],[128.23192,36.33163],[128.2289,36.30315],[128.21942,36.3072],[128.21364,36.30534],[128.20559,36.29866],[128.19869,36.29789],[128.18985,36.30076],[128.18492,36.29735],[128.16958,36.29989],[128.16489,36.29705],[128.15485,36.29527],[128.14906,36.28896],[128.13993,36.2864],[128.13302,36.27027],[128.13698,36.26073],[128.13574,36.25437],[128.13114,36.25124],[128.12058,36.25317],[128.11957,36.25016],[128.12139,36.24622],[128.10996,36.23732],[128.1022,36.24367],[128.09665,36.25227],[128.08966,36.2524],[128.08775,36.24915],[128.07637,36.2419],[128.06667,36.24289],[128.06094,36.24667],[128.0573,36.2436],[128.05042,36.24425],[128.04618,36.24968],[128.04735,36.25655],[128.03318,36.26153],[128.02692,36.26535],[128.02622,36.2679],[128.01903,36.26729],[128.01032,36.27215],[128.00048,36.26644],[127.99782,36.26816],[127.99441,36.26744],[127.99053,36.26338],[127.98119,36.26365],[127.97672,36.25929],[127.97832,36.25459],[127.97056,36.2504],[127.96482,36.25318],[127.96017,36.25237],[127.95461,36.25722],[127.94925,36.25665],[127.94736,36.26724],[127.9428,36.26673],[127.93793,36.26906],[127.93091,36.27801],[127.92353,36.27871],[127.90811,36.28551],[127.90429,36.30145],[127.88991,36.28924],[127.88264,36.27375],[127.86086,36.27706],[127.85212,36.27392],[127.84918,36.2888],[127.84565,36.29369],[127.84686,36.30076],[127.84148,36.31],[127.84577,36.31812],[127.85071,36.32081],[127.85256,36.32963],[127.86152,36.33508],[127.86576,36.33558],[127.86999,36.33987],[127.87015,36.34349],[127.88261,36.34592],[127.88551,36.35016],[127.88564,36.3547],[127.89051,36.35657],[127.89126,36.35966],[127.88653,36.36361],[127.88367,36.37064],[127.8799,36.37145],[127.8831,36.37417],[127.88417,36.38001],[127.8792,36.38336],[127.87572,36.39059],[127.8629,36.39297],[127.86631,36.39475],[127.86387,36.40304],[127.87301,36.40589],[127.87569,36.41435],[127.88271,36.42217],[127.88272,36.42435],[127.87299,36.42428],[127.87547,36.42967],[127.87215,36.44086],[127.87477,36.44882],[127.87832,36.45049],[127.87898,36.45774],[127.88196,36.46184],[127.87837,36.46708],[127.88082,36.46852],[127.88238,36.47587],[127.88062,36.48063],[127.87528,36.48317],[127.87609,36.48837],[127.87873,36.48949],[127.88047,36.49327],[127.88871,36.49314],[127.89486,36.49836],[127.89761,36.49848],[127.90634,36.50694],[127.90254,36.51324],[127.90339,36.51727],[127.90091,36.52501],[127.90246,36.52807],[127.89635,36.5312],[127.89297,36.53052],[127.88872,36.53369],[127.87901,36.53471],[127.87609,36.53702],[127.87441,36.54086],[127.87048,36.54282],[127.87299,36.55133],[127.87032,36.55915],[127.86022,36.56592],[127.86042,36.56795],[127.85236,36.57115],[127.84326,36.56898],[127.84262,36.57054],[127.83707,36.5701],[127.83016,36.57428],[127.82447,36.57091],[127.81818,36.57468],[127.8162,36.57808],[127.8049,36.58139],[127.79848,36.58644],[127.79943,36.58953],[127.79615,36.59526],[127.79847,36.60208],[127.80319,36.60214],[127.81191,36.60741],[127.81811,36.60837],[127.82086,36.61054],[127.821,36.61331],[127.82665,36.61142],[127.83216,36.6126],[127.8407,36.60829],[127.8498,36.61312],[127.85519,36.61188],[127.8583,36.61353],[127.85573,36.61758],[127.84981,36.61958],[127.84784,36.62494],[127.85056,36.63125],[127.84675,36.63399],[127.86129,36.63556],[127.87575,36.6562],[127.88002,36.65675],[127.88235,36.6465],[127.88924,36.63984],[127.8879,36.63464]]]]}},{"type":"Feature","properties":{"code":"37090","name":"문경시","slug":"mungyeong-si","wide":"gyeongbuk","center":[128.13065,36.6738]},"geometry":{"type":"MultiPolygon","coordinates":[[[[128.25942,36.86509],[128.26503,36.86414],[128.26857,36.86033],[128.27618,36.85714],[128.28248,36.85596],[128.28656,36.84503],[128.29562,36.83534],[128.31575,36.82276],[128.31645,36.81666],[128.33446,36.81696],[128.35318,36.81245],[128.35676,36.81062],[128.35708,36.80632],[128.36128,36.80286],[128.36751,36.80264],[128.37191,36.79751],[128.3646,36.77526],[128.36777,36.7676],[128.36333,36.76132],[128.36909,36.75116],[128.35939,36.74061],[128.33907,36.74086],[128.33705,36.73638],[128.33277,36.73566],[128.3347,36.72329],[128.33154,36.7204],[128.33627,36.71059],[128.33436,36.70719],[128.33492,36.70362],[128.33061,36.69738],[128.3369,36.69364],[128.3336,36.68779],[128.32042,36.67829],[128.32669,36.66905],[128.33423,36.66539],[128.33545,36.65854],[128.34969,36.65412],[128.35048,36.65219],[128.34788,36.64675],[128.34232,36.64587],[128.3396,36.64737],[128.33374,36.64207],[128.3303,36.64185],[128.32697,36.64461],[128.31966,36.64567],[128.32054,36.64896],[128.31625,36.65694],[128.30899,36.6561],[128.30787,36.65202],[128.30978,36.64155],[128.30699,36.63809],[128.29877,36.635],[128.29439,36.62992],[128.28862,36.62973],[128.28643,36.62615],[128.28742,36.62267],[128.28302,36.61691],[128.27,36.61494],[128.27231,36.61294],[128.27198,36.60979],[128.262,36.61118],[128.26294,36.60568],[128.2742,36.59727],[128.28208,36.58814],[128.28556,36.57773],[128.29064,36.57926],[128.29587,36.57833],[128.2956,36.56476],[128.2936,36.55907],[128.29694,36.55352],[128.29166,36.55166],[128.26498,36.55196],[128.2621,36.54612],[128.26797,36.53579],[128.26575,36.53203],[128.25245,36.53527],[128.23575,36.53005],[128.23015,36.53167],[128.2223,36.53471],[128.21705,36.53946],[128.21637,36.54771],[128.21824,36.55727],[128.2165,36.56213],[128.21992,36.57026],[128.21929,36.57508],[128.21762,36.57264],[128.20609,36.57222],[128.20784,36.57717],[128.2067,36.57852],[128.2016,36.57874],[128.19028,36.58379],[128.18125,36.58167],[128.17784,36.58413],[128.18101,36.58496],[128.17675,36.59642],[128.16211,36.59655],[128.15826,36.60024],[128.15086,36.59968],[128.1453,36.6077],[128.12704,36.6157],[128.12537,36.61919],[128.1197,36.62193],[128.11325,36.61908],[128.11231,36.61093],[128.10527,36.60663],[128.08615,36.60931],[128.07151,36.60532],[128.07211,36.59885],[128.06858,36.59619],[128.06831,36.59272],[128.05737,36.58556],[128.05647,36.58284],[128.05798,36.58188],[128.05814,36.57554],[128.06061,36.57422],[128.06622,36.56142],[128.06298,36.56145],[128.05928,36.55809],[128.05519,36.54963],[128.05596,36.54742],[128.05406,36.54621],[128.0275,36.54744],[128.02332,36.54464],[128.01698,36.54444],[128.00473,36.55066],[127.99753,36.54979],[127.99124,36.54459],[127.98202,36.54542],[127.97851,36.5433],[127.9809,36.53623],[127.97764,36.53306],[127.98117,36.5275],[127.97821,36.51979],[127.97959,36.51386],[127.97694,36.51302],[127.96037,36.52082],[127.95813,36.52441],[127.95281,36.52311],[127.93965,36.52634],[127.93452,36.52952],[127.93028,36.53602],[127.93777,36.53762],[127.9357,36.54442],[127.94003,36.55114],[127.93407,36.55713],[127.93353,36.56094],[127.9365,36.56444],[127.93693,36.56964],[127.93055,36.57758],[127.93319,36.58302],[127.93284,36.59114],[127.9249,36.59824],[127.92397,36.61277],[127.92441,36.61601],[127.93238,36.61874],[127.93195,36.62523],[127.93596,36.633],[127.93381,36.63608],[127.93431,36.64109],[127.939,36.64599],[127.93908,36.65275],[127.93164,36.6554],[127.93221,36.66452],[127.92957,36.66877],[127.91771,36.66785],[127.91258,36.6779],[127.90037,36.6822],[127.89517,36.68109],[127.89167,36.68244],[127.88762,36.67863],[127.88001,36.67871],[127.87467,36.6826],[127.88198,36.68345],[127.88187,36.68575],[127.8873,36.69117],[127.89389,36.69438],[127.91746,36.69321],[127.92892,36.69084],[127.93159,36.69442],[127.93086,36.70136],[127.93357,36.70649],[127.94648,36.70621],[127.94953,36.70805],[127.94918,36.71988],[127.95361,36.72268],[127.95697,36.73559],[127.96055,36.73719],[127.96316,36.73339],[127.97072,36.73091],[127.97315,36.7262],[127.98025,36.72008],[127.98685,36.71755],[128.00194,36.71726],[128.00936,36.72837],[128.01484,36.73019],[128.02093,36.72193],[128.02563,36.71933],[128.03191,36.71878],[128.04903,36.70801],[128.07038,36.7077],[128.07267,36.7122],[128.06799,36.72223],[128.05733,36.73103],[128.05556,36.73042],[128.05072,36.73671],[128.03232,36.74758],[128.03237,36.75517],[128.0448,36.77105],[128.04691,36.77861],[128.04556,36.78244],[128.04877,36.78362],[128.05498,36.79266],[128.05613,36.79842],[128.05397,36.8052],[128.05795,36.80701],[128.0569,36.80956],[128.05964,36.81677],[128.06569,36.81718],[128.0718,36.81455],[128.08537,36.8042],[128.08383,36.7993],[128.0935,36.79678],[128.09296,36.80286],[128.10708,36.80731],[128.10988,36.82147],[128.11845,36.82149],[128.12988,36.82515],[128.13398,36.82844],[128.13357,36.8328],[128.14178,36.83334],[128.14422,36.83017],[128.149,36.82863],[128.15313,36.82244],[128.16263,36.82099],[128.17132,36.8221],[128.1848,36.81663],[128.19368,36.81712],[128.21422,36.8117],[128.21672,36.81325],[128.21732,36.81937],[128.21451,36.83485],[128.21072,36.84243],[128.21275,36.84918],[128.23702,36.84535],[128.23871,36.85018],[128.2344,36.85468],[128.23466,36.86283],[128.2395,36.8651],[128.24088,36.87211],[128.25942,36.86509]]]]}},{"type":"Feature","properties":{"code":"37100","name":"경산시","slug":"gyeongsan-si","wide":"gyeongbuk","center":[128.81624,35.83562]},"geometry":{"type":"MultiPolygon","coordinates":[[[[128.74716,35.9909],[128.75644,35.99021],[128.76989,35.98298],[128.78676,35.98818],[128.79058,35.98368],[128.79883,35.98124],[128.81188,35.97344],[128.81136,35.96777],[128.81324,35.96546],[128.82761,35.96402],[128.83694,35.96773],[128.83939,35.96345],[128.84923,35.96161],[128.85427,35.95483],[128.85936,35.95388],[128.85981,35.94054],[128.86175,35.93734],[128.8596,35.9338],[128.86227,35.9293],[128.85687,35.92643],[128.85721,35.92437],[128.85263,35.92046],[128.85594,35.91454],[128.85382,35.90781],[128.85519,35.90014],[128.87002,35.8943],[128.8706,35.8917],[128.87482,35.88898],[128.8708,35.88424],[128.86617,35.8835],[128.85904,35.8776],[128.86139,35.87209],[128.87378,35.8646],[128.87566,35.86025],[128.87547,35.85191],[128.88224,35.84658],[128.88286,35.84346],[128.89245,35.8447],[128.8964,35.83705],[128.90241,35.83705],[128.90959,35.83157],[128.91432,35.83365],[128.91635,35.83676],[128.92288,35.83619],[128.92465,35.83438],[128.93196,35.8368],[128.94045,35.83548],[128.94207,35.83163],[128.94567,35.83089],[128.95924,35.8419],[128.97015,35.84049],[128.97055,35.83554],[128.96569,35.83461],[128.96178,35.83019],[128.96227,35.82814],[128.95949,35.82571],[128.95452,35.81375],[128.95664,35.80531],[128.95562,35.8014],[128.95152,35.80082],[128.94988,35.79336],[128.94382,35.78629],[128.94587,35.7824],[128.9314,35.75958],[128.92501,35.7608],[128.91394,35.7583],[128.91097,35.75384],[128.90484,35.75064],[128.90423,35.7486],[128.9071,35.74733],[128.90428,35.74623],[128.90102,35.75102],[128.898,35.76221],[128.89456,35.76403],[128.89254,35.75543],[128.88611,35.75101],[128.87614,35.74799],[128.86623,35.7582],[128.86051,35.75543],[128.85839,35.75723],[128.85486,35.75683],[128.85847,35.74749],[128.85004,35.74129],[128.8343,35.74556],[128.83166,35.7406],[128.8271,35.73875],[128.8156,35.74307],[128.80997,35.74031],[128.80575,35.74462],[128.80082,35.7458],[128.79737,35.74384],[128.78938,35.74374],[128.78487,35.73578],[128.78664,35.73383],[128.78555,35.73259],[128.77533,35.72982],[128.77329,35.727],[128.77371,35.72282],[128.76461,35.71783],[128.76345,35.70861],[128.7666,35.70628],[128.76587,35.70153],[128.75844,35.7005],[128.75374,35.70107],[128.7377,35.70885],[128.73237,35.71996],[128.71488,35.72113],[128.7095,35.73257],[128.70303,35.73728],[128.70256,35.7437],[128.69366,35.74365],[128.69244,35.7467],[128.69522,35.75687],[128.68939,35.76713],[128.68635,35.76872],[128.68707,35.7755],[128.68156,35.78396],[128.68251,35.79015],[128.68977,35.79276],[128.69331,35.79679],[128.69653,35.79458],[128.69981,35.79505],[128.71016,35.80425],[128.71752,35.80685],[128.71389,35.81751],[128.70906,35.8216],[128.70862,35.82638],[128.71919,35.83586],[128.7218,35.83467],[128.72508,35.83616],[128.72409,35.83944],[128.72687,35.84721],[128.72545,35.85377],[128.72187,35.85695],[128.7256,35.85773],[128.73502,35.85144],[128.73857,35.8513],[128.75075,35.85751],[128.7551,35.86358],[128.7598,35.86607],[128.75884,35.87061],[128.7607,35.87387],[128.75768,35.8781],[128.76133,35.88752],[128.75656,35.90357],[128.7598,35.90683],[128.7553,35.91501],[128.74283,35.92028],[128.73671,35.92957],[128.74409,35.94396],[128.74067,35.95331],[128.73796,35.95594],[128.74299,35.95995],[128.74621,35.97287],[128.73882,35.97681],[128.7367,35.98115],[128.73097,35.98536],[128.73159,35.98938],[128.73626,35.99373],[128.74716,35.9909]]]]}},{"type":"Feature","properties":{"code":"37310","name":"군위군","slug":"gunwi-gun","wide":"gyeongbuk","center":[128.64094,36.1758]},"geometry":{"type":"MultiPolygon","coordinates":[[[[128.48354,36.30784],[128.48773,36.30811],[128.49619,36.30349],[128.50702,36.30363],[128.51078,36.30067],[128.51805,36.30193],[128.52588,36.29931],[128.52932,36.29378],[128.53567,36.29583],[128.54551,36.29195],[128.55275,36.27456],[128.56334,36.27584],[128.56996,36.27466],[128.57581,36.27993],[128.5945,36.27772],[128.59942,36.27049],[128.60891,36.27121],[128.63614,36.26151],[128.6406,36.25751],[128.6387,36.24783],[128.64137,36.2448],[128.63894,36.24295],[128.63947,36.24132],[128.63313,36.23866],[128.63665,36.2331],[128.63717,36.22797],[128.63291,36.22551],[128.63627,36.22383],[128.63489,36.21847],[128.63182,36.21621],[128.63541,36.209],[128.63945,36.20753],[128.6487,36.21807],[128.65303,36.21713],[128.65976,36.22138],[128.66464,36.21896],[128.66938,36.20937],[128.6719,36.20815],[128.67485,36.21272],[128.68153,36.21479],[128.69017,36.21219],[128.69421,36.21396],[128.69989,36.20884],[128.69633,36.20215],[128.70404,36.19927],[128.71709,36.20031],[128.721,36.19811],[128.72555,36.20076],[128.72952,36.19881],[128.735,36.20073],[128.74174,36.19853],[128.74592,36.19445],[128.74959,36.19596],[128.75269,36.20281],[128.75799,36.20285],[128.76996,36.19343],[128.77485,36.1949],[128.79645,36.19082],[128.80321,36.20105],[128.80379,36.20318],[128.80164,36.20579],[128.80523,36.207],[128.8041,36.20981],[128.81337,36.21053],[128.82296,36.21709],[128.83068,36.21805],[128.83422,36.2146],[128.84367,36.21556],[128.84981,36.21336],[128.85935,36.20724],[128.87122,36.20516],[128.87605,36.19869],[128.88317,36.19839],[128.88076,36.19023],[128.88508,36.18401],[128.89028,36.18199],[128.89094,36.17622],[128.89501,36.1732],[128.89445,36.16941],[128.9002,36.16238],[128.89548,36.15982],[128.89227,36.15529],[128.89004,36.14725],[128.89159,36.14348],[128.88986,36.14253],[128.85857,36.14497],[128.85063,36.13743],[128.85344,36.12842],[128.8512,36.12463],[128.85246,36.12129],[128.85095,36.11818],[128.83784,36.11305],[128.83655,36.10703],[128.83262,36.10199],[128.82228,36.10047],[128.81639,36.09231],[128.80209,36.08597],[128.78942,36.08623],[128.78735,36.08959],[128.76452,36.10066],[128.75367,36.09078],[128.75091,36.0918],[128.75275,36.09583],[128.75164,36.10305],[128.74516,36.10925],[128.74375,36.102],[128.73586,36.0977],[128.73361,36.09426],[128.72654,36.09323],[128.7229,36.09022],[128.7275,36.08681],[128.7293,36.08274],[128.7269,36.07707],[128.72283,36.07329],[128.71404,36.07548],[128.71163,36.06718],[128.70374,36.05801],[128.70411,36.04441],[128.69649,36.0351],[128.69984,36.02866],[128.69747,36.02176],[128.69416,36.01821],[128.6956,36.01617],[128.66952,36.01327],[128.66544,36.01051],[128.65655,36.00986],[128.65101,36.00731],[128.64071,36.01053],[128.6369,36.01689],[128.62135,36.02524],[128.62269,36.03817],[128.62773,36.04505],[128.62934,36.05265],[128.62837,36.05975],[128.63269,36.06684],[128.62875,36.07018],[128.6315,36.07536],[128.6285,36.07883],[128.62535,36.08054],[128.6223,36.07732],[128.59788,36.07496],[128.59759,36.06689],[128.59446,36.06283],[128.58698,36.06365],[128.58347,36.06789],[128.56909,36.05871],[128.56892,36.062],[128.56384,36.06976],[128.56901,36.0885],[128.56756,36.09555],[128.56279,36.09964],[128.56493,36.10391],[128.56522,36.10962],[128.56284,36.11112],[128.564,36.11586],[128.56159,36.11937],[128.55488,36.12162],[128.54858,36.13097],[128.55291,36.13906],[128.54827,36.1407],[128.54967,36.14526],[128.54854,36.1514],[128.5429,36.15459],[128.54008,36.16109],[128.54445,36.16601],[128.54831,36.16426],[128.55237,36.16491],[128.55418,36.17347],[128.55682,36.17722],[128.54883,36.17781],[128.53661,36.19493],[128.52285,36.20137],[128.51601,36.1997],[128.51342,36.19223],[128.50711,36.18557],[128.50294,36.18488],[128.49887,36.19601],[128.49544,36.19647],[128.49321,36.2007],[128.49324,36.20915],[128.48773,36.21559],[128.48916,36.22028],[128.48506,36.22427],[128.47953,36.22447],[128.48561,36.23026],[128.48505,36.23356],[128.47845,36.23471],[128.4716,36.22916],[128.46739,36.23026],[128.4509,36.22174],[128.44386,36.22122],[128.44095,36.21836],[128.434,36.23435],[128.4238,36.237],[128.42357,36.24036],[128.41765,36.24586],[128.42007,36.25378],[128.41617,36.25769],[128.42058,36.25971],[128.42115,36.26768],[128.42651,36.27463],[128.4215,36.27955],[128.41352,36.28289],[128.41044,36.2872],[128.41651,36.29872],[128.42789,36.29891],[128.43259,36.30491],[128.43852,36.3051],[128.43804,36.31404],[128.44511,36.3184],[128.45163,36.3272],[128.47102,36.32091],[128.47332,36.31711],[128.47319,36.31218],[128.47913,36.31103],[128.48354,36.30784]]]]}},{"type":"Feature","properties":{"code":"37320","name":"의성군","slug":"uiseong-gun","wide":"gyeongbuk","center":[128.59987,36.35863]},"geometry":{"type":"MultiPolygon","coordinates":[[[[128.37472,36.50331],[128.40003,36.51008],[128.41273,36.52008],[128.41938,36.52296],[128.43427,36.51894],[128.43705,36.51632],[128.43198,36.51108],[128.43353,36.50241],[128.43774,36.50147],[128.45329,36.49104],[128.45749,36.49388],[128.46081,36.49024],[128.46415,36.49892],[128.47473,36.49874],[128.47642,36.5143],[128.48633,36.5147],[128.49059,36.51757],[128.49538,36.51658],[128.49875,36.51319],[128.50082,36.50446],[128.50647,36.49972],[128.51018,36.50029],[128.5167,36.49717],[128.53148,36.49835],[128.54358,36.49028],[128.55126,36.48906],[128.55239,36.47589],[128.55899,36.47216],[128.55809,36.4695],[128.55987,36.46478],[128.56563,36.45929],[128.56643,36.45245],[128.57002,36.45091],[128.57707,36.44004],[128.58785,36.43977],[128.59821,36.43164],[128.59533,36.42738],[128.59717,36.41017],[128.60356,36.40514],[128.61036,36.41811],[128.62867,36.42003],[128.6296,36.42652],[128.63449,36.42678],[128.63746,36.42969],[128.64292,36.42821],[128.65361,36.42972],[128.66447,36.43799],[128.66879,36.43868],[128.67476,36.43668],[128.68327,36.44428],[128.69141,36.44401],[128.70604,36.44751],[128.70662,36.45802],[128.70358,36.46602],[128.70625,36.47118],[128.71012,36.47304],[128.71,36.47679],[128.71504,36.48168],[128.71882,36.4824],[128.72798,36.47638],[128.73253,36.4774],[128.74731,36.48886],[128.75363,36.48474],[128.7594,36.4845],[128.76773,36.48057],[128.7729,36.47572],[128.77598,36.4686],[128.78081,36.46702],[128.78219,36.46473],[128.78569,36.46681],[128.78885,36.46517],[128.79242,36.46595],[128.79964,36.45882],[128.8097,36.45926],[128.8133,36.45383],[128.83045,36.45234],[128.83126,36.4472],[128.82969,36.44391],[128.83186,36.4425],[128.83259,36.43793],[128.83546,36.43667],[128.83334,36.4319],[128.83423,36.42706],[128.83694,36.42354],[128.84262,36.42097],[128.84287,36.41549],[128.84568,36.41164],[128.84521,36.40461],[128.85139,36.39923],[128.85029,36.38828],[128.85973,36.3878],[128.87261,36.37725],[128.87804,36.37588],[128.87207,36.37036],[128.87171,36.36674],[128.87609,36.3648],[128.88107,36.35891],[128.87686,36.34483],[128.88606,36.34298],[128.8928,36.3243],[128.89244,36.32063],[128.88692,36.31646],[128.88623,36.31157],[128.89228,36.30482],[128.88949,36.2974],[128.88591,36.29573],[128.8812,36.29725],[128.879,36.29534],[128.8773,36.27414],[128.86343,36.27439],[128.86266,36.26796],[128.85026,36.26584],[128.84689,36.26125],[128.84965,36.26083],[128.85659,36.25457],[128.87154,36.25589],[128.88217,36.25271],[128.88421,36.24288],[128.88155,36.23873],[128.87911,36.23597],[128.86892,36.23206],[128.8806,36.22592],[128.88313,36.21864],[128.89593,36.21318],[128.89538,36.20428],[128.88317,36.19839],[128.87605,36.19869],[128.87122,36.20516],[128.85935,36.20724],[128.84367,36.21556],[128.83422,36.2146],[128.83068,36.21805],[128.82656,36.21824],[128.81337,36.21053],[128.8041,36.20981],[128.80523,36.207],[128.80164,36.20579],[128.80379,36.20318],[128.80321,36.20105],[128.79645,36.19082],[128.79439,36.19071],[128.77485,36.1949],[128.76996,36.19343],[128.75799,36.20285],[128.75269,36.20281],[128.74959,36.19596],[128.74592,36.19445],[128.74174,36.19853],[128.735,36.20073],[128.72952,36.19881],[128.72555,36.20076],[128.721,36.19811],[128.71709,36.20031],[128.70404,36.19927],[128.69633,36.20215],[128.69989,36.20884],[128.69421,36.21396],[128.69017,36.21219],[128.68153,36.21479],[128.67485,36.21272],[128.6719,36.20815],[128.66938,36.20937],[128.66464,36.21896],[128.65976,36.22138],[128.65303,36.21713],[128.6487,36.21807],[128.63945,36.20753],[128.63541,36.209],[128.63182,36.21621],[128.63489,36.21847],[128.63627,36.22383],[128.63291,36.22551],[128.63717,36.22797],[128.63665,36.2331],[128.63313,36.23866],[128.63947,36.24132],[128.63894,36.24295],[128.64137,36.2448],[128.6387,36.24783],[128.6406,36.25751],[128.63614,36.26151],[128.63066,36.26255],[128.62375,36.26703],[128.60891,36.27121],[128.59942,36.27049],[128.5945,36.27772],[128.57858,36.27973],[128.57581,36.27993],[128.56996,36.27466],[128.56334,36.27584],[128.55275,36.27456],[128.54551,36.29195],[128.53567,36.29583],[128.52932,36.29378],[128.52588,36.29931],[128.51805,36.30193],[128.51078,36.30067],[128.50702,36.30363],[128.49619,36.30349],[128.48773,36.30811],[128.4844,36.30749],[128.47913,36.31103],[128.47319,36.31218],[128.47332,36.31711],[128.47102,36.32091],[128.45576,36.32502],[128.45387,36.32724],[128.45163,36.3272],[128.44511,36.3184],[128.43804,36.31404],[128.43852,36.3051],[128.43259,36.30491],[128.42789,36.29891],[128.41651,36.29872],[128.41282,36.29369],[128.41357,36.2906],[128.40865,36.28713],[128.40111,36.28902],[128.39596,36.29306],[128.39517,36.29705],[128.3909,36.29915],[128.38786,36.3042],[128.38926,36.30964],[128.38037,36.31221],[128.3811,36.3177],[128.37874,36.3226],[128.37242,36.32497],[128.36752,36.33134],[128.36573,36.33812],[128.3617,36.3403],[128.35377,36.34206],[128.35352,36.34075],[128.34828,36.34317],[128.34602,36.34686],[128.33464,36.34917],[128.33195,36.34316],[128.32575,36.3426],[128.31595,36.33548],[128.31719,36.33202],[128.30546,36.33157],[128.30506,36.33753],[128.30064,36.3446],[128.29709,36.34509],[128.29361,36.34861],[128.28768,36.3463],[128.31034,36.36415],[128.31132,36.37512],[128.3175,36.38763],[128.32626,36.38619],[128.32933,36.38904],[128.33451,36.40058],[128.33904,36.40495],[128.33336,36.41239],[128.33247,36.41878],[128.33376,36.42013],[128.32888,36.42367],[128.32174,36.4236],[128.32302,36.42765],[128.32164,36.43225],[128.32651,36.43693],[128.3259,36.44032],[128.32335,36.44474],[128.31388,36.45247],[128.31214,36.46011],[128.30897,36.46473],[128.31458,36.47076],[128.32046,36.47137],[128.32095,36.4745],[128.33875,36.48988],[128.33596,36.49517],[128.33824,36.49692],[128.33598,36.49937],[128.34117,36.50498],[128.34556,36.51414],[128.34096,36.52289],[128.34168,36.5251],[128.35382,36.52709],[128.35855,36.53259],[128.3656,36.53016],[128.36795,36.52698],[128.36822,36.51902],[128.37085,36.51619],[128.3697,36.50893],[128.37472,36.50331]]]]}},{"type":"Feature","properties":{"code":"37330","name":"청송군","slug":"cheongsong-gun","wide":"gyeongbuk","center":[129.05051,36.35674]},"geometry":{"type":"MultiPolygon","coordinates":[[[[129.01597,36.58824],[129.03198,36.58805],[129.0359,36.5823],[129.04624,36.58015],[129.04742,36.57653],[129.04483,36.57512],[129.05009,36.56567],[129.0513,36.55742],[129.05916,36.55494],[129.06782,36.54245],[129.08314,36.54385],[129.09994,36.54281],[129.10785,36.54587],[129.11096,36.54053],[129.11812,36.53907],[129.12283,36.53518],[129.12836,36.53385],[129.13112,36.52645],[129.12708,36.5223],[129.13182,36.51749],[129.12749,36.51282],[129.13101,36.50805],[129.12941,36.5038],[129.13264,36.50087],[129.14305,36.49903],[129.14761,36.50099],[129.15215,36.5002],[129.15149,36.49476],[129.15392,36.49268],[129.15057,36.48331],[129.15098,36.47862],[129.14771,36.47764],[129.14808,36.47627],[129.15198,36.4682],[129.16214,36.45792],[129.16099,36.45377],[129.16911,36.44653],[129.16828,36.44217],[129.1706,36.43591],[129.17609,36.43193],[129.18596,36.42927],[129.18813,36.42654],[129.1956,36.42993],[129.20219,36.42871],[129.21075,36.41854],[129.21195,36.40772],[129.22741,36.39765],[129.22012,36.38712],[129.22191,36.3848],[129.22674,36.38365],[129.22779,36.38022],[129.21965,36.37382],[129.21647,36.36065],[129.22031,36.35866],[129.22077,36.35285],[129.22467,36.34925],[129.22405,36.34662],[129.22855,36.34432],[129.24353,36.34607],[129.25348,36.33904],[129.25379,36.32943],[129.25022,36.32438],[129.25181,36.32154],[129.24678,36.31791],[129.23799,36.31752],[129.23211,36.3132],[129.23129,36.30861],[129.22519,36.30531],[129.22363,36.30027],[129.22857,36.29593],[129.22107,36.28781],[129.22634,36.28326],[129.22676,36.27702],[129.22263,36.27335],[129.21412,36.27198],[129.21345,36.26917],[129.20714,36.26672],[129.20604,36.25735],[129.19853,36.2496],[129.19789,36.24473],[129.1944,36.24358],[129.18658,36.23329],[129.17277,36.22535],[129.17098,36.2248],[129.16608,36.22929],[129.16588,36.23208],[129.15274,36.23525],[129.14722,36.23916],[129.14554,36.24344],[129.137,36.25033],[129.13751,36.25509],[129.13368,36.25819],[129.13281,36.26205],[129.12618,36.26407],[129.12168,36.26172],[129.11702,36.266],[129.11188,36.26427],[129.10642,36.26734],[129.10243,36.26476],[129.09895,36.27069],[129.0932,36.27439],[129.08888,36.27234],[129.08334,36.27668],[129.07844,36.27701],[129.07043,36.27117],[129.06723,36.27225],[129.05939,36.2706],[129.05232,36.26563],[129.05241,36.26227],[129.05957,36.25324],[129.06298,36.25209],[129.06557,36.25392],[129.07571,36.25009],[129.07576,36.24547],[129.07815,36.2447],[129.07817,36.24008],[129.08186,36.23499],[129.07333,36.22941],[129.06585,36.22707],[129.06428,36.22519],[129.06491,36.21952],[129.05659,36.22397],[129.04204,36.222],[129.03588,36.21321],[129.03549,36.20345],[129.03262,36.2036],[129.03181,36.19817],[129.02815,36.19643],[129.0275,36.18481],[129.02589,36.18287],[129.02178,36.18311],[129.00954,36.17887],[128.99804,36.17873],[128.99064,36.17522],[128.99134,36.17198],[128.98949,36.16811],[128.97837,36.16616],[128.97378,36.16175],[128.96898,36.16127],[128.96274,36.16655],[128.94988,36.16897],[128.93728,36.17936],[128.92817,36.17946],[128.91956,36.18459],[128.9146,36.17978],[128.91317,36.18094],[128.89962,36.17765],[128.89501,36.1732],[128.89094,36.17622],[128.89028,36.18199],[128.88508,36.18401],[128.88076,36.19023],[128.88317,36.19839],[128.89538,36.20428],[128.89593,36.21318],[128.88313,36.21864],[128.8806,36.22592],[128.86892,36.23206],[128.87911,36.23597],[128.88155,36.23873],[128.88421,36.24288],[128.88217,36.25271],[128.87154,36.25589],[128.85659,36.25457],[128.84965,36.26083],[128.84689,36.26125],[128.84719,36.26269],[128.85211,36.26652],[128.86266,36.26796],[128.86343,36.27439],[128.8773,36.27414],[128.87958,36.29628],[128.88364,36.29767],[128.88591,36.29573],[128.88949,36.2974],[128.89841,36.29572],[128.90737,36.29687],[128.9127,36.29833],[128.91826,36.30469],[128.9264,36.30687],[128.93101,36.30607],[128.93298,36.30851],[128.93449,36.31949],[128.94498,36.32591],[128.95086,36.33593],[128.96225,36.33882],[128.966,36.34647],[128.96291,36.35429],[128.9662,36.35653],[128.96641,36.3593],[128.96206,36.36674],[128.96493,36.36946],[128.96964,36.38257],[128.97607,36.38994],[128.97532,36.39292],[128.98042,36.39964],[128.98087,36.40206],[128.97934,36.40269],[128.98377,36.40455],[128.98393,36.40716],[128.9832,36.41539],[128.97297,36.43173],[128.97425,36.44025],[128.97699,36.44492],[128.97378,36.44826],[128.97389,36.4519],[128.96998,36.45239],[128.96786,36.46207],[128.97445,36.46752],[128.97975,36.46439],[128.98478,36.46401],[128.97863,36.47074],[128.98118,36.47578],[128.97482,36.47971],[128.97525,36.48392],[128.98423,36.48756],[128.98938,36.49596],[128.99371,36.49862],[128.99394,36.50343],[128.997,36.50786],[128.99292,36.51625],[128.98469,36.51551],[128.98168,36.52535],[128.975,36.52713],[128.97302,36.53213],[128.97548,36.5406],[128.97478,36.54412],[128.97675,36.54662],[128.99193,36.54872],[128.98815,36.55741],[128.98397,36.56106],[128.97921,36.56099],[128.97974,36.5652],[128.98394,36.56779],[128.9844,36.57345],[128.99073,36.57681],[128.99266,36.58104],[129.0001,36.58742],[128.9998,36.59398],[129.00446,36.5948],[129.00848,36.59028],[129.01597,36.58824]]]]}},{"type":"Feature","properties":{"code":"37340","name":"영양군","slug":"yeongyang-gun","wide":"gyeongbuk","center":[129.16248,36.69217]},"geometry":{"type":"MultiPolygon","coordinates":[[[[129.18188,36.87846],[129.19224,36.8793],[129.19585,36.87479],[129.19561,36.86974],[129.20095,36.86511],[129.20092,36.86217],[129.20556,36.85585],[129.20832,36.85682],[129.21129,36.86368],[129.21772,36.85836],[129.22251,36.86165],[129.23238,36.86308],[129.22624,36.85613],[129.24021,36.85191],[129.24702,36.85231],[129.25452,36.85903],[129.25711,36.87347],[129.26276,36.87642],[129.261,36.87346],[129.26206,36.87072],[129.26751,36.8728],[129.27163,36.87149],[129.27574,36.87519],[129.27945,36.87381],[129.28547,36.86364],[129.27873,36.86438],[129.28072,36.8613],[129.27562,36.85885],[129.27743,36.85648],[129.27506,36.85052],[129.27742,36.84734],[129.27124,36.84098],[129.27266,36.83338],[129.2891,36.83241],[129.28937,36.82957],[129.29407,36.82499],[129.28755,36.80864],[129.29239,36.80574],[129.30015,36.79388],[129.30728,36.79171],[129.3141,36.78076],[129.31078,36.77383],[129.30329,36.77668],[129.29655,36.76796],[129.2976,36.75646],[129.29505,36.75349],[129.28525,36.75212],[129.2717,36.74474],[129.27292,36.74075],[129.27046,36.72774],[129.27198,36.72528],[129.28094,36.72333],[129.28776,36.71891],[129.29507,36.71872],[129.28624,36.7083],[129.28278,36.69535],[129.27628,36.69169],[129.27856,36.68154],[129.26272,36.66997],[129.25283,36.67057],[129.23488,36.66296],[129.23219,36.66021],[129.22992,36.64754],[129.23071,36.64388],[129.23483,36.64248],[129.23925,36.63459],[129.24017,36.629],[129.23738,36.62707],[129.23913,36.62293],[129.23648,36.62065],[129.23068,36.62029],[129.22926,36.61482],[129.23101,36.60424],[129.22255,36.60389],[129.22388,36.59762],[129.21933,36.59469],[129.21682,36.5893],[129.22099,36.58535],[129.22583,36.58566],[129.23104,36.58302],[129.23139,36.57752],[129.23656,36.5704],[129.23674,36.56748],[129.2423,36.56713],[129.2464,36.56307],[129.2471,36.55998],[129.24268,36.56006],[129.24106,36.55815],[129.24207,36.5447],[129.23643,36.54065],[129.23577,36.53367],[129.23938,36.52704],[129.23943,36.52105],[129.24312,36.51982],[129.24796,36.51031],[129.24382,36.50849],[129.22657,36.51407],[129.22299,36.50135],[129.22676,36.49461],[129.22427,36.4924],[129.22553,36.49066],[129.22434,36.48892],[129.21803,36.49051],[129.21806,36.4954],[129.21385,36.49988],[129.20506,36.50257],[129.19833,36.50103],[129.19276,36.50325],[129.19041,36.50307],[129.18854,36.49968],[129.18086,36.50778],[129.17415,36.50784],[129.15727,36.50147],[129.14761,36.50099],[129.14393,36.499],[129.13264,36.50087],[129.12941,36.5038],[129.13101,36.50805],[129.12752,36.5118],[129.13182,36.51749],[129.12708,36.5223],[129.13112,36.52645],[129.12836,36.53385],[129.12283,36.53518],[129.11812,36.53907],[129.11096,36.54053],[129.10785,36.54587],[129.09994,36.54281],[129.08314,36.54385],[129.06782,36.54245],[129.05916,36.55494],[129.0513,36.55742],[129.05009,36.56567],[129.04483,36.57512],[129.04742,36.57653],[129.04624,36.58015],[129.0359,36.5823],[129.03198,36.58805],[129.01597,36.58824],[129.00848,36.59028],[129.00446,36.5948],[128.9998,36.59398],[128.99948,36.60044],[128.99591,36.60888],[128.9976,36.61154],[128.99644,36.6187],[128.99088,36.62388],[128.99145,36.63559],[128.99398,36.64225],[128.99114,36.64445],[128.99048,36.6485],[128.9966,36.65485],[128.99529,36.66174],[128.99,36.66523],[128.99089,36.66826],[128.99332,36.66918],[128.98945,36.67431],[128.99282,36.6773],[128.99403,36.6825],[128.99202,36.69177],[128.99741,36.69505],[128.99677,36.70073],[128.99427,36.70407],[128.9998,36.71721],[128.99609,36.72277],[128.99695,36.72739],[128.98938,36.73196],[128.98745,36.73567],[128.99071,36.74109],[128.99201,36.75599],[128.98378,36.76354],[128.98463,36.77259],[129.00067,36.7806],[129.00833,36.77995],[129.01195,36.78278],[129.01817,36.78465],[129.02193,36.78337],[129.036,36.78922],[129.03855,36.79517],[129.04818,36.79858],[129.05341,36.80631],[129.06312,36.81337],[129.06587,36.81877],[129.07146,36.82058],[129.0802,36.81805],[129.08968,36.82636],[129.09308,36.8254],[129.09935,36.82767],[129.10383,36.8356],[129.12107,36.84714],[129.12408,36.85593],[129.12829,36.85838],[129.1292,36.86491],[129.13566,36.8691],[129.1364,36.87316],[129.15301,36.87382],[129.15554,36.87798],[129.15911,36.87473],[129.16295,36.87419],[129.1658,36.87539],[129.16521,36.87916],[129.16887,36.88145],[129.18188,36.87846]]]]}},{"type":"Feature","properties":{"code":"37350","name":"영덕군","slug":"yeongdeok-gun","wide":"gyeongbuk","center":[129.30289,36.47545]},"geometry":{"type":"MultiPolygon","coordinates":[[[[129.2754,36.67055],[129.28542,36.66803],[129.2942,36.67141],[129.31758,36.66563],[129.32731,36.66668],[129.33009,36.66154],[129.34901,36.65678],[129.35432,36.65097],[129.36224,36.66034],[129.38352,36.66885],[129.38885,36.66453],[129.39236,36.66631],[129.3969,36.66556],[129.39665,36.66126],[129.4072,36.65834],[129.41068,36.65424],[129.41925,36.65059],[129.41863,36.64638],[129.42321,36.6435],[129.41763,36.63934],[129.41708,36.63031],[129.4121,36.62236],[129.41628,36.60341],[129.41531,36.59919],[129.41024,36.59609],[129.41064,36.59104],[129.41788,36.57538],[129.43188,36.56036],[129.43684,36.55865],[129.43326,36.5595],[129.43177,36.55729],[129.43457,36.55751],[129.44031,36.55227],[129.43922,36.53714],[129.4418,36.52211],[129.44477,36.51777],[129.44397,36.51234],[129.453,36.51076],[129.44872,36.51123],[129.4474,36.50777],[129.4495,36.50775],[129.44943,36.50958],[129.4533,36.50818],[129.44681,36.50456],[129.44447,36.48897],[129.43292,36.48119],[129.43268,36.47684],[129.43752,36.46562],[129.43516,36.45359],[129.43684,36.44722],[129.43301,36.43747],[129.43616,36.42625],[129.43123,36.41745],[129.42947,36.4091],[129.42165,36.40004],[129.41748,36.3984],[129.41397,36.39152],[129.40731,36.38846],[129.4061,36.38177],[129.39477,36.36747],[129.395,36.36121],[129.38813,36.35575],[129.38839,36.34901],[129.38659,36.34458],[129.38231,36.34192],[129.37934,36.33307],[129.38177,36.32221],[129.379,36.31828],[129.37981,36.30938],[129.37735,36.30659],[129.3797,36.29893],[129.37821,36.29539],[129.37968,36.29418],[129.37836,36.29032],[129.37458,36.28806],[129.37844,36.27764],[129.38138,36.27484],[129.37655,36.27082],[129.37603,36.2682],[129.36643,36.26857],[129.35439,36.27319],[129.33922,36.26656],[129.33525,36.26899],[129.32812,36.26757],[129.31568,36.27183],[129.30412,36.26787],[129.30024,36.27339],[129.29092,36.27938],[129.28647,36.28637],[129.28773,36.28901],[129.285,36.29653],[129.29189,36.30197],[129.29196,36.3062],[129.29828,36.30998],[129.29773,36.32387],[129.28537,36.33336],[129.28201,36.32978],[129.27474,36.32764],[129.26987,36.33189],[129.26793,36.33071],[129.26895,36.32607],[129.26665,36.32077],[129.25604,36.3238],[129.25181,36.32154],[129.25022,36.32438],[129.25379,36.32943],[129.25348,36.33904],[129.24353,36.34607],[129.22855,36.34432],[129.22405,36.34662],[129.22433,36.35006],[129.22077,36.35285],[129.22031,36.35866],[129.21647,36.36065],[129.21636,36.36437],[129.21965,36.37382],[129.22779,36.38022],[129.22674,36.38365],[129.22191,36.3848],[129.22012,36.38712],[129.22741,36.39765],[129.21195,36.40772],[129.21075,36.41854],[129.20219,36.42871],[129.1956,36.42993],[129.18813,36.42654],[129.18596,36.42927],[129.17189,36.43446],[129.16828,36.44217],[129.16911,36.44653],[129.16099,36.45377],[129.16214,36.45792],[129.15198,36.4682],[129.14771,36.47764],[129.15098,36.47862],[129.15057,36.48331],[129.15392,36.49268],[129.15149,36.49476],[129.15135,36.49896],[129.16128,36.50402],[129.17598,36.50809],[129.18188,36.50748],[129.18854,36.49968],[129.19111,36.50322],[129.19911,36.50098],[129.20506,36.50257],[129.21587,36.49891],[129.21834,36.49441],[129.21803,36.49051],[129.22434,36.48892],[129.22553,36.49066],[129.22427,36.4924],[129.22676,36.49461],[129.22299,36.50135],[129.22657,36.51407],[129.24382,36.50849],[129.24796,36.51031],[129.24312,36.51982],[129.23943,36.52105],[129.23938,36.52704],[129.23577,36.53367],[129.23643,36.54065],[129.24207,36.5447],[129.24106,36.55815],[129.24268,36.56006],[129.2471,36.55998],[129.2464,36.56307],[129.2423,36.56713],[129.23674,36.56748],[129.23656,36.5704],[129.23139,36.57752],[129.23104,36.58302],[129.22583,36.58566],[129.22099,36.58535],[129.21682,36.5893],[129.21933,36.59469],[129.22388,36.59762],[129.22255,36.60389],[129.23101,36.60424],[129.22926,36.61482],[129.23068,36.62029],[129.23648,36.62065],[129.23913,36.62293],[129.23738,36.62707],[129.24017,36.629],[129.23925,36.63459],[129.23483,36.64248],[129.23071,36.64388],[129.22992,36.64754],[129.23272,36.66157],[129.25283,36.67057],[129.26272,36.66997],[129.2662,36.67368],[129.2716,36.67317],[129.2754,36.67055]]]]}},{"type":"Feature","properties":{"code":"37360","name":"청도군","slug":"cheongdo-gun","wide":"gyeongbuk","center":[128.8079,35.69822]},"geometry":{"type":"MultiPolygon","coordinates":[[[[129.01603,35.8427],[129.01352,35.83623],[129.00886,35.83252],[129.00813,35.82615],[129.00418,35.82292],[129.00131,35.81321],[128.9903,35.79985],[128.99479,35.7937],[128.99419,35.78429],[128.99796,35.78081],[128.99707,35.77812],[128.99018,35.77268],[128.98172,35.77359],[128.97466,35.7717],[128.97701,35.76793],[128.97369,35.76481],[128.97073,35.75467],[128.9756,35.74974],[128.97288,35.73742],[128.97809,35.73585],[128.97976,35.73108],[128.98673,35.72612],[128.99155,35.7192],[128.99756,35.71725],[128.99733,35.71106],[129.00305,35.70489],[129.00356,35.69457],[129.02183,35.68893],[129.03736,35.695],[129.03872,35.68992],[129.03521,35.67529],[129.04198,35.66262],[129.04264,35.65673],[129.0469,35.65052],[129.04334,35.64097],[129.03697,35.63246],[129.02661,35.6364],[129.02067,35.63497],[129.01802,35.62965],[129.00606,35.62346],[129.00014,35.61722],[128.98675,35.60912],[128.98264,35.60871],[128.97281,35.61345],[128.96088,35.61558],[128.96126,35.62056],[128.95415,35.6251],[128.9512,35.63015],[128.94115,35.63507],[128.91505,35.64062],[128.90167,35.63321],[128.88877,35.62886],[128.88146,35.63548],[128.87538,35.63233],[128.87388,35.62164],[128.86815,35.61612],[128.86479,35.60905],[128.85936,35.60622],[128.85408,35.59718],[128.84473,35.58962],[128.84264,35.58899],[128.83365,35.59735],[128.82629,35.59678],[128.81026,35.58919],[128.80166,35.5886],[128.79878,35.57831],[128.78773,35.5675],[128.76752,35.56989],[128.75814,35.56749],[128.73742,35.57715],[128.73197,35.57595],[128.72462,35.58148],[128.71496,35.5776],[128.71241,35.57911],[128.70331,35.57801],[128.69494,35.58342],[128.69319,35.59088],[128.6876,35.59503],[128.67424,35.5961],[128.66442,35.59375],[128.65632,35.59788],[128.64409,35.59305],[128.6409,35.58882],[128.63807,35.5886],[128.63653,35.5847],[128.63075,35.58742],[128.61684,35.58392],[128.6147,35.58166],[128.60252,35.58015],[128.58475,35.58646],[128.57342,35.59288],[128.56903,35.60245],[128.56058,35.60345],[128.55873,35.6148],[128.55125,35.61655],[128.53663,35.62426],[128.53816,35.63259],[128.53477,35.6437],[128.53784,35.65079],[128.53743,35.65976],[128.5355,35.662],[128.53078,35.66274],[128.52681,35.6735],[128.53469,35.69373],[128.53186,35.69662],[128.53389,35.70326],[128.5279,35.71274],[128.53331,35.71647],[128.54409,35.71943],[128.54756,35.72346],[128.56099,35.72971],[128.56477,35.73676],[128.57173,35.73457],[128.58242,35.73833],[128.5896,35.7315],[128.59216,35.73266],[128.59424,35.73708],[128.61243,35.73852],[128.61493,35.73032],[128.60993,35.72488],[128.61693,35.71764],[128.61395,35.71417],[128.61392,35.70984],[128.61978,35.70285],[128.624,35.7023],[128.63093,35.70679],[128.63825,35.70579],[128.64621,35.70817],[128.64727,35.71149],[128.66352,35.7205],[128.67067,35.71886],[128.67335,35.721],[128.68324,35.72145],[128.68314,35.72558],[128.692,35.73326],[128.68928,35.74019],[128.69366,35.74365],[128.70256,35.7437],[128.70303,35.73728],[128.7095,35.73257],[128.71488,35.72113],[128.73237,35.71996],[128.73663,35.71011],[128.7437,35.70533],[128.75374,35.70107],[128.76559,35.70135],[128.7666,35.70628],[128.76345,35.70861],[128.76461,35.71783],[128.77371,35.72282],[128.77329,35.727],[128.77533,35.72982],[128.78555,35.73259],[128.78664,35.73383],[128.78487,35.73578],[128.78938,35.74374],[128.79737,35.74384],[128.80082,35.7458],[128.80575,35.74462],[128.80997,35.74031],[128.8156,35.74307],[128.8271,35.73875],[128.83166,35.7406],[128.8343,35.74556],[128.85004,35.74129],[128.85847,35.74749],[128.85486,35.75683],[128.85839,35.75723],[128.86051,35.75543],[128.86623,35.7582],[128.87614,35.74799],[128.88611,35.75101],[128.89254,35.75543],[128.89456,35.76403],[128.898,35.76221],[128.90102,35.75102],[128.90428,35.74623],[128.9071,35.74733],[128.90423,35.7486],[128.90484,35.75064],[128.91097,35.75384],[128.91394,35.7583],[128.92501,35.7608],[128.9314,35.75958],[128.94587,35.7824],[128.94382,35.78629],[128.94988,35.79336],[128.95152,35.80082],[128.95562,35.8014],[128.95664,35.80531],[128.95452,35.81375],[128.95949,35.82571],[128.96227,35.82814],[128.96178,35.83019],[128.96569,35.83461],[128.98451,35.83356],[128.99892,35.84189],[129.01523,35.8462],[129.01603,35.8427]]]]}},{"type":"Feature","properties":{"code":"37370","name":"고령군","slug":"goryeong-gun","wide":"gyeongbuk","center":[128.29791,35.74275]},"geometry":{"type":"MultiPolygon","coordinates":[[[[128.38759,35.85241],[128.41598,35.85176],[128.45,35.84666],[128.46888,35.8396],[128.47255,35.83361],[128.48108,35.83013],[128.48307,35.82114],[128.48272,35.81552],[128.47043,35.80592],[128.44103,35.80602],[128.44095,35.80929],[128.42083,35.80935],[128.42082,35.8063],[128.41579,35.80609],[128.41577,35.80281],[128.41244,35.80282],[128.41055,35.79935],[128.40812,35.79921],[128.39759,35.77865],[128.38347,35.76009],[128.39125,35.74835],[128.42165,35.73313],[128.43182,35.7256],[128.43489,35.71476],[128.43215,35.70489],[128.42267,35.69747],[128.4122,35.69584],[128.39706,35.70022],[128.38063,35.70195],[128.35888,35.7087],[128.3518,35.70402],[128.3533,35.69092],[128.36232,35.67557],[128.39282,35.65299],[128.40004,35.64555],[128.40125,35.63273],[128.38838,35.61793],[128.37175,35.61088],[128.36463,35.61336],[128.36193,35.62893],[128.35214,35.64458],[128.34875,35.64647],[128.33782,35.64481],[128.32954,35.64853],[128.32404,35.64661],[128.31791,35.65149],[128.30599,35.65548],[128.29807,35.65623],[128.29625,35.65073],[128.27947,35.65231],[128.27679,35.64697],[128.26234,35.64274],[128.25864,35.6478],[128.24221,35.65525],[128.23636,35.65108],[128.23775,35.64396],[128.23596,35.64068],[128.22973,35.63946],[128.22654,35.64154],[128.22018,35.63999],[128.21261,35.64109],[128.21012,35.64373],[128.20123,35.64372],[128.197,35.6508],[128.18575,35.65756],[128.1768,35.65695],[128.16589,35.65299],[128.16018,35.65488],[128.15953,35.65753],[128.16166,35.65978],[128.16009,35.6675],[128.16368,35.67297],[128.17916,35.67295],[128.18414,35.68005],[128.19226,35.68008],[128.19823,35.68233],[128.199,35.68448],[128.20482,35.68392],[128.20264,35.69265],[128.2046,35.69712],[128.20031,35.70772],[128.20258,35.71228],[128.20226,35.7176],[128.19663,35.73038],[128.19809,35.73591],[128.19361,35.73813],[128.18852,35.74967],[128.18928,35.75176],[128.165,35.76349],[128.16153,35.77001],[128.16351,35.77701],[128.17884,35.78734],[128.17307,35.798],[128.16527,35.80082],[128.16234,35.80546],[128.16497,35.81259],[128.17822,35.81878],[128.19141,35.81877],[128.20159,35.81499],[128.20957,35.81592],[128.2136,35.80941],[128.21306,35.7993],[128.21627,35.79704],[128.21708,35.79212],[128.22507,35.78758],[128.23307,35.78702],[128.23828,35.78232],[128.25144,35.78015],[128.24997,35.7897],[128.25802,35.79169],[128.26214,35.79577],[128.27129,35.79187],[128.2739,35.79722],[128.27215,35.80466],[128.27451,35.80999],[128.2725,35.81529],[128.27392,35.82502],[128.27546,35.8267],[128.28229,35.82723],[128.28817,35.82608],[128.30537,35.81235],[128.31088,35.81255],[128.31339,35.81462],[128.32128,35.81229],[128.3222,35.80879],[128.32749,35.80677],[128.33806,35.79712],[128.35026,35.79905],[128.36558,35.79339],[128.36822,35.79541],[128.36997,35.80593],[128.36879,35.81682],[128.37445,35.81722],[128.37885,35.82309],[128.37624,35.8321],[128.37315,35.83484],[128.38054,35.83841],[128.39265,35.83873],[128.38688,35.84947],[128.38759,35.85241]]]]}},{"type":"Feature","properties":{"code":"37380","name":"성주군","slug":"seongju-gun","wide":"gyeongbuk","center":[128.21148,35.89841]},"geometry":{"type":"MultiPolygon","coordinates":[[[[128.24104,36.04863],[128.25659,36.05184],[128.26104,36.04849],[128.2833,36.04682],[128.28975,36.04383],[128.29602,36.031],[128.31039,36.0289],[128.31172,36.02306],[128.31743,36.01863],[128.31228,36.01473],[128.31142,36.00634],[128.31406,36.00285],[128.31319,35.99326],[128.31888,35.98272],[128.33924,35.97557],[128.33921,35.97008],[128.34258,35.96759],[128.34029,35.96377],[128.3479,35.95472],[128.35971,35.95598],[128.36462,35.95166],[128.36414,35.94671],[128.36866,35.94196],[128.38728,35.93892],[128.39172,35.94118],[128.39623,35.94079],[128.39911,35.92624],[128.39689,35.90711],[128.39913,35.89632],[128.38421,35.86566],[128.38348,35.86091],[128.38351,35.85283],[128.38654,35.85131],[128.39265,35.83873],[128.38054,35.83841],[128.37315,35.83484],[128.37624,35.8321],[128.37885,35.82309],[128.37445,35.81722],[128.36879,35.81682],[128.37017,35.80742],[128.36697,35.79382],[128.35026,35.79905],[128.33806,35.79712],[128.32749,35.80677],[128.3222,35.80879],[128.32128,35.81229],[128.31339,35.81462],[128.31088,35.81255],[128.30537,35.81235],[128.28817,35.82608],[128.2758,35.82676],[128.27392,35.82502],[128.2725,35.81529],[128.27451,35.80999],[128.27215,35.80466],[128.27353,35.7959],[128.27051,35.79133],[128.26214,35.79577],[128.25802,35.79169],[128.24997,35.7897],[128.2518,35.78096],[128.25001,35.78012],[128.23828,35.78232],[128.23307,35.78702],[128.22507,35.78758],[128.21708,35.79212],[128.21627,35.79704],[128.21306,35.7993],[128.2136,35.80941],[128.20957,35.81592],[128.20159,35.81499],[128.19141,35.81877],[128.17822,35.81878],[128.16815,35.81504],[128.1626,35.80794],[128.16527,35.80082],[128.17298,35.79809],[128.17884,35.78734],[128.16371,35.77719],[128.16044,35.77833],[128.15807,35.78146],[128.15904,35.78367],[128.15437,35.78645],[128.14797,35.78401],[128.13753,35.78426],[128.12886,35.7894],[128.12872,35.79429],[128.1219,35.80349],[128.1234,35.80561],[128.12194,35.8118],[128.12455,35.81944],[128.12306,35.82243],[128.11937,35.8249],[128.11092,35.82388],[128.09652,35.83221],[128.09075,35.83063],[128.08627,35.833],[128.0844,35.837],[128.07736,35.83966],[128.07716,35.84384],[128.07331,35.85051],[128.07653,35.85541],[128.07761,35.86183],[128.08685,35.87243],[128.08003,35.87316],[128.07096,35.87943],[128.06877,35.88574],[128.06553,35.88894],[128.06654,35.89591],[128.0573,35.90199],[128.05665,35.90513],[128.06069,35.90736],[128.05643,35.91008],[128.05467,35.91569],[128.04855,35.92015],[128.04665,35.93248],[128.04939,35.93672],[128.05615,35.94178],[128.07095,35.93648],[128.07395,35.92793],[128.07908,35.92704],[128.0848,35.92085],[128.08836,35.92142],[128.09125,35.93107],[128.08842,35.9457],[128.09091,35.95057],[128.1046,35.95809],[128.11079,35.96462],[128.11822,35.9593],[128.12349,35.96223],[128.1315,35.95998],[128.13578,35.96065],[128.151,35.96633],[128.15292,35.96886],[128.1501,35.97284],[128.15089,35.97582],[128.15579,35.97896],[128.15767,35.9874],[128.166,35.98782],[128.16895,35.99048],[128.1705,35.99639],[128.16622,35.99946],[128.16647,36.00207],[128.16832,36.01006],[128.17336,36.01418],[128.16799,36.01953],[128.1671,36.02992],[128.16433,36.03246],[128.16936,36.03552],[128.17769,36.03128],[128.18528,36.03358],[128.18855,36.03122],[128.19382,36.03154],[128.19631,36.03737],[128.19418,36.03977],[128.19419,36.04483],[128.19653,36.04641],[128.20903,36.04553],[128.22313,36.0554],[128.24104,36.04863]]]]}},{"type":"Feature","properties":{"code":"37390","name":"칠곡군","slug":"chilgok-gun","wide":"gyeongbuk","center":[128.46276,36.01755]},"geometry":{"type":"MultiPolygon","coordinates":[[[[128.50024,36.11258],[128.51409,36.11143],[128.52036,36.1146],[128.52639,36.11156],[128.53448,36.1127],[128.54034,36.11063],[128.5433,36.11243],[128.5472,36.10887],[128.56284,36.11112],[128.56522,36.10962],[128.56279,36.09964],[128.56756,36.09555],[128.56901,36.0885],[128.56384,36.06976],[128.56892,36.062],[128.5694,36.05823],[128.58347,36.06789],[128.58698,36.06365],[128.59446,36.06283],[128.59759,36.06689],[128.59788,36.07496],[128.6223,36.07732],[128.62535,36.08054],[128.63033,36.07758],[128.6315,36.07536],[128.62875,36.07018],[128.63269,36.06684],[128.62837,36.05975],[128.62934,36.05265],[128.62773,36.04505],[128.62269,36.03817],[128.62135,36.02524],[128.6369,36.01689],[128.64072,36.01051],[128.63058,36.00712],[128.61867,36.00641],[128.60287,35.9859],[128.59293,35.98336],[128.59304,35.98084],[128.59016,35.97924],[128.58322,35.97728],[128.57284,35.97831],[128.56471,35.97294],[128.55707,35.97223],[128.55333,35.96078],[128.54667,35.96567],[128.54349,35.97477],[128.52879,35.98038],[128.52665,35.97545],[128.5305,35.96199],[128.53481,35.95838],[128.53255,35.95054],[128.53438,35.93533],[128.52947,35.92362],[128.5256,35.92201],[128.5169,35.91184],[128.51012,35.90993],[128.50769,35.90696],[128.50561,35.90214],[128.50459,35.88915],[128.50225,35.88707],[128.50034,35.88645],[128.49936,35.88988],[128.49636,35.88923],[128.49062,35.89758],[128.48798,35.89762],[128.48449,35.89434],[128.47848,35.89682],[128.47527,35.89446],[128.46838,35.89947],[128.4654,35.90859],[128.47276,35.91444],[128.47642,35.93444],[128.47245,35.93737],[128.46343,35.93869],[128.45416,35.94315],[128.45278,35.93662],[128.45034,35.93504],[128.44156,35.93521],[128.43875,35.93152],[128.43097,35.93068],[128.42754,35.92733],[128.4249,35.92804],[128.42378,35.92311],[128.41854,35.92133],[128.41649,35.9137],[128.40713,35.90072],[128.39898,35.89888],[128.39689,35.90711],[128.39911,35.92624],[128.39576,35.94165],[128.38728,35.93892],[128.36866,35.94196],[128.36414,35.94671],[128.36462,35.95166],[128.35971,35.95598],[128.3479,35.95472],[128.34029,35.96377],[128.34258,35.96759],[128.33921,35.97008],[128.33924,35.97557],[128.31888,35.98272],[128.31319,35.99326],[128.31406,36.00285],[128.31142,36.00634],[128.31228,36.01473],[128.31743,36.01863],[128.31172,36.02306],[128.31039,36.0289],[128.29602,36.031],[128.29147,36.03792],[128.29016,36.04531],[128.29397,36.05036],[128.29942,36.05121],[128.30123,36.05732],[128.29912,36.06037],[128.30087,36.06249],[128.29359,36.0707],[128.29111,36.0709],[128.28496,36.08108],[128.2931,36.08843],[128.30527,36.08686],[128.32166,36.09184],[128.33061,36.09138],[128.33583,36.0825],[128.34289,36.08015],[128.34709,36.07171],[128.35155,36.06953],[128.35122,36.06696],[128.35783,36.06635],[128.3612,36.06058],[128.37012,36.06516],[128.37833,36.06533],[128.38255,36.06937],[128.38649,36.0702],[128.38212,36.0744],[128.39001,36.08012],[128.39548,36.09096],[128.39646,36.08949],[128.40483,36.0921],[128.40865,36.08342],[128.41558,36.08278],[128.42228,36.08845],[128.42398,36.08386],[128.42929,36.07994],[128.44606,36.07796],[128.44813,36.07422],[128.46287,36.06974],[128.46967,36.07226],[128.46482,36.07643],[128.4637,36.0814],[128.47711,36.0927],[128.47549,36.09601],[128.47952,36.10163],[128.47893,36.10514],[128.4851,36.10871],[128.48411,36.11217],[128.48681,36.11256],[128.49012,36.11727],[128.49112,36.12395],[128.49521,36.12318],[128.4978,36.11354],[128.50024,36.11258]]]]}},{"type":"Feature","properties":{"code":"37400","name":"예천군","slug":"yecheon-gun","wide":"gyeongbuk","center":[128.41561,36.63887]},"geometry":{"type":"MultiPolygon","coordinates":[[[[128.45759,36.8461],[128.46276,36.84695],[128.48159,36.83468],[128.48262,36.82985],[128.47319,36.8149],[128.47117,36.80352],[128.47606,36.79378],[128.47502,36.7767],[128.48469,36.776],[128.49516,36.77009],[128.49934,36.7647],[128.50069,36.76576],[128.50639,36.76382],[128.51129,36.76509],[128.51797,36.7715],[128.52517,36.77016],[128.53666,36.77353],[128.54266,36.76717],[128.55171,36.76827],[128.5539,36.76268],[128.56096,36.76048],[128.56608,36.75241],[128.56591,36.74806],[128.57079,36.74251],[128.56917,36.73908],[128.5702,36.73577],[128.57695,36.73438],[128.57841,36.73218],[128.57662,36.72675],[128.58073,36.72359],[128.58446,36.72369],[128.58262,36.71751],[128.58339,36.70936],[128.58978,36.70469],[128.59067,36.69835],[128.59421,36.69682],[128.59706,36.69815],[128.60494,36.69317],[128.60908,36.69277],[128.60842,36.6841],[128.60123,36.67911],[128.60531,36.67209],[128.60427,36.65244],[128.59925,36.65064],[128.59576,36.65245],[128.58092,36.6475],[128.57677,36.6491],[128.57072,36.64812],[128.56608,36.64542],[128.5654,36.64023],[128.55885,36.63593],[128.55285,36.63666],[128.54509,36.63195],[128.53793,36.6338],[128.53086,36.6288],[128.52486,36.62854],[128.52429,36.62253],[128.52161,36.61981],[128.5349,36.61355],[128.52949,36.60138],[128.51263,36.60039],[128.50654,36.60212],[128.50605,36.60539],[128.50334,36.6068],[128.49393,36.59978],[128.49102,36.58838],[128.49365,36.58576],[128.49907,36.58457],[128.49577,36.5825],[128.49575,36.57786],[128.49307,36.57616],[128.49227,36.56985],[128.46771,36.56255],[128.46802,36.55988],[128.46333,36.55928],[128.46079,36.55764],[128.46157,36.55606],[128.45547,36.55446],[128.4583,36.5531],[128.45848,36.54764],[128.46454,36.54116],[128.46459,36.53827],[128.45523,36.53756],[128.44789,36.53147],[128.44016,36.52855],[128.43631,36.52253],[128.42849,36.52037],[128.41938,36.52296],[128.41273,36.52008],[128.40003,36.51008],[128.37553,36.503],[128.3697,36.50893],[128.37085,36.51619],[128.36822,36.51902],[128.36655,36.52947],[128.35826,36.5325],[128.3583,36.53049],[128.35382,36.52709],[128.34103,36.52434],[128.34556,36.51414],[128.34117,36.50498],[128.33598,36.49937],[128.33824,36.49692],[128.33596,36.49517],[128.33875,36.48988],[128.32095,36.4745],[128.32046,36.47137],[128.31458,36.47076],[128.31048,36.4672],[128.30863,36.46381],[128.31174,36.461],[128.31351,36.45459],[128.30855,36.45473],[128.29964,36.46347],[128.29549,36.46505],[128.29115,36.46183],[128.28058,36.46355],[128.27854,36.46672],[128.27918,36.47184],[128.26745,36.47756],[128.26507,36.47585],[128.26205,36.47698],[128.2703,36.48678],[128.26437,36.50712],[128.2666,36.51631],[128.27085,36.51922],[128.26751,36.53722],[128.2621,36.54619],[128.26498,36.55196],[128.29166,36.55166],[128.29694,36.55352],[128.2936,36.55907],[128.2956,36.56476],[128.29587,36.57833],[128.29064,36.57926],[128.28556,36.57773],[128.28208,36.58814],[128.2742,36.59727],[128.26294,36.60568],[128.262,36.61118],[128.27198,36.60979],[128.27231,36.61294],[128.27,36.61494],[128.28302,36.61691],[128.28742,36.62267],[128.28643,36.62615],[128.28862,36.62973],[128.29439,36.62992],[128.29877,36.635],[128.30699,36.63809],[128.30978,36.64155],[128.30787,36.65202],[128.30899,36.6561],[128.31625,36.65694],[128.32054,36.64896],[128.31966,36.64567],[128.32697,36.64461],[128.3303,36.64185],[128.33374,36.64207],[128.3396,36.64737],[128.34755,36.64632],[128.35048,36.65219],[128.34969,36.65412],[128.33545,36.65854],[128.33423,36.66539],[128.32669,36.66905],[128.32042,36.67829],[128.3336,36.68779],[128.3369,36.69364],[128.33061,36.69738],[128.33492,36.70362],[128.33436,36.70719],[128.33627,36.71059],[128.33154,36.7204],[128.3347,36.72329],[128.33277,36.73566],[128.33705,36.73638],[128.33907,36.74086],[128.35939,36.74061],[128.36909,36.75116],[128.36333,36.76132],[128.36777,36.7676],[128.3646,36.77526],[128.36996,36.78976],[128.36905,36.79197],[128.37205,36.79625],[128.3684,36.80208],[128.37331,36.80767],[128.38334,36.81376],[128.39436,36.81487],[128.40341,36.81214],[128.42114,36.81181],[128.43205,36.82407],[128.43411,36.83414],[128.4415,36.8376],[128.44899,36.84861],[128.45759,36.8461]]]]}},{"type":"Feature","properties":{"code":"37410","name":"봉화군","slug":"bonghwa-gun","wide":"gyeongbuk","center":[128.90187,36.93742]},"geometry":{"type":"MultiPolygon","coordinates":[[[[129.09679,37.1],[129.1045,37.0977],[129.10778,37.0935],[129.12289,37.09128],[129.12642,37.08804],[129.12719,37.08444],[129.13358,37.08178],[129.13947,37.08227],[129.14427,37.07658],[129.16177,37.06883],[129.16614,37.06916],[129.1704,37.06036],[129.17705,37.05672],[129.18503,37.04658],[129.18392,37.03792],[129.18017,37.03581],[129.17577,37.02852],[129.16673,37.02208],[129.15946,37.0197],[129.15531,37.02288],[129.14728,37.02498],[129.14597,37.02815],[129.13885,37.0327],[129.13248,37.03436],[129.12643,37.02981],[129.10627,37.024],[129.10319,37.01912],[129.09453,37.01572],[129.08469,37.00881],[129.09464,37.00687],[129.08943,36.99921],[129.09278,36.99618],[129.09296,36.98889],[129.09049,36.98543],[129.09512,36.97759],[129.09494,36.97465],[129.09218,36.97006],[129.09097,36.96191],[129.08812,36.96114],[129.08256,36.96356],[129.07707,36.95856],[129.07681,36.95568],[129.08758,36.95142],[129.08397,36.94591],[129.09653,36.94606],[129.10104,36.94364],[129.10404,36.94492],[129.10804,36.94258],[129.10413,36.93795],[129.11089,36.9338],[129.11848,36.93547],[129.12309,36.93361],[129.12545,36.92979],[129.13696,36.92677],[129.13736,36.92284],[129.14181,36.92041],[129.14741,36.91333],[129.14477,36.90975],[129.14773,36.90805],[129.14805,36.90455],[129.14447,36.89881],[129.14924,36.89592],[129.14792,36.88968],[129.15552,36.88784],[129.15541,36.87759],[129.15301,36.87382],[129.13626,36.87304],[129.13566,36.8691],[129.1292,36.86491],[129.12829,36.85838],[129.12408,36.85593],[129.12107,36.84714],[129.10383,36.8356],[129.09935,36.82767],[129.09308,36.8254],[129.08968,36.82636],[129.0802,36.81805],[129.07146,36.82058],[129.06587,36.81877],[129.06312,36.81337],[129.05341,36.80631],[129.04818,36.79858],[129.03855,36.79517],[129.036,36.78922],[129.02193,36.78337],[129.01817,36.78465],[129.01195,36.78278],[129.00833,36.77995],[129.00067,36.7806],[128.98463,36.77259],[128.98378,36.76354],[128.99201,36.75599],[128.99112,36.74795],[128.97722,36.74692],[128.964,36.75207],[128.95679,36.76814],[128.94929,36.77212],[128.94227,36.77358],[128.93032,36.76764],[128.92488,36.76905],[128.91939,36.76708],[128.91214,36.77407],[128.90453,36.77629],[128.89659,36.77186],[128.89045,36.77206],[128.88429,36.78297],[128.87216,36.78599],[128.86282,36.79935],[128.84372,36.80278],[128.84039,36.80904],[128.82158,36.8102],[128.81899,36.80245],[128.81221,36.79554],[128.80672,36.80103],[128.80511,36.80965],[128.80329,36.81101],[128.80891,36.81655],[128.80296,36.82316],[128.79966,36.8223],[128.79424,36.81469],[128.78763,36.81297],[128.78191,36.80958],[128.78154,36.80734],[128.7759,36.80492],[128.76792,36.8068],[128.7646,36.80181],[128.76304,36.80207],[128.76211,36.80767],[128.75862,36.81013],[128.75215,36.80717],[128.74832,36.80934],[128.7434,36.79772],[128.73607,36.80198],[128.7323,36.7918],[128.72829,36.79006],[128.72333,36.80008],[128.72126,36.80101],[128.7276,36.81166],[128.72757,36.81874],[128.71865,36.81859],[128.71298,36.82203],[128.71685,36.82915],[128.72833,36.83134],[128.73142,36.83618],[128.7347,36.8365],[128.73657,36.83939],[128.7366,36.84412],[128.73211,36.84683],[128.72934,36.85382],[128.72639,36.85477],[128.72678,36.86599],[128.72027,36.86774],[128.71512,36.86431],[128.70543,36.8671],[128.7009,36.86062],[128.69492,36.86261],[128.68417,36.86221],[128.68219,36.85796],[128.67799,36.85584],[128.67787,36.84908],[128.67351,36.84792],[128.67447,36.84253],[128.66787,36.84448],[128.66316,36.84225],[128.65676,36.8519],[128.64789,36.85589],[128.64485,36.85326],[128.64177,36.85717],[128.64549,36.86468],[128.64909,36.86762],[128.65432,36.86755],[128.65591,36.8703],[128.65005,36.87806],[128.65177,36.88186],[128.64431,36.87952],[128.63783,36.88942],[128.63985,36.89004],[128.64392,36.89932],[128.64682,36.90149],[128.64978,36.91057],[128.6549,36.91161],[128.65505,36.90987],[128.65867,36.90942],[128.66633,36.91779],[128.6705,36.91887],[128.66563,36.91899],[128.66645,36.92364],[128.66136,36.92687],[128.65899,36.93179],[128.66486,36.94316],[128.67336,36.94246],[128.67738,36.95338],[128.6815,36.95411],[128.68632,36.9601],[128.68711,36.9695],[128.69294,36.97377],[128.69345,36.97694],[128.69003,36.97912],[128.69197,36.99483],[128.69446,36.99842],[128.69267,37.00455],[128.70205,37.01254],[128.70265,37.01618],[128.70014,37.0187],[128.69978,37.02266],[128.70194,37.03164],[128.71152,37.0419],[128.71867,37.04375],[128.73583,37.03975],[128.74825,37.02961],[128.75376,37.02783],[128.75455,37.03196],[128.76254,37.03786],[128.76142,37.04444],[128.75519,37.05016],[128.75232,37.05593],[128.75655,37.06863],[128.75801,37.06983],[128.76536,37.06403],[128.76839,37.06781],[128.77046,37.07531],[128.77781,37.07971],[128.77784,37.08328],[128.77359,37.08751],[128.78028,37.09234],[128.78575,37.08791],[128.79942,37.08694],[128.80153,37.08435],[128.79997,37.07897],[128.80787,37.076],[128.81257,37.07871],[128.81943,37.07703],[128.82938,37.07846],[128.83208,37.07508],[128.83167,37.0674],[128.83595,37.06594],[128.84687,37.05161],[128.86365,37.0487],[128.87248,37.04395],[128.87684,37.04608],[128.87854,37.05326],[128.88927,37.04939],[128.89642,37.04452],[128.89807,37.0576],[128.91042,37.06613],[128.91019,37.07022],[128.91693,37.0787],[128.91506,37.08371],[128.92332,37.09212],[128.93206,37.09087],[128.94566,37.09378],[128.95343,37.08492],[128.9533,37.08125],[128.95927,37.07758],[128.97763,37.08156],[128.9834,37.08462],[128.98861,37.08437],[129.00958,37.07855],[129.01517,37.07953],[129.02038,37.07656],[129.02435,37.07835],[129.03241,37.07492],[129.03667,37.07617],[129.04187,37.07106],[129.05132,37.06783],[129.05428,37.06982],[129.05707,37.0679],[129.0574,37.06505],[129.06395,37.06844],[129.06737,37.07445],[129.0656,37.07875],[129.07081,37.08401],[129.07042,37.08822],[129.07695,37.09299],[129.09679,37.1]]]]}},{"type":"Feature","properties":{"code":"37420","name":"울진군","slug":"uljin-gun","wide":"gyeongbuk","center":[129.2939,36.90813]},"geometry":{"type":"MultiPolygon","coordinates":[[[[129.42512,37.05394],[129.42617,37.05571],[129.42452,37.05788],[129.42186,37.05813],[129.41493,37.05302],[129.41323,37.04385],[129.41579,37.03552],[129.41027,37.03086],[129.40944,37.02786],[129.41132,37.01966],[129.41601,37.01133],[129.41783,36.99927],[129.41651,36.991],[129.40804,36.97967],[129.41495,36.96502],[129.42102,36.9408],[129.42094,36.937],[129.41733,36.93137],[129.41937,36.9201],[129.4155,36.91592],[129.41569,36.90834],[129.42054,36.89757],[129.41918,36.89238],[129.41816,36.89343],[129.41532,36.88961],[129.42205,36.87372],[129.42007,36.86809],[129.42758,36.85113],[129.44556,36.83223],[129.44795,36.82779],[129.44553,36.82739],[129.44724,36.82459],[129.45705,36.81429],[129.45782,36.80343],[129.46272,36.79648],[129.46234,36.78864],[129.47804,36.76827],[129.47648,36.76409],[129.46804,36.75736],[129.46885,36.74774],[129.47625,36.73384],[129.47697,36.72793],[129.47175,36.72089],[129.475,36.6979],[129.46913,36.69502],[129.46779,36.68833],[129.46494,36.68658],[129.46535,36.67968],[129.45695,36.67281],[129.46185,36.67777],[129.45902,36.68178],[129.44715,36.67761],[129.43856,36.67139],[129.43103,36.65924],[129.42827,36.64879],[129.42321,36.6435],[129.41863,36.64638],[129.41925,36.65059],[129.41068,36.65424],[129.4072,36.65834],[129.39665,36.66126],[129.3969,36.66556],[129.39236,36.66631],[129.38885,36.66453],[129.38352,36.66885],[129.36224,36.66034],[129.35432,36.65097],[129.34901,36.65678],[129.33009,36.66154],[129.32731,36.66668],[129.31758,36.66563],[129.2942,36.67141],[129.28542,36.66803],[129.2754,36.67055],[129.26905,36.6737],[129.27856,36.68154],[129.27628,36.69169],[129.28278,36.69535],[129.28624,36.7083],[129.29507,36.71872],[129.28776,36.71891],[129.28094,36.72333],[129.27198,36.72528],[129.27046,36.72774],[129.27292,36.74075],[129.2717,36.74474],[129.28525,36.75212],[129.29505,36.75349],[129.2976,36.75646],[129.29655,36.76796],[129.30329,36.77668],[129.31078,36.77383],[129.3141,36.78076],[129.30728,36.79171],[129.30015,36.79388],[129.29239,36.80574],[129.28755,36.80864],[129.29407,36.82499],[129.28937,36.82957],[129.2891,36.83241],[129.27266,36.83338],[129.27124,36.84098],[129.27742,36.84734],[129.27506,36.85052],[129.27743,36.85648],[129.27562,36.85885],[129.28072,36.8613],[129.27873,36.86438],[129.28436,36.86297],[129.28526,36.86505],[129.27945,36.87381],[129.27683,36.87502],[129.27163,36.87149],[129.26751,36.8728],[129.26206,36.87072],[129.261,36.87346],[129.26276,36.87642],[129.25602,36.87212],[129.25452,36.85903],[129.24702,36.85231],[129.24021,36.85191],[129.22624,36.85613],[129.23238,36.86308],[129.22251,36.86165],[129.21772,36.85836],[129.21129,36.86368],[129.20832,36.85682],[129.20556,36.85585],[129.20092,36.86217],[129.20095,36.86511],[129.19561,36.86974],[129.19585,36.87479],[129.19111,36.87979],[129.18234,36.87842],[129.16887,36.88145],[129.16521,36.87916],[129.1658,36.87539],[129.15911,36.87473],[129.15516,36.8782],[129.15552,36.88784],[129.1477,36.89005],[129.14924,36.89592],[129.14446,36.89913],[129.14805,36.90455],[129.14773,36.90805],[129.14477,36.90975],[129.14741,36.91333],[129.14181,36.92041],[129.13736,36.92284],[129.13696,36.92677],[129.12545,36.92979],[129.12309,36.93361],[129.11848,36.93547],[129.11089,36.9338],[129.10413,36.93795],[129.10804,36.94258],[129.10404,36.94492],[129.10104,36.94364],[129.09653,36.94606],[129.08397,36.94591],[129.08758,36.95142],[129.07681,36.95568],[129.07707,36.95856],[129.08256,36.96356],[129.08812,36.96114],[129.09097,36.96191],[129.09218,36.97006],[129.09494,36.97465],[129.09512,36.97759],[129.09049,36.98543],[129.09296,36.98889],[129.09278,36.99618],[129.08943,36.99921],[129.09464,37.00687],[129.08469,37.00881],[129.09453,37.01572],[129.10319,37.01912],[129.10627,37.024],[129.12643,37.02981],[129.13248,37.03436],[129.13885,37.0327],[129.14597,37.02815],[129.14728,37.02498],[129.15531,37.02288],[129.15946,37.0197],[129.16744,37.02244],[129.1746,37.02749],[129.18541,37.04172],[129.19475,37.04063],[129.20505,37.04497],[129.21341,37.04299],[129.22531,37.04456],[129.23801,37.03867],[129.23821,37.04079],[129.23267,37.04422],[129.23282,37.05024],[129.22852,37.05723],[129.23293,37.06427],[129.23086,37.0689],[129.22538,37.07372],[129.24046,37.08504],[129.24903,37.09615],[129.26599,37.10232],[129.27202,37.11701],[129.28539,37.11725],[129.29459,37.11437],[129.29523,37.1203],[129.30229,37.12754],[129.30889,37.12794],[129.3112,37.13065],[129.31815,37.13295],[129.32483,37.14229],[129.33098,37.14048],[129.33644,37.14198],[129.33951,37.14683],[129.34099,37.1446],[129.34784,37.14645],[129.35664,37.14483],[129.36413,37.14601],[129.36912,37.138],[129.37495,37.13538],[129.37094,37.12993],[129.37132,37.12735],[129.37622,37.11981],[129.38007,37.11928],[129.37443,37.11062],[129.37881,37.10204],[129.38287,37.10277],[129.38619,37.09994],[129.38192,37.10237],[129.37857,37.10106],[129.3796,37.09906],[129.38263,37.09643],[129.3814,37.09957],[129.38308,37.10036],[129.3822,37.09909],[129.3878,37.09321],[129.39387,37.08949],[129.38961,37.09037],[129.39632,37.08332],[129.42675,37.0642],[129.43023,37.05772],[129.42512,37.05394]]]]}},{"type":"Feature","properties":{"code":"37430","name":"울릉군","slug":"ulleung-gun","wide":"gyeongbuk","center":[130.86613,37.50262]},"geometry":{"type":"MultiPolygon","coordinates":[[[[131.87015,37.24096],[131.87147,37.24005],[131.87023,37.23817],[131.86721,37.2389],[131.87015,37.24096]]],[[[131.86621,37.24318],[131.86549,37.24005],[131.86308,37.24064],[131.86275,37.24227],[131.86621,37.24318]]],[[[130.93833,37.52566],[130.93536,37.529],[130.93776,37.53222],[130.94007,37.53138],[130.93833,37.52566]]],[[[130.92328,37.54467],[130.92166,37.54166],[130.91875,37.54274],[130.92328,37.54467]]],[[[130.91144,37.54132],[130.91827,37.54214],[130.91955,37.54082],[130.91186,37.53806],[130.90807,37.52834],[130.91038,37.52133],[130.914,37.51801],[130.91654,37.51863],[130.91758,37.51344],[130.91454,37.50524],[130.91461,37.49848],[130.91299,37.4997],[130.90992,37.49537],[130.91066,37.49219],[130.91311,37.49143],[130.91375,37.4967],[130.91357,37.48662],[130.91917,37.48761],[130.92083,37.48634],[130.91572,37.48253],[130.90886,37.4823],[130.90706,37.4769],[130.89615,37.47575],[130.88405,37.47055],[130.87886,37.46547],[130.87614,37.45953],[130.88286,37.46084],[130.87549,37.45803],[130.87505,37.45359],[130.87277,37.45371],[130.86772,37.45915],[130.85599,37.45992],[130.84981,37.46386],[130.84296,37.46283],[130.83165,37.46664],[130.8278,37.47134],[130.81217,37.47371],[130.80919,37.47619],[130.80804,37.48126],[130.80209,37.48402],[130.80335,37.497],[130.80503,37.49836],[130.80216,37.50061],[130.80489,37.50391],[130.7971,37.51294],[130.79293,37.51373],[130.79158,37.51831],[130.79369,37.52303],[130.79635,37.52349],[130.79638,37.52005],[130.80247,37.519],[130.80582,37.52164],[130.81347,37.52243],[130.82292,37.52897],[130.82394,37.52674],[130.82964,37.52691],[130.84494,37.53537],[130.85718,37.53454],[130.86684,37.53662],[130.87435,37.54293],[130.89191,37.54107],[130.90296,37.549],[130.90766,37.54847],[130.90849,37.54419],[130.91144,37.54132]]]]}},{"type":"Feature","properties":{"code":"38030","name":"진주시","slug":"jinju-si","wide":"gyeongnam","center":[128.13301,35.18695]},"geometry":{"type":"MultiPolygon","coordinates":[[[[128.15659,35.34964],[128.15802,35.34582],[128.1636,35.34246],[128.16435,35.33617],[128.17885,35.32125],[128.17757,35.31665],[128.17263,35.314],[128.17392,35.31061],[128.17273,35.30824],[128.17755,35.29895],[128.17443,35.29275],[128.17955,35.28575],[128.18016,35.27907],[128.18792,35.27488],[128.19173,35.26731],[128.19573,35.26563],[128.19387,35.25645],[128.20149,35.25366],[128.20595,35.26295],[128.21181,35.26528],[128.21948,35.26468],[128.23144,35.25618],[128.23823,35.25366],[128.27404,35.2574],[128.28635,35.25163],[128.29356,35.25345],[128.29864,35.24989],[128.29377,35.2408],[128.29755,35.23749],[128.30171,35.23837],[128.30638,35.23365],[128.30809,35.22938],[128.30582,35.22393],[128.30743,35.22151],[128.31623,35.22272],[128.31971,35.2207],[128.3223,35.21381],[128.3287,35.20687],[128.34963,35.21009],[128.35716,35.20675],[128.3682,35.19126],[128.36526,35.172],[128.36128,35.16333],[128.36218,35.15219],[128.35855,35.1469],[128.36342,35.14106],[128.35811,35.13961],[128.34814,35.13082],[128.34827,35.12709],[128.33841,35.12792],[128.33388,35.12462],[128.32809,35.124],[128.32264,35.12985],[128.31613,35.12957],[128.31272,35.12645],[128.30635,35.12498],[128.30404,35.1271],[128.29972,35.12559],[128.2892,35.13138],[128.27375,35.13244],[128.26959,35.13174],[128.26355,35.12712],[128.24728,35.12831],[128.24764,35.1262],[128.24413,35.12601],[128.24173,35.12327],[128.24188,35.12085],[128.22866,35.11675],[128.22771,35.11393],[128.21162,35.11465],[128.19907,35.10514],[128.19838,35.10362],[128.20105,35.10053],[128.1984,35.0963],[128.19037,35.09788],[128.18773,35.08937],[128.18828,35.08175],[128.19095,35.07664],[128.20634,35.07638],[128.21073,35.07557],[128.21098,35.07326],[128.19618,35.06502],[128.19005,35.05412],[128.18665,35.05172],[128.18432,35.05092],[128.17806,35.05355],[128.17243,35.05195],[128.16494,35.06364],[128.16084,35.06659],[128.15604,35.06579],[128.152,35.07437],[128.14879,35.07513],[128.14794,35.07764],[128.15278,35.08073],[128.16066,35.08049],[128.16932,35.08381],[128.16772,35.08569],[128.17206,35.09532],[128.16988,35.09709],[128.16703,35.09648],[128.16269,35.10161],[128.1588,35.10079],[128.15546,35.10882],[128.14735,35.11446],[128.13528,35.11704],[128.12811,35.1146],[128.1242,35.11571],[128.11811,35.11415],[128.1166,35.11094],[128.10907,35.10548],[128.09851,35.10661],[128.0915,35.10103],[128.0893,35.10432],[128.09179,35.10767],[128.0911,35.11606],[128.08829,35.11855],[128.07575,35.12322],[128.0706,35.12831],[128.05639,35.12777],[128.05062,35.13146],[128.04761,35.12781],[128.0487,35.12457],[128.04303,35.12065],[128.0281,35.12288],[128.02428,35.12129],[128.02258,35.11727],[128.01711,35.11862],[128.00971,35.11381],[128.00261,35.11425],[127.99999,35.1233],[128.00313,35.13358],[127.99668,35.14488],[127.9993,35.14646],[127.99855,35.15537],[127.98141,35.15654],[127.9791,35.15885],[127.97206,35.15633],[127.96875,35.15868],[127.9634,35.15252],[127.96351,35.15559],[127.95801,35.15765],[127.95101,35.15201],[127.93861,35.15259],[127.93719,35.16217],[127.93925,35.16594],[127.93783,35.16768],[127.92492,35.17835],[127.90825,35.18429],[127.89485,35.19697],[127.89454,35.20789],[127.88796,35.21647],[127.88986,35.22753],[127.89068,35.22598],[127.89939,35.22657],[127.90555,35.22259],[127.90941,35.22403],[127.91132,35.24028],[127.92092,35.25233],[127.92291,35.25238],[127.92433,35.24933],[127.93242,35.25067],[127.93879,35.24862],[127.94757,35.24165],[127.96678,35.24652],[127.96973,35.25133],[127.9714,35.25009],[127.97355,35.27003],[127.98289,35.27052],[127.98536,35.27363],[127.9863,35.27711],[127.98433,35.28183],[127.98625,35.28691],[127.99588,35.28597],[128.00278,35.29129],[128.00594,35.29741],[128.0127,35.29903],[128.01519,35.30312],[128.03462,35.30781],[128.04054,35.30409],[128.04341,35.30474],[128.05233,35.31269],[128.05091,35.32098],[128.05862,35.33357],[128.0723,35.33295],[128.07433,35.33586],[128.08049,35.33704],[128.10165,35.33501],[128.10833,35.33086],[128.11232,35.33168],[128.11564,35.33004],[128.13201,35.33776],[128.14585,35.34861],[128.15379,35.35081],[128.15659,35.34964]]]]}},{"type":"Feature","properties":{"code":"38050","name":"통영시","slug":"tongyeong-si","wide":"gyeongnam","center":[128.39679,34.88712]},"geometry":{"type":"MultiPolygon","coordinates":[[[[128.73137,34.53958],[128.73478,34.53738],[128.73306,34.53469],[128.73028,34.53858],[128.73137,34.53958]]],[[[128.44465,34.54099],[128.43709,34.53754],[128.43433,34.54011],[128.44517,34.54845],[128.44951,34.54578],[128.44453,34.54267],[128.44465,34.54099]]],[[[128.34543,34.56342],[128.34771,34.55796],[128.34257,34.55849],[128.34543,34.56342]]],[[[128.34591,34.56542],[128.34602,34.56747],[128.34822,34.56745],[128.34591,34.56542]]],[[[128.18701,34.5726],[128.1891,34.57237],[128.19024,34.56897],[128.18811,34.56741],[128.18855,34.56323],[128.18443,34.56197],[128.18228,34.55855],[128.17671,34.55852],[128.17905,34.56188],[128.18343,34.56256],[128.18508,34.56901],[128.183,34.57253],[128.18701,34.5726]]],[[[128.35033,34.57378],[128.34803,34.57212],[128.34816,34.57587],[128.35033,34.57378]]],[[[128.31901,34.61933],[128.31506,34.62257],[128.31627,34.62377],[128.32613,34.61999],[128.31901,34.61933]]],[[[128.30721,34.62156],[128.30823,34.61532],[128.30178,34.61899],[128.29893,34.61821],[128.29853,34.62137],[128.30199,34.62524],[128.30721,34.62156]]],[[[128.55433,34.63091],[128.55595,34.62884],[128.54907,34.62164],[128.55031,34.61848],[128.546,34.61897],[128.5457,34.6208],[128.548,34.6219],[128.54468,34.62734],[128.5454,34.62897],[128.55433,34.63091]]],[[[128.4717,34.64209],[128.46819,34.6406],[128.46499,34.64386],[128.4717,34.64209]]],[[[128.23698,34.65058],[128.24778,34.65166],[128.25784,34.64514],[128.2641,34.64529],[128.27569,34.63923],[128.27361,34.63471],[128.26503,34.63438],[128.26583,34.63191],[128.27248,34.62887],[128.27476,34.6247],[128.27871,34.62772],[128.2773,34.63033],[128.27885,34.63375],[128.28445,34.63853],[128.29044,34.64086],[128.29919,34.63905],[128.29356,34.63503],[128.29656,34.63146],[128.2922,34.62888],[128.28963,34.63024],[128.28644,34.62608],[128.28887,34.62078],[128.28621,34.62178],[128.27566,34.61937],[128.27032,34.62493],[128.2641,34.62767],[128.25819,34.62084],[128.24382,34.61834],[128.24516,34.61334],[128.23915,34.61102],[128.23378,34.6128],[128.23089,34.61684],[128.24268,34.61968],[128.24258,34.62379],[128.23508,34.62807],[128.23749,34.63495],[128.23588,34.63573],[128.22794,34.63119],[128.2252,34.63289],[128.22352,34.63779],[128.23511,34.64049],[128.235,34.64404],[128.22765,34.64882],[128.23414,34.65283],[128.23698,34.65058]]],[[[128.35368,34.6513],[128.36066,34.64712],[128.36221,34.64822],[128.36764,34.64621],[128.36811,34.64175],[128.37184,34.63962],[128.37662,34.64533],[128.37868,34.64496],[128.3807,34.6403],[128.3759,34.63916],[128.37689,34.63477],[128.36056,34.64337],[128.35792,34.64028],[128.34926,34.63985],[128.34321,34.64522],[128.34398,34.64918],[128.35189,34.65225],[128.35368,34.6513]]],[[[128.56522,34.63261],[128.562,34.63624],[128.57119,34.64191],[128.57369,34.64956],[128.57923,34.65065],[128.57845,34.64708],[128.5851,34.64443],[128.58307,34.64117],[128.57743,34.63958],[128.57734,34.63702],[128.57391,34.63433],[128.56522,34.63261]]],[[[128.57469,34.65871],[128.57745,34.65855],[128.57365,34.65335],[128.57221,34.65496],[128.57469,34.65871]]],[[[128.34116,34.66211],[128.3471,34.66211],[128.3523,34.65621],[128.34541,34.65583],[128.34143,34.65786],[128.33952,34.66202],[128.34116,34.66211]]],[[[128.31664,34.65849],[128.31413,34.65947],[128.31491,34.66336],[128.31664,34.65849]]],[[[128.25703,34.66573],[128.25136,34.66239],[128.24467,34.66364],[128.24318,34.66636],[128.24899,34.66572],[128.25441,34.66819],[128.25703,34.66573]]],[[[128.26444,34.66569],[128.26314,34.66654],[128.26687,34.66973],[128.26794,34.6663],[128.26444,34.66569]]],[[[128.30522,34.66619],[128.30159,34.66741],[128.30293,34.67073],[128.30653,34.66771],[128.30522,34.66619]]],[[[128.27836,34.67279],[128.27688,34.67409],[128.27908,34.67544],[128.27836,34.67279]]],[[[128.22263,34.67526],[128.22387,34.67434],[128.22187,34.6735],[128.22039,34.67686],[128.22263,34.67526]]],[[[128.22019,34.68059],[128.22246,34.67882],[128.21969,34.67769],[128.21835,34.67965],[128.22019,34.68059]]],[[[128.25282,34.67994],[128.25178,34.67893],[128.25543,34.6712],[128.25333,34.67036],[128.23346,34.67066],[128.2289,34.67293],[128.23155,34.67358],[128.23325,34.67719],[128.24413,34.67901],[128.24847,34.67751],[128.25087,34.68067],[128.25282,34.67994]]],[[[128.26766,34.67877],[128.25944,34.68104],[128.26262,34.68274],[128.26766,34.67877]]],[[[128.58268,34.68097],[128.57403,34.68234],[128.57779,34.68867],[128.58268,34.68097]]],[[[128.28732,34.68865],[128.28912,34.68826],[128.28742,34.68742],[128.27929,34.68757],[128.28552,34.6914],[128.28732,34.68865]]],[[[128.39836,34.69414],[128.39325,34.69633],[128.39797,34.69711],[128.39836,34.69414]]],[[[128.54859,34.69633],[128.54145,34.69984],[128.5486,34.70072],[128.54859,34.69633]]],[[[128.55812,34.70546],[128.55831,34.70275],[128.55518,34.70419],[128.55812,34.70546]]],[[[128.18053,34.70998],[128.18957,34.7108],[128.19924,34.70586],[128.20171,34.70238],[128.19991,34.69875],[128.2023,34.69556],[128.20228,34.69116],[128.19473,34.6858],[128.19638,34.69137],[128.18432,34.69079],[128.17414,34.69618],[128.16847,34.70135],[128.16808,34.70672],[128.17562,34.71159],[128.18053,34.70998]]],[[[128.39396,34.70671],[128.39331,34.71039],[128.39745,34.71149],[128.39891,34.70811],[128.39396,34.70671]]],[[[128.56153,34.70693],[128.55324,34.71828],[128.55931,34.71605],[128.56603,34.70749],[128.56153,34.70693]]],[[[128.42728,34.71964],[128.42319,34.72658],[128.4271,34.73418],[128.42937,34.72857],[128.42728,34.71964]]],[[[128.53607,34.73352],[128.53751,34.73194],[128.53517,34.72922],[128.53062,34.7273],[128.51998,34.72853],[128.52307,34.73289],[128.52925,34.73479],[128.53607,34.73352]]],[[[128.46222,34.7037],[128.45256,34.70445],[128.44762,34.70863],[128.45069,34.71105],[128.45071,34.71356],[128.45971,34.71723],[128.45935,34.72128],[128.45451,34.72726],[128.4556,34.72993],[128.46424,34.73587],[128.47166,34.7293],[128.46064,34.71856],[128.46735,34.7086],[128.46222,34.7037]]],[[[128.40069,34.73917],[128.40601,34.73466],[128.40607,34.72944],[128.40022,34.72933],[128.39291,34.73568],[128.39298,34.73712],[128.39519,34.73633],[128.40069,34.73917]]],[[[128.38584,34.74032],[128.38843,34.7406],[128.3908,34.73719],[128.38575,34.73932],[128.37844,34.73865],[128.38205,34.74167],[128.38584,34.74032]]],[[[128.49865,34.74521],[128.50176,34.73998],[128.51426,34.73678],[128.5133,34.73356],[128.50929,34.73242],[128.50415,34.73236],[128.50175,34.73846],[128.49615,34.7316],[128.49015,34.73346],[128.48169,34.73976],[128.46663,34.73946],[128.46577,34.74125],[128.47505,34.7463],[128.48536,34.74506],[128.49394,34.75034],[128.49865,34.74521]]],[[[128.41093,34.74728],[128.41647,34.74855],[128.41808,34.74584],[128.41117,34.74598],[128.4045,34.74186],[128.40229,34.74321],[128.40336,34.74606],[128.39907,34.74648],[128.40394,34.75155],[128.40549,34.7483],[128.41093,34.74728]]],[[[128.40671,34.75237],[128.40407,34.75263],[128.40558,34.75488],[128.4095,34.75497],[128.40671,34.75237]]],[[[128.39982,34.756],[128.40148,34.75537],[128.40029,34.75058],[128.39435,34.75147],[128.39189,34.75407],[128.39386,34.7551],[128.39614,34.75254],[128.39982,34.756]]],[[[128.42435,34.756],[128.42624,34.75453],[128.42224,34.74584],[128.41586,34.74478],[128.42163,34.74868],[128.42144,34.7548],[128.42435,34.756]]],[[[128.30278,34.75776],[128.30857,34.75575],[128.30676,34.75121],[128.30105,34.75379],[128.29755,34.75002],[128.30272,34.74563],[128.29145,34.74937],[128.28617,34.75904],[128.2943,34.7632],[128.30278,34.75776]]],[[[128.52982,34.75909],[128.5305,34.75757],[128.53866,34.75641],[128.5419,34.76037],[128.54563,34.76115],[128.5584,34.75987],[128.56043,34.75821],[128.55996,34.75564],[128.55454,34.75542],[128.55367,34.75348],[128.56084,34.75072],[128.55128,34.74811],[128.53655,34.7549],[128.52493,34.75481],[128.51415,34.75919],[128.5114,34.76062],[128.50941,34.76491],[128.51074,34.76625],[128.53388,34.76463],[128.52988,34.76226],[128.52982,34.75909]]],[[[128.37875,34.77824],[128.3773,34.77925],[128.38064,34.78068],[128.37875,34.77824]]],[[[128.46155,34.77785],[128.46077,34.77951],[128.46354,34.78007],[128.46155,34.77785]]],[[[128.36908,34.78422],[128.37414,34.7827],[128.37185,34.7761],[128.3633,34.77692],[128.36006,34.77443],[128.35579,34.77765],[128.35659,34.78045],[128.36042,34.77961],[128.36736,34.78581],[128.36908,34.78422]]],[[[128.3603,34.78446],[128.35825,34.78507],[128.35834,34.78703],[128.3623,34.78573],[128.3603,34.78446]]],[[[128.52015,34.79202],[128.51068,34.79568],[128.51349,34.7981],[128.5192,34.79791],[128.52015,34.79202]]],[[[128.50239,34.80191],[128.51083,34.8004],[128.50752,34.79974],[128.50443,34.78715],[128.49445,34.79344],[128.49783,34.79702],[128.49842,34.80247],[128.50239,34.80191]]],[[[128.49923,34.81105],[128.49358,34.80983],[128.4907,34.81274],[128.49608,34.81329],[128.49923,34.81105]]],[[[128.35885,34.81361],[128.3634,34.8151],[128.3694,34.81176],[128.35885,34.81361]]],[[[128.45931,34.81521],[128.45875,34.81195],[128.45748,34.81232],[128.45931,34.81521]]],[[[128.4812,34.81568],[128.47775,34.81356],[128.47963,34.80831],[128.48749,34.81157],[128.48487,34.80677],[128.49179,34.80033],[128.48951,34.79563],[128.49341,34.78238],[128.49789,34.78186],[128.50504,34.78443],[128.50653,34.78367],[128.50416,34.78156],[128.51035,34.77762],[128.50841,34.76673],[128.50226,34.76582],[128.49117,34.75755],[128.48461,34.75803],[128.47847,34.7623],[128.47357,34.76034],[128.4675,34.76093],[128.47006,34.76264],[128.4733,34.7703],[128.47271,34.77597],[128.46864,34.78332],[128.46451,34.78284],[128.45953,34.78651],[128.46317,34.79156],[128.46169,34.80493],[128.46823,34.80097],[128.46564,34.79432],[128.46627,34.78763],[128.46868,34.79047],[128.46893,34.79499],[128.47286,34.79386],[128.47319,34.80329],[128.47647,34.8042],[128.4846,34.79811],[128.47835,34.80606],[128.46904,34.80488],[128.46562,34.81305],[128.4694,34.81782],[128.47844,34.81564],[128.48409,34.81801],[128.4812,34.81568]]],[[[128.17766,34.81887],[128.17351,34.82048],[128.17722,34.82198],[128.17886,34.82058],[128.17766,34.81887]]],[[[128.35747,34.81359],[128.34765,34.816],[128.34682,34.81954],[128.35097,34.82197],[128.35872,34.81961],[128.36025,34.81815],[128.3561,34.81476],[128.35747,34.81359]]],[[[128.13509,34.83449],[128.13911,34.83434],[128.14369,34.8311],[128.14339,34.82901],[128.1398,34.82725],[128.14164,34.82508],[128.13431,34.82377],[128.12578,34.8294],[128.12457,34.83122],[128.12601,34.83525],[128.13156,34.83622],[128.13509,34.83449]]],[[[128.3197,34.83381],[128.31647,34.83069],[128.31401,34.83091],[128.31375,34.83314],[128.31606,34.83275],[128.31958,34.83542],[128.3197,34.83381]]],[[[128.15915,34.83497],[128.15712,34.83738],[128.15949,34.83652],[128.15915,34.83497]]],[[[128.2379,34.83781],[128.24067,34.83569],[128.24176,34.82984],[128.24486,34.83296],[128.24839,34.82937],[128.24972,34.82452],[128.26551,34.81822],[128.26606,34.81496],[128.26142,34.81284],[128.26025,34.80916],[128.25491,34.80809],[128.2458,34.80994],[128.24496,34.81318],[128.2382,34.81101],[128.23882,34.80921],[128.24274,34.80841],[128.24531,34.80133],[128.24202,34.79491],[128.23861,34.79512],[128.23949,34.79752],[128.23677,34.8013],[128.22382,34.80146],[128.22253,34.80499],[128.22412,34.80802],[128.2104,34.80759],[128.2079,34.80911],[128.20913,34.81092],[128.21547,34.81185],[128.21603,34.81342],[128.19945,34.81871],[128.20075,34.82521],[128.20438,34.82222],[128.21366,34.82111],[128.21389,34.82279],[128.20686,34.82719],[128.21295,34.83145],[128.21773,34.83902],[128.22585,34.83789],[128.23634,34.84147],[128.2379,34.83781]]],[[[128.35486,34.83885],[128.35677,34.84095],[128.35901,34.83791],[128.35523,34.83319],[128.35611,34.83179],[128.36702,34.83168],[128.37034,34.83432],[128.37338,34.83246],[128.37414,34.82928],[128.3783,34.82947],[128.38527,34.81352],[128.38775,34.81546],[128.38398,34.82952],[128.39165,34.82613],[128.39279,34.82322],[128.40826,34.83405],[128.41489,34.83322],[128.42132,34.83568],[128.42188,34.83305],[128.435,34.82843],[128.43343,34.82731],[128.43486,34.8253],[128.43977,34.82856],[128.43695,34.82958],[128.4407,34.82806],[128.43997,34.82336],[128.44164,34.8209],[128.43939,34.81908],[128.43933,34.81258],[128.44226,34.80356],[128.44133,34.80219],[128.43594,34.80253],[128.43354,34.809],[128.43115,34.80233],[128.43241,34.79945],[128.43717,34.79897],[128.44014,34.79468],[128.43449,34.7894],[128.42082,34.79356],[128.41958,34.79245],[128.4215,34.78888],[128.42557,34.78825],[128.43581,34.78057],[128.42438,34.77076],[128.42546,34.7656],[128.42377,34.76202],[128.42124,34.76523],[128.40641,34.76243],[128.4043,34.76434],[128.40663,34.76819],[128.39749,34.76544],[128.39761,34.77042],[128.39537,34.77474],[128.39731,34.77956],[128.39427,34.78101],[128.38955,34.77797],[128.38582,34.77992],[128.39129,34.78632],[128.38891,34.79027],[128.38175,34.79272],[128.38366,34.79688],[128.3774,34.79555],[128.37507,34.78874],[128.37367,34.79396],[128.36368,34.79649],[128.36916,34.80094],[128.37212,34.79993],[128.37227,34.80301],[128.37543,34.79877],[128.37827,34.79862],[128.37786,34.80211],[128.38067,34.80605],[128.37595,34.80799],[128.37802,34.81101],[128.38169,34.81113],[128.37892,34.81541],[128.36732,34.81847],[128.35734,34.82548],[128.35548,34.82405],[128.34559,34.82541],[128.34185,34.82252],[128.34028,34.81798],[128.33493,34.8181],[128.33593,34.81979],[128.331,34.82483],[128.32973,34.82961],[128.33579,34.82632],[128.33715,34.8274],[128.33342,34.83443],[128.34026,34.8282],[128.3392,34.8381],[128.33713,34.84074],[128.33807,34.84265],[128.34204,34.84158],[128.34174,34.83627],[128.34441,34.83145],[128.34913,34.83501],[128.34699,34.84],[128.3484,34.84225],[128.35356,34.84272],[128.35486,34.83885]]],[[[128.36893,34.85026],[128.36645,34.85384],[128.36841,34.85348],[128.36893,34.85026]]],[[[128.34391,34.85191],[128.34092,34.85353],[128.34503,34.85452],[128.34602,34.85358],[128.34391,34.85191]]],[[[128.2005,34.85961],[128.20508,34.8581],[128.21145,34.85147],[128.22361,34.85212],[128.23239,34.84462],[128.22921,34.84237],[128.22116,34.84443],[128.22091,34.84222],[128.2042,34.84195],[128.19983,34.83923],[128.19894,34.83185],[128.19226,34.82698],[128.18182,34.82718],[128.17912,34.83134],[128.1841,34.83386],[128.18343,34.83642],[128.1685,34.84108],[128.16706,34.84382],[128.16762,34.85163],[128.19077,34.85915],[128.2005,34.85961]]],[[[128.35027,34.86696],[128.351,34.86353],[128.34732,34.86628],[128.34366,34.86454],[128.35027,34.86696]]],[[[128.4682,34.8638],[128.46587,34.86435],[128.46806,34.86909],[128.46941,34.86578],[128.4682,34.8638]]],[[[128.42355,34.88964],[128.42101,34.89401],[128.42444,34.89655],[128.42355,34.88964]]],[[[128.48475,34.91465],[128.48335,34.91619],[128.48541,34.91719],[128.48645,34.91595],[128.48475,34.91465]]],[[[128.46938,34.91995],[128.47488,34.91877],[128.47246,34.91789],[128.47259,34.91488],[128.47873,34.90895],[128.47627,34.90459],[128.46846,34.90511],[128.46426,34.90875],[128.46456,34.91378],[128.46757,34.91742],[128.46597,34.92127],[128.46938,34.91995]]],[[[128.32479,34.92309],[128.31996,34.92306],[128.31894,34.91996],[128.31839,34.92342],[128.32061,34.92647],[128.32432,34.92529],[128.32479,34.92309]]],[[[128.3289,34.92176],[128.33015,34.92599],[128.33366,34.92794],[128.33164,34.92284],[128.3289,34.92176]]],[[[128.4364,34.92455],[128.43738,34.92754],[128.43976,34.9259],[128.4364,34.92455]]],[[[128.48708,34.92904],[128.48453,34.93392],[128.48768,34.93886],[128.49141,34.93202],[128.4901,34.92953],[128.48708,34.92904]]],[[[128.43438,34.94434],[128.43546,34.94299],[128.43294,34.94197],[128.43438,34.94434]]],[[[128.48909,34.95568],[128.49062,34.95379],[128.48415,34.95457],[128.4845,34.9605],[128.48209,34.96359],[128.48666,34.96812],[128.48508,34.95981],[128.48909,34.95568]]],[[[128.43207,34.97638],[128.44137,34.97186],[128.44385,34.96846],[128.43133,34.95696],[128.42908,34.95695],[128.43023,34.9452],[128.4249,34.94085],[128.43158,34.93255],[128.43602,34.9315],[128.42847,34.92835],[128.42981,34.92112],[128.42869,34.9141],[128.42554,34.91641],[128.41774,34.9102],[128.42076,34.90446],[128.4258,34.90386],[128.42201,34.90188],[128.41837,34.89163],[128.4235,34.88383],[128.42125,34.87317],[128.42347,34.87202],[128.43256,34.87729],[128.43451,34.88433],[128.43095,34.88483],[128.43207,34.88835],[128.44554,34.88851],[128.43888,34.893],[128.44423,34.9],[128.45142,34.90292],[128.44924,34.90552],[128.44601,34.90589],[128.44288,34.9105],[128.43821,34.91197],[128.44045,34.91335],[128.45262,34.91476],[128.45236,34.91032],[128.46053,34.90498],[128.45392,34.90071],[128.45931,34.89818],[128.46004,34.8997],[128.46404,34.89965],[128.46531,34.89221],[128.47114,34.89175],[128.47316,34.89397],[128.47549,34.89013],[128.46856,34.88748],[128.4711,34.88441],[128.46673,34.8772],[128.46795,34.87285],[128.4663,34.87113],[128.46037,34.87303],[128.45985,34.88124],[128.45749,34.88258],[128.45521,34.88146],[128.45528,34.87457],[128.45191,34.87378],[128.4551,34.87054],[128.45648,34.86481],[128.45355,34.86453],[128.45007,34.8681],[128.44685,34.8656],[128.45245,34.85683],[128.45315,34.85404],[128.45058,34.85147],[128.45218,34.84655],[128.44126,34.84256],[128.43362,34.84466],[128.43173,34.84279],[128.43273,34.84114],[128.44004,34.84036],[128.43509,34.83817],[128.42752,34.83956],[128.42687,34.84423],[128.42459,34.84448],[128.42358,34.84277],[128.42558,34.84157],[128.42518,34.83955],[128.41821,34.83979],[128.40496,34.8326],[128.402,34.83606],[128.39872,34.8353],[128.39583,34.82949],[128.39271,34.82947],[128.39428,34.83166],[128.39315,34.83432],[128.38804,34.83589],[128.38582,34.83389],[128.38346,34.83552],[128.38347,34.83804],[128.3889,34.83903],[128.38791,34.84253],[128.38171,34.84392],[128.37692,34.84024],[128.3718,34.84416],[128.37687,34.84372],[128.37755,34.84584],[128.3696,34.85002],[128.37232,34.85304],[128.37827,34.8516],[128.38506,34.85779],[128.38418,34.86138],[128.38723,34.85954],[128.38959,34.86154],[128.3885,34.86281],[128.39683,34.86288],[128.39699,34.85825],[128.40082,34.86232],[128.41401,34.85968],[128.41507,34.86151],[128.41806,34.85943],[128.42071,34.86243],[128.41937,34.86547],[128.4152,34.86767],[128.40491,34.86772],[128.40501,34.86542],[128.38559,34.86818],[128.38598,34.87259],[128.39096,34.87361],[128.38809,34.87621],[128.3832,34.87252],[128.38128,34.87306],[128.38202,34.87905],[128.38522,34.88171],[128.38114,34.88921],[128.37632,34.89113],[128.37528,34.8902],[128.38014,34.88562],[128.37883,34.88321],[128.37502,34.88192],[128.37091,34.88583],[128.36885,34.88529],[128.3715,34.8759],[128.37603,34.87154],[128.37438,34.86948],[128.36818,34.87256],[128.36327,34.87],[128.35599,34.87111],[128.3553,34.87516],[128.35739,34.88023],[128.3531,34.87913],[128.3512,34.8865],[128.34908,34.8875],[128.34792,34.88653],[128.3505,34.87671],[128.34827,34.87309],[128.34215,34.87427],[128.34236,34.88075],[128.34068,34.8823],[128.33343,34.88282],[128.33213,34.88117],[128.33719,34.87756],[128.32832,34.8759],[128.32515,34.88107],[128.32947,34.88478],[128.32846,34.88628],[128.32218,34.88442],[128.31938,34.87919],[128.31697,34.87979],[128.31581,34.88426],[128.31067,34.88745],[128.30912,34.89351],[128.30491,34.89738],[128.29779,34.90011],[128.29821,34.90235],[128.30858,34.90877],[128.31673,34.90882],[128.32205,34.90675],[128.33896,34.90852],[128.34543,34.90533],[128.35045,34.90551],[128.35446,34.90802],[128.35091,34.91636],[128.35399,34.91692],[128.35457,34.91942],[128.34864,34.91953],[128.34606,34.92153],[128.35082,34.92346],[128.34382,34.92572],[128.33548,34.92144],[128.33752,34.92681],[128.33812,34.92405],[128.34084,34.92387],[128.34518,34.92934],[128.34661,34.93286],[128.34428,34.93741],[128.34666,34.9403],[128.34986,34.93946],[128.36891,34.9463],[128.37423,34.94525],[128.38103,34.94703],[128.38944,34.95201],[128.3891,34.96102],[128.392,34.96367],[128.39986,34.964],[128.40056,34.97076],[128.41564,34.96721],[128.42305,34.97541],[128.43207,34.97638]]]]}},{"type":"Feature","properties":{"code":"38060","name":"사천시","slug":"sacheon-si","wide":"gyeongnam","center":[128.02341,35.03718]},"geometry":{"type":"MultiPolygon","coordinates":[[[[128.08211,34.90886],[128.08362,34.90718],[128.08179,34.90646],[128.08211,34.90886]]],[[[128.07653,34.90846],[128.08018,34.90762],[128.078,34.90411],[128.08207,34.89839],[128.07882,34.8974],[128.07546,34.8931],[128.0763,34.89053],[128.08108,34.88946],[128.0744,34.88603],[128.07094,34.89014],[128.07397,34.89422],[128.07259,34.89817],[128.07615,34.90218],[128.07206,34.90606],[128.07452,34.9081],[128.07164,34.90886],[128.07523,34.91052],[128.07653,34.90846]]],[[[128.04561,34.92469],[128.04205,34.92613],[128.04459,34.92745],[128.04561,34.92469]]],[[[128.03713,34.91879],[128.03301,34.92466],[128.03504,34.92742],[128.04181,34.92172],[128.03713,34.91879]]],[[[128.02924,34.92677],[128.02895,34.92964],[128.03141,34.92846],[128.02924,34.92677]]],[[[128.03125,34.93398],[128.02807,34.93551],[128.0281,34.938],[128.0303,34.93866],[128.03313,34.93625],[128.03362,34.9343],[128.03125,34.93398]]],[[[128.02967,34.94223],[128.03001,34.94641],[128.03205,34.94373],[128.02967,34.94223]]],[[[127.97094,34.96373],[127.97237,34.96234],[127.9693,34.96114],[127.97094,34.96373]]],[[[127.96484,34.96117],[127.96085,34.96135],[127.96296,34.96595],[127.96535,34.96563],[127.96366,34.96337],[127.96484,34.96117]]],[[[127.99787,34.97717],[127.9976,34.9733],[127.99402,34.97307],[127.99518,34.97776],[127.99787,34.97717]]],[[[127.93539,34.97922],[127.9399,34.97682],[127.93453,34.97725],[127.93539,34.97922]]],[[[127.96859,34.98866],[127.97135,34.98409],[127.96798,34.9844],[127.96592,34.9818],[127.97351,34.98054],[127.97635,34.97463],[127.98012,34.97279],[127.9804,34.9688],[127.98635,34.96673],[127.98851,34.96927],[127.98734,34.9729],[127.99132,34.97193],[127.99211,34.96984],[127.99361,34.97193],[127.99473,34.96874],[127.98233,34.96329],[127.97007,34.96647],[127.96214,34.97164],[127.96463,34.97398],[127.96267,34.98046],[127.96605,34.98306],[127.96567,34.98953],[127.96948,34.99039],[127.96859,34.98866]]],[[[128.00547,35.03617],[128.00292,35.0355],[128.00309,35.0381],[128.00604,35.03812],[128.00547,35.03617]]],[[[128.02177,35.03067],[128.01983,35.02812],[128.01427,35.02855],[128.00565,35.03339],[128.01946,35.04074],[128.00989,35.04991],[128.00861,35.04745],[128.01404,35.04293],[128.01411,35.03963],[128.00864,35.03848],[128.00415,35.04465],[128.00266,35.04253],[127.98714,35.04653],[127.98425,35.04511],[127.98263,35.03703],[127.9761,35.03302],[127.97815,35.03162],[127.98803,35.03321],[127.98818,35.03914],[127.99617,35.03771],[127.99703,35.03453],[127.99434,35.03201],[128.009,35.02213],[128.00959,35.01664],[128.00697,35.0169],[128.0079,35.01259],[128.01841,35.01004],[128.0174,35.00864],[128.01989,35.00468],[128.01474,34.99164],[128.00888,34.99662],[128.00752,34.99588],[128.00951,34.99271],[128.00803,34.98228],[128.00375,34.98354],[128.00593,34.98524],[128.0053,34.98819],[127.99985,34.98357],[128.00212,34.98986],[128.00011,34.99513],[127.99786,34.99601],[127.99341,34.99165],[127.99634,34.98751],[127.99521,34.98447],[127.99272,34.98825],[127.98927,34.98922],[127.98844,34.98778],[127.98789,34.98531],[127.99192,34.98207],[127.98837,34.97687],[127.98269,34.97583],[127.97679,34.98231],[127.97574,34.98607],[127.97405,34.98471],[127.97267,34.98644],[127.97464,34.99011],[127.9728,34.99303],[127.96861,34.99358],[127.96741,34.99168],[127.96467,34.99488],[127.96167,34.99452],[127.9619,34.99006],[127.9567,34.9845],[127.9528,34.98659],[127.9472,34.98361],[127.95347,34.9809],[127.94817,34.97993],[127.94951,34.97785],[127.95215,34.97784],[127.95271,34.97561],[127.93489,34.98155],[127.9366,34.98431],[127.93972,34.98506],[127.93745,34.98774],[127.93542,34.98634],[127.93162,34.99218],[127.93436,34.99639],[127.94104,34.99871],[127.93489,34.99838],[127.94116,35.00136],[127.94072,35.00419],[127.93522,35.00529],[127.92931,35.0117],[127.92273,35.0142],[127.92319,35.01856],[127.92051,35.02319],[127.92515,35.02954],[127.92295,35.03311],[127.92471,35.03522],[127.92392,35.04183],[127.93032,35.04589],[127.93074,35.04904],[127.92473,35.05371],[127.92039,35.06417],[127.91447,35.06453],[127.91171,35.07345],[127.90832,35.07342],[127.90632,35.07882],[127.89772,35.07912],[127.89352,35.08655],[127.90228,35.08761],[127.90187,35.09527],[127.90932,35.09813],[127.89936,35.1074],[127.90079,35.1112],[127.91001,35.11709],[127.9105,35.12066],[127.90202,35.12551],[127.88544,35.13046],[127.87898,35.14565],[127.8852,35.15025],[127.89617,35.15367],[127.89639,35.15643],[127.89857,35.15673],[127.90309,35.15487],[127.90966,35.1484],[127.91299,35.15098],[127.92144,35.15033],[127.92989,35.14476],[127.93154,35.14547],[127.93145,35.14946],[127.93861,35.15259],[127.95101,35.15201],[127.95801,35.15765],[127.96351,35.15559],[127.9634,35.15252],[127.96875,35.15868],[127.97206,35.15633],[127.9791,35.15885],[127.98141,35.15654],[127.99855,35.15537],[127.9993,35.14646],[127.99668,35.14488],[128.00313,35.13358],[127.99999,35.1233],[128.00261,35.11425],[128.00971,35.11381],[128.01711,35.11862],[128.02258,35.11727],[128.02428,35.12129],[128.0281,35.12288],[128.04303,35.12065],[128.0487,35.12457],[128.04761,35.12781],[128.05062,35.13146],[128.05639,35.12777],[128.0706,35.12831],[128.07575,35.12322],[128.08829,35.11855],[128.0911,35.11606],[128.09179,35.10767],[128.0893,35.10432],[128.0915,35.10103],[128.09821,35.10653],[128.10907,35.10548],[128.1166,35.11094],[128.11826,35.11424],[128.1242,35.11571],[128.12811,35.1146],[128.13263,35.11702],[128.14539,35.11517],[128.15427,35.10997],[128.1588,35.10079],[128.16269,35.10161],[128.16703,35.09648],[128.16988,35.09709],[128.17206,35.09532],[128.16772,35.08569],[128.16932,35.08381],[128.16066,35.08049],[128.15135,35.08018],[128.14794,35.07764],[128.14879,35.07513],[128.152,35.07437],[128.15604,35.06579],[128.16243,35.06618],[128.17243,35.05195],[128.17806,35.05355],[128.18432,35.05092],[128.18003,35.03852],[128.17591,35.03609],[128.17339,35.0313],[128.1629,35.0276],[128.16057,35.01995],[128.15801,35.0062],[128.16563,34.99565],[128.17019,34.98472],[128.16625,34.98355],[128.15609,34.98985],[128.14973,34.99145],[128.14344,34.98953],[128.13489,34.98048],[128.13506,34.96871],[128.13292,34.96075],[128.12313,34.94911],[128.12263,34.93874],[128.11434,34.93386],[128.11575,34.92688],[128.11966,34.92242],[128.11313,34.9239],[128.10564,34.92208],[128.1015,34.92516],[128.09931,34.92468],[128.09812,34.92041],[128.09805,34.92454],[128.09565,34.92639],[128.08873,34.91895],[128.08323,34.917],[128.08252,34.91804],[128.08594,34.91899],[128.08801,34.92617],[128.07994,34.92692],[128.08139,34.92771],[128.07959,34.92847],[128.07421,34.92267],[128.0719,34.92406],[128.07204,34.92736],[128.06508,34.92626],[128.05671,34.92931],[128.05788,34.92736],[128.05609,34.92797],[128.0402,34.94128],[128.03943,34.94646],[128.02995,34.95714],[128.03004,34.95865],[128.03378,34.95848],[128.05103,34.97045],[128.05236,34.97697],[128.04411,34.9828],[128.04445,34.98567],[128.03934,34.99259],[128.03874,34.99665],[128.03971,35.00297],[128.04913,35.01164],[128.0505,35.01609],[128.04507,35.02425],[128.04309,35.02459],[128.03758,35.02092],[128.03962,35.01552],[128.03538,35.02356],[128.04217,35.03133],[128.03877,35.03769],[128.03999,35.04422],[128.04275,35.04681],[128.03837,35.04883],[128.03948,35.05677],[128.04489,35.06709],[128.06129,35.07913],[128.05783,35.07796],[128.05412,35.08171],[128.04606,35.07591],[128.04113,35.07826],[128.03457,35.07743],[128.04011,35.07579],[128.04119,35.07247],[128.03634,35.0688],[128.03254,35.06936],[128.03479,35.06274],[128.02583,35.05656],[128.02573,35.05168],[128.03095,35.04957],[128.02636,35.04249],[128.02573,35.03379],[128.02177,35.03067]]]]}},{"type":"Feature","properties":{"code":"38070","name":"김해시","slug":"gimhae-si","wide":"gyeongnam","center":[128.83221,35.25169]},"geometry":{"type":"MultiPolygon","coordinates":[[[[128.8595,35.39555],[128.86523,35.39547],[128.86945,35.39177],[128.87238,35.38219],[128.87429,35.38223],[128.87642,35.37141],[128.87959,35.36844],[128.8906,35.36503],[128.91261,35.36424],[128.92362,35.35703],[128.94563,35.33778],[128.96214,35.33285],[128.96889,35.32821],[128.97211,35.32133],[128.97314,35.31019],[128.98087,35.29937],[128.98964,35.29216],[129.0041,35.28473],[129.01163,35.27774],[129.01482,35.27053],[128.9988,35.23808],[128.98976,35.2317],[128.97358,35.22736],[128.94853,35.22524],[128.944,35.22833],[128.94017,35.22738],[128.92924,35.22003],[128.92013,35.21642],[128.91665,35.21696],[128.9125,35.22252],[128.91027,35.2229],[128.90917,35.22056],[128.90931,35.22294],[128.90502,35.22007],[128.90836,35.21676],[128.89682,35.2132],[128.8864,35.21448],[128.87906,35.21004],[128.87035,35.20156],[128.87619,35.19263],[128.87606,35.18809],[128.8817,35.18199],[128.88004,35.17887],[128.88115,35.17185],[128.87348,35.17414],[128.87235,35.17227],[128.87577,35.17051],[128.87701,35.165],[128.88139,35.16134],[128.88083,35.15947],[128.87442,35.15857],[128.87631,35.15168],[128.87424,35.15078],[128.87166,35.15046],[128.86518,35.15819],[128.86665,35.15976],[128.86918,35.15865],[128.8721,35.16262],[128.8715,35.16506],[128.86739,35.16771],[128.85974,35.16817],[128.84629,35.16469],[128.84293,35.15799],[128.83601,35.15914],[128.82753,35.15559],[128.81597,35.16016],[128.80871,35.15894],[128.80587,35.16044],[128.8006,35.15807],[128.78615,35.15711],[128.77734,35.15974],[128.76315,35.16877],[128.75697,35.16819],[128.75567,35.16485],[128.75088,35.16739],[128.74099,35.16715],[128.74424,35.18583],[128.74622,35.1918],[128.75053,35.19457],[128.75061,35.20148],[128.7432,35.2062],[128.728,35.20695],[128.72252,35.2144],[128.72129,35.22537],[128.72511,35.2309],[128.72626,35.2398],[128.72328,35.24445],[128.7194,35.24371],[128.71879,35.2499],[128.7113,35.26318],[128.71142,35.26974],[128.70493,35.28219],[128.70565,35.28668],[128.7025,35.29763],[128.69234,35.30444],[128.69224,35.30813],[128.69681,35.31035],[128.70925,35.30892],[128.71477,35.31044],[128.71144,35.31525],[128.7137,35.31859],[128.71364,35.32286],[128.71788,35.3256],[128.73258,35.31603],[128.73899,35.31716],[128.74246,35.32073],[128.74163,35.33071],[128.75002,35.33226],[128.75019,35.33944],[128.75296,35.33745],[128.75193,35.3346],[128.75315,35.33437],[128.76412,35.34551],[128.77512,35.34644],[128.7861,35.35131],[128.79504,35.36049],[128.80255,35.37353],[128.80655,35.37629],[128.81548,35.38029],[128.82699,35.3816],[128.8595,35.39555]]]]}},{"type":"Feature","properties":{"code":"38080","name":"밀양시","slug":"miryang-si","wide":"gyeongnam","center":[128.79395,35.50777]},"geometry":{"type":"MultiPolygon","coordinates":[[[[128.9512,35.63015],[128.95415,35.6251],[128.96126,35.62056],[128.96088,35.61558],[128.97281,35.61345],[128.98264,35.60871],[128.98675,35.60912],[128.9971,35.615],[129.00274,35.62026],[129.0085,35.61594],[129.01667,35.61629],[129.02245,35.61422],[129.02265,35.60295],[129.02462,35.59992],[129.02275,35.59126],[129.01893,35.58676],[129.0189,35.58382],[129.00793,35.58019],[128.99581,35.56789],[128.97119,35.5603],[128.98092,35.54637],[128.98935,35.5516],[128.99896,35.54],[128.99592,35.53525],[128.99459,35.52813],[128.98881,35.52173],[128.98965,35.51664],[128.98481,35.51491],[128.97728,35.50757],[128.96211,35.50942],[128.95855,35.50547],[128.95796,35.4989],[128.96762,35.48998],[128.96316,35.4845],[128.96521,35.4808],[128.96453,35.47689],[128.96839,35.47188],[128.96763,35.46727],[128.9632,35.46663],[128.96202,35.46448],[128.96389,35.46356],[128.96129,35.4609],[128.95009,35.45425],[128.94241,35.45636],[128.93357,35.45264],[128.92984,35.45432],[128.92638,35.45212],[128.91851,35.45177],[128.91004,35.44466],[128.90638,35.43734],[128.92225,35.42596],[128.92369,35.42085],[128.91324,35.4145],[128.90354,35.41979],[128.89089,35.41452],[128.89224,35.41174],[128.89027,35.40398],[128.88772,35.40414],[128.87942,35.39809],[128.88061,35.38651],[128.87612,35.38558],[128.87466,35.38226],[128.87238,35.38219],[128.86945,35.39177],[128.86523,35.39547],[128.8595,35.39555],[128.82699,35.3816],[128.81548,35.38029],[128.80655,35.37629],[128.80255,35.37353],[128.79504,35.36049],[128.7861,35.35131],[128.77512,35.34644],[128.76412,35.34551],[128.75357,35.34822],[128.74329,35.34825],[128.71788,35.36648],[128.68937,35.37755],[128.67048,35.37743],[128.65949,35.37402],[128.65073,35.3749],[128.6474,35.38026],[128.65164,35.38179],[128.6496,35.38553],[128.64069,35.38372],[128.63855,35.38496],[128.63948,35.38705],[128.64412,35.38807],[128.64418,35.39318],[128.64952,35.39795],[128.64594,35.41267],[128.65116,35.42612],[128.64891,35.42668],[128.64724,35.43067],[128.64467,35.43296],[128.63619,35.43479],[128.63182,35.44748],[128.6261,35.45197],[128.61694,35.44928],[128.61498,35.44612],[128.59929,35.4528],[128.58322,35.45359],[128.57729,35.45974],[128.57904,35.46666],[128.57746,35.47028],[128.57388,35.47246],[128.57139,35.48571],[128.57316,35.48938],[128.5712,35.49242],[128.57752,35.50635],[128.5859,35.50653],[128.59175,35.51487],[128.59171,35.51746],[128.5849,35.52056],[128.58266,35.52381],[128.58265,35.53266],[128.57744,35.53738],[128.58509,35.53869],[128.59113,35.537],[128.59252,35.54041],[128.58562,35.55528],[128.58911,35.55721],[128.5891,35.5625],[128.58363,35.56662],[128.58573,35.57099],[128.58471,35.57974],[128.59047,35.5838],[128.59319,35.58445],[128.60286,35.58007],[128.6147,35.58166],[128.61684,35.58392],[128.63075,35.58742],[128.63653,35.5847],[128.63807,35.5886],[128.6409,35.58882],[128.64409,35.59305],[128.65632,35.59788],[128.66442,35.59375],[128.67424,35.5961],[128.68924,35.59446],[128.69319,35.59088],[128.69494,35.58342],[128.70331,35.57801],[128.71241,35.57911],[128.71496,35.5776],[128.72462,35.58148],[128.73197,35.57595],[128.73742,35.57715],[128.75718,35.56771],[128.76752,35.56989],[128.78553,35.56689],[128.79501,35.57334],[128.79878,35.57831],[128.80072,35.58763],[128.80265,35.58915],[128.80956,35.58898],[128.82376,35.59612],[128.83365,35.59735],[128.84264,35.58899],[128.84473,35.58962],[128.85408,35.59718],[128.85936,35.60622],[128.86479,35.60905],[128.86815,35.61612],[128.87388,35.62164],[128.87538,35.63233],[128.88146,35.63548],[128.88479,35.63398],[128.88724,35.62911],[128.89192,35.62931],[128.91505,35.64062],[128.94115,35.63507],[128.9512,35.63015]]]]}},{"type":"Feature","properties":{"code":"38090","name":"거제시","slug":"geoje-si","wide":"gyeongnam","center":[128.63404,34.86312]},"geometry":{"type":"MultiPolygon","coordinates":[[[[128.61796,34.68419],[128.62056,34.68245],[128.61629,34.68225],[128.61796,34.68419]]],[[[128.62161,34.68301],[128.62139,34.68516],[128.6246,34.68382],[128.62161,34.68301]]],[[[128.68327,34.72941],[128.68224,34.73449],[128.68508,34.73602],[128.68529,34.7318],[128.68327,34.72941]]],[[[128.71633,34.76752],[128.71486,34.7687],[128.71661,34.77033],[128.71806,34.7691],[128.71633,34.76752]]],[[[128.71222,34.76743],[128.70991,34.76811],[128.71028,34.77195],[128.71257,34.77203],[128.71482,34.76923],[128.71222,34.76743]]],[[[128.71489,34.78961],[128.7179,34.78848],[128.71546,34.78541],[128.71633,34.78095],[128.713,34.78142],[128.71101,34.78693],[128.71489,34.78961]]],[[[128.54318,34.81289],[128.54074,34.80783],[128.53489,34.80312],[128.52794,34.80283],[128.52649,34.81175],[128.53103,34.81324],[128.53658,34.82394],[128.54656,34.82336],[128.54688,34.81716],[128.54318,34.81289]]],[[[128.75431,34.82672],[128.75133,34.81938],[128.75332,34.81719],[128.74714,34.81519],[128.74942,34.82401],[128.75431,34.82672]]],[[[128.49475,34.82743],[128.49318,34.82839],[128.49517,34.83209],[128.49715,34.82927],[128.49475,34.82743]]],[[[128.47145,34.83298],[128.47368,34.83285],[128.47104,34.82925],[128.4752,34.82865],[128.47951,34.82503],[128.47678,34.82091],[128.47135,34.82174],[128.46846,34.82564],[128.463,34.8273],[128.46383,34.8341],[128.46599,34.83521],[128.47145,34.83298]]],[[[128.48514,34.89441],[128.48073,34.8963],[128.48391,34.89716],[128.48514,34.89441]]],[[[128.72798,34.97014],[128.73622,34.96802],[128.72972,34.96486],[128.7253,34.96752],[128.72572,34.97126],[128.72798,34.97014]]],[[[128.52253,34.97493],[128.53198,34.9728],[128.53597,34.96867],[128.53632,34.96558],[128.53151,34.96048],[128.5213,34.95585],[128.52578,34.9468],[128.53414,34.94157],[128.53243,34.93811],[128.52599,34.9399],[128.52499,34.93481],[128.52874,34.9346],[128.53048,34.93042],[128.52496,34.92789],[128.51978,34.93086],[128.52029,34.93322],[128.51277,34.94016],[128.51179,34.94337],[128.51781,34.94617],[128.51919,34.95186],[128.51818,34.95907],[128.51207,34.96462],[128.5168,34.97493],[128.52253,34.97493]]],[[[128.63093,34.97156],[128.62991,34.97284],[128.63582,34.97691],[128.63093,34.97156]]],[[[128.62705,35.00863],[128.62915,35.00642],[128.62796,35.00556],[128.62494,35.00829],[128.61883,35.0082],[128.62125,35.01251],[128.62705,35.00863]]],[[[128.64015,35.01542],[128.6382,35.01923],[128.6414,35.02101],[128.64175,35.01665],[128.64015,35.01542]]],[[[128.65349,35.01108],[128.65267,35.00663],[128.64638,35.00029],[128.64714,34.99667],[128.6513,34.9961],[128.64515,34.99412],[128.6479,34.98616],[128.64418,34.97883],[128.63834,34.97712],[128.6308,34.97784],[128.62859,34.97574],[128.6266,34.97733],[128.63051,34.9788],[128.63053,34.98058],[128.6262,34.98016],[128.62168,34.98343],[128.61864,34.98147],[128.61695,34.97445],[128.61234,34.97266],[128.60893,34.97467],[128.61255,34.97993],[128.61104,34.98337],[128.61258,34.9856],[128.61587,34.98705],[128.61802,34.98447],[128.62218,34.98622],[128.62653,34.99307],[128.62481,34.9955],[128.61579,34.99521],[128.61739,34.99951],[128.6343,34.99866],[128.63507,35.00293],[128.63166,35.00531],[128.63103,35.00864],[128.63798,35.01532],[128.64014,35.0141],[128.64028,35.01146],[128.64344,35.01227],[128.64847,35.0224],[128.65307,35.01621],[128.65349,35.01108]]],[[[128.73943,35.02088],[128.74232,35.02135],[128.746,35.01492],[128.73528,35.01744],[128.73514,35.02238],[128.73943,35.02088]]],[[[128.71688,35.04013],[128.71852,35.03887],[128.71658,35.0382],[128.71688,35.04013]]],[[[128.67367,34.78664],[128.66997,34.78072],[128.66517,34.77987],[128.66239,34.77605],[128.65807,34.77423],[128.65131,34.77859],[128.64537,34.77813],[128.64011,34.77218],[128.63782,34.76389],[128.64486,34.7535],[128.64951,34.75041],[128.6472,34.74617],[128.65251,34.7423],[128.6622,34.7419],[128.66293,34.74515],[128.66875,34.74547],[128.67599,34.74419],[128.68102,34.74011],[128.68312,34.7379],[128.68215,34.73651],[128.67767,34.73813],[128.67542,34.73583],[128.67614,34.72896],[128.67132,34.731],[128.67159,34.73907],[128.6669,34.73548],[128.66215,34.73907],[128.65821,34.73779],[128.6537,34.73987],[128.65139,34.73409],[128.64064,34.73597],[128.62917,34.73127],[128.62795,34.73267],[128.63027,34.7332],[128.63044,34.73533],[128.62743,34.73697],[128.6201,34.7304],[128.62184,34.72813],[128.62614,34.72822],[128.63059,34.71967],[128.64181,34.71488],[128.63819,34.70762],[128.63185,34.70929],[128.62579,34.71369],[128.62055,34.71161],[128.61842,34.70582],[128.61028,34.70183],[128.60014,34.70386],[128.59627,34.70819],[128.58985,34.70861],[128.58465,34.7071],[128.58122,34.70276],[128.57684,34.70255],[128.57634,34.70749],[128.57855,34.70918],[128.57895,34.71497],[128.58135,34.71646],[128.58568,34.71504],[128.58805,34.71723],[128.58474,34.72264],[128.59183,34.72276],[128.60263,34.7263],[128.60739,34.73182],[128.60652,34.73484],[128.6018,34.73678],[128.5975,34.73528],[128.59028,34.73774],[128.58556,34.73719],[128.58214,34.73963],[128.57663,34.73815],[128.57567,34.73933],[128.57815,34.75306],[128.58212,34.75642],[128.57968,34.76225],[128.58503,34.76435],[128.58683,34.7614],[128.59056,34.76369],[128.60105,34.76396],[128.60111,34.76699],[128.59157,34.77065],[128.59778,34.77704],[128.59471,34.77854],[128.5907,34.77622],[128.58238,34.77569],[128.57531,34.7786],[128.57422,34.77556],[128.56728,34.77319],[128.56757,34.77054],[128.56378,34.76622],[128.5554,34.76653],[128.55272,34.76932],[128.55287,34.77599],[128.55706,34.77894],[128.56085,34.77804],[128.56824,34.78407],[128.56867,34.78654],[128.55652,34.7894],[128.55442,34.78423],[128.54302,34.77528],[128.54109,34.77851],[128.5446,34.78492],[128.53865,34.78747],[128.54619,34.78782],[128.55,34.79024],[128.55181,34.7945],[128.55384,34.79408],[128.55509,34.79034],[128.56238,34.79054],[128.56874,34.79307],[128.5781,34.79366],[128.58417,34.79783],[128.58655,34.81043],[128.58461,34.8176],[128.59546,34.8276],[128.58686,34.83162],[128.58495,34.83369],[128.58651,34.83509],[128.5858,34.83749],[128.57948,34.84079],[128.57859,34.84318],[128.58149,34.84426],[128.58367,34.84134],[128.58731,34.84077],[128.58878,34.84698],[128.57826,34.85347],[128.57302,34.85429],[128.56732,34.84627],[128.5625,34.8429],[128.56367,34.83286],[128.54327,34.83374],[128.54044,34.83592],[128.5377,34.83389],[128.5392,34.83166],[128.53671,34.82914],[128.53279,34.83149],[128.53349,34.83336],[128.52402,34.83248],[128.52344,34.83121],[128.5277,34.82942],[128.52114,34.82678],[128.52739,34.82516],[128.52829,34.82142],[128.52245,34.82404],[128.52019,34.82317],[128.51921,34.82228],[128.52381,34.81668],[128.51632,34.80827],[128.51068,34.80896],[128.50921,34.81769],[128.50092,34.82389],[128.50149,34.83311],[128.50476,34.83538],[128.49795,34.83347],[128.48213,34.84023],[128.47824,34.84872],[128.48101,34.85509],[128.47614,34.85508],[128.4759,34.86834],[128.47262,34.87211],[128.47657,34.88386],[128.48429,34.88824],[128.49074,34.89564],[128.49187,34.90061],[128.49433,34.90135],[128.49717,34.89862],[128.50229,34.90249],[128.49787,34.90322],[128.49686,34.907],[128.50303,34.90421],[128.50663,34.90531],[128.50009,34.91103],[128.50715,34.90711],[128.51577,34.90968],[128.52755,34.92359],[128.53279,34.92014],[128.53515,34.92225],[128.5384,34.92116],[128.53721,34.91873],[128.5485,34.90744],[128.55719,34.90563],[128.56029,34.90167],[128.56888,34.89845],[128.57631,34.90154],[128.57218,34.90889],[128.58169,34.91287],[128.57778,34.91379],[128.57703,34.91766],[128.57891,34.91327],[128.58825,34.91499],[128.59098,34.90572],[128.59626,34.90644],[128.59529,34.9136],[128.5972,34.90257],[128.6011,34.90306],[128.59937,34.91386],[128.60127,34.90307],[128.60489,34.9035],[128.60551,34.90699],[128.60752,34.90679],[128.60642,34.89751],[128.61055,34.90247],[128.61798,34.89111],[128.62389,34.892],[128.62572,34.89851],[128.61799,34.90636],[128.61706,34.91375],[128.61521,34.91594],[128.61181,34.91351],[128.60819,34.91477],[128.61121,34.92336],[128.60359,34.9248],[128.60047,34.9284],[128.60031,34.93149],[128.59813,34.92963],[128.5923,34.93516],[128.59243,34.93841],[128.58603,34.94296],[128.58592,34.94676],[128.58892,34.95091],[128.58803,34.95254],[128.59311,34.94913],[128.59658,34.95079],[128.60048,34.95803],[128.59814,34.96628],[128.60624,34.96998],[128.61056,34.96569],[128.6051,34.95792],[128.60912,34.95807],[128.61738,34.9632],[128.61926,34.96121],[128.62458,34.96391],[128.63243,34.96116],[128.63425,34.9626],[128.63139,34.96577],[128.63256,34.96692],[128.64253,34.95891],[128.64724,34.96007],[128.6494,34.9573],[128.65135,34.96163],[128.64712,34.96295],[128.64717,34.96594],[128.64946,34.96987],[128.65029,34.97936],[128.65537,34.97847],[128.65966,34.98143],[128.65402,34.98288],[128.65399,34.9888],[128.65538,34.99043],[128.66371,34.99044],[128.66722,34.98822],[128.66457,34.99223],[128.65982,34.99398],[128.65955,34.99769],[128.66683,34.99557],[128.67142,34.99866],[128.67476,34.9936],[128.67425,34.98836],[128.67884,34.98711],[128.68151,34.98984],[128.6786,34.99666],[128.67317,34.99918],[128.67354,35.00115],[128.68178,35.00141],[128.68179,35.00705],[128.68001,35.00876],[128.67586,35.00436],[128.66744,35.00787],[128.66782,35.01098],[128.67155,35.01275],[128.6717,35.02086],[128.67601,35.02156],[128.6753,35.03177],[128.68473,35.034],[128.68452,35.03578],[128.67513,35.03993],[128.67872,35.04075],[128.68604,35.03882],[128.68987,35.032],[128.69365,35.03046],[128.69964,35.0316],[128.69892,35.03691],[128.70567,35.03169],[128.71237,35.03155],[128.71933,35.02402],[128.71999,35.01922],[128.71705,35.01201],[128.71791,35.0099],[128.71151,35.00653],[128.70682,35.00918],[128.70207,35.00615],[128.70136,35.00185],[128.70671,35.00082],[128.70657,34.9962],[128.6944,34.99776],[128.69291,34.99573],[128.69507,34.99056],[128.69968,34.99228],[128.70093,34.99081],[128.69763,34.9822],[128.69494,34.98017],[128.69707,34.97251],[128.69923,34.97075],[128.70414,34.97083],[128.70795,34.96478],[128.71652,34.96416],[128.71803,34.96098],[128.71578,34.96069],[128.71495,34.9577],[128.71937,34.9508],[128.72708,34.94606],[128.7262,34.93741],[128.72306,34.93714],[128.71983,34.94146],[128.71492,34.93636],[128.71982,34.9332],[128.717,34.92953],[128.71988,34.92763],[128.71764,34.92542],[128.71771,34.92186],[128.72067,34.91781],[128.72351,34.91791],[128.72388,34.91509],[128.71997,34.90946],[128.71384,34.91297],[128.7104,34.91074],[128.71295,34.90406],[128.71734,34.90056],[128.7071,34.89912],[128.70388,34.89332],[128.70462,34.89128],[128.70285,34.89193],[128.70013,34.88961],[128.69667,34.89131],[128.698,34.88528],[128.69487,34.87876],[128.70167,34.88622],[128.69645,34.88018],[128.69998,34.87858],[128.69766,34.87493],[128.69877,34.87421],[128.70758,34.88141],[128.70664,34.87817],[128.70905,34.87655],[128.70523,34.87269],[128.70984,34.86884],[128.7181,34.87747],[128.71661,34.87956],[128.7185,34.88185],[128.72578,34.88783],[128.71963,34.89462],[128.72602,34.88792],[128.7314,34.8909],[128.73426,34.89039],[128.73627,34.88551],[128.73996,34.88488],[128.75128,34.89544],[128.75251,34.89423],[128.73857,34.87842],[128.74357,34.87154],[128.74384,34.86821],[128.73348,34.86209],[128.72883,34.86273],[128.72938,34.8672],[128.7248,34.86692],[128.72374,34.86486],[128.72913,34.8587],[128.7292,34.85361],[128.73435,34.85078],[128.73624,34.8455],[128.73508,34.8433],[128.725,34.84152],[128.72057,34.84921],[128.71757,34.84965],[128.70298,34.84223],[128.70179,34.83917],[128.7029,34.83257],[128.70993,34.82844],[128.72065,34.83843],[128.71899,34.83563],[128.7239,34.8331],[128.72614,34.82803],[128.71837,34.82424],[128.72136,34.82178],[128.7218,34.81406],[128.72829,34.81132],[128.73712,34.79872],[128.73656,34.79634],[128.7405,34.79062],[128.73991,34.78696],[128.7362,34.78616],[128.72777,34.79336],[128.72334,34.79203],[128.70952,34.79513],[128.7104,34.79854],[128.71533,34.80083],[128.70952,34.81236],[128.70576,34.81289],[128.6955,34.80575],[128.69861,34.80285],[128.69891,34.79785],[128.69046,34.797],[128.68813,34.79924],[128.69345,34.80523],[128.69223,34.8076],[128.67323,34.81413],[128.66617,34.81055],[128.66931,34.80595],[128.66609,34.80157],[128.66877,34.79839],[128.66617,34.79339],[128.67367,34.78664]]]]}},{"type":"Feature","properties":{"code":"38100","name":"양산시","slug":"yangsan-si","wide":"gyeongnam","center":[129.04504,35.41225]},"geometry":{"type":"MultiPolygon","coordinates":[[[[129.05328,35.52572],[129.05106,35.51984],[129.05263,35.51447],[129.0717,35.50564],[129.08644,35.50184],[129.0907,35.49828],[129.10527,35.49647],[129.10679,35.48948],[129.10937,35.4866],[129.10832,35.48107],[129.1157,35.47664],[129.12127,35.47011],[129.12177,35.46344],[129.13088,35.45817],[129.14315,35.44565],[129.16761,35.4318],[129.19014,35.43494],[129.19698,35.43889],[129.20211,35.43207],[129.19994,35.43045],[129.20016,35.42415],[129.20328,35.42101],[129.21146,35.41906],[129.21479,35.41302],[129.21818,35.41153],[129.21907,35.40768],[129.20892,35.39943],[129.20781,35.39578],[129.20282,35.39261],[129.20117,35.38778],[129.19937,35.38904],[129.19359,35.38209],[129.19918,35.37598],[129.19876,35.3665],[129.17819,35.35177],[129.1686,35.3538],[129.16111,35.3594],[129.15012,35.36393],[129.11818,35.36903],[129.12217,35.36383],[129.12614,35.36303],[129.13323,35.35636],[129.13459,35.35145],[129.12714,35.3454],[129.128,35.34327],[129.12399,35.33786],[129.12576,35.33206],[129.12107,35.32875],[129.11814,35.32248],[129.11366,35.32022],[129.11201,35.31673],[129.11241,35.31014],[129.10856,35.30458],[129.10555,35.30653],[129.0883,35.30259],[129.07427,35.29076],[129.07017,35.29434],[129.05836,35.29484],[129.05217,35.28586],[129.05385,35.28206],[129.04901,35.27841],[129.0475,35.27421],[129.02954,35.27689],[129.01348,35.27376],[129.0041,35.28473],[128.98964,35.29216],[128.98087,35.29937],[128.97314,35.31019],[128.97211,35.32133],[128.96764,35.32923],[128.96214,35.33285],[128.94563,35.33778],[128.92362,35.35703],[128.91261,35.36424],[128.8906,35.36503],[128.87959,35.36844],[128.87642,35.37141],[128.87429,35.38223],[128.87612,35.38558],[128.88061,35.38651],[128.87942,35.39809],[128.88772,35.40414],[128.89027,35.40398],[128.89224,35.41174],[128.89089,35.41452],[128.90354,35.41979],[128.91324,35.4145],[128.92369,35.42085],[128.92225,35.42596],[128.90638,35.43734],[128.91004,35.44466],[128.91851,35.45177],[128.92638,35.45212],[128.92984,35.45432],[128.93357,35.45264],[128.94241,35.45636],[128.95009,35.45425],[128.96129,35.4609],[128.96389,35.46356],[128.96202,35.46448],[128.9632,35.46663],[128.96763,35.46727],[128.96839,35.47188],[128.96453,35.47689],[128.96521,35.4808],[128.96316,35.4845],[128.96762,35.48998],[128.95793,35.49899],[128.95855,35.50547],[128.96194,35.50937],[128.97736,35.50761],[128.98481,35.51491],[128.98965,35.51664],[128.98881,35.52173],[128.99459,35.52813],[129.0076,35.52911],[129.00969,35.52806],[129.00903,35.52399],[129.01296,35.52314],[129.02734,35.52711],[129.03333,35.52583],[129.05582,35.53227],[129.05657,35.52711],[129.05328,35.52572]]]]}},{"type":"Feature","properties":{"code":"38111","name":"창원시의창구","slug":"uichanggu","wide":"gyeongnam","center":[128.65724,35.29465]},"geometry":{"type":"MultiPolygon","coordinates":[[[[128.63434,35.36858],[128.65073,35.3749],[128.65949,35.37402],[128.67048,35.37743],[128.68937,35.37755],[128.71788,35.36648],[128.74329,35.34825],[128.75357,35.34822],[128.76412,35.34551],[128.75315,35.33437],[128.75193,35.3346],[128.75296,35.33745],[128.75019,35.33944],[128.75002,35.33226],[128.74212,35.33154],[128.74246,35.32073],[128.73899,35.31716],[128.73258,35.31603],[128.71788,35.3256],[128.71364,35.32286],[128.7137,35.31859],[128.71144,35.31525],[128.71477,35.31044],[128.70925,35.30892],[128.69681,35.31035],[128.69224,35.30813],[128.69234,35.30444],[128.7025,35.29763],[128.70565,35.28668],[128.70493,35.28219],[128.71142,35.26974],[128.7113,35.26318],[128.71879,35.2499],[128.7194,35.24371],[128.72328,35.24445],[128.72626,35.2398],[128.72531,35.23747],[128.71732,35.23521],[128.71171,35.23669],[128.69505,35.23263],[128.69762,35.22681],[128.69172,35.22028],[128.67315,35.23164],[128.67905,35.24021],[128.67292,35.24126],[128.67301,35.24484],[128.66555,35.24598],[128.65547,35.24345],[128.64963,35.23986],[128.65238,35.24112],[128.67296,35.23163],[128.67088,35.22922],[128.66249,35.22782],[128.65923,35.22935],[128.65083,35.21942],[128.64417,35.22113],[128.63499,35.21887],[128.63223,35.21981],[128.62694,35.21711],[128.62482,35.21946],[128.61844,35.21883],[128.61185,35.22231],[128.61578,35.23541],[128.60201,35.24564],[128.60424,35.24936],[128.60031,35.25536],[128.58506,35.26447],[128.58609,35.27209],[128.59165,35.27324],[128.58944,35.27789],[128.5828,35.27883],[128.58141,35.28729],[128.57691,35.29062],[128.57289,35.30029],[128.58224,35.30833],[128.57203,35.3157],[128.57134,35.32127],[128.56482,35.32752],[128.57016,35.33592],[128.56466,35.3411],[128.56242,35.34702],[128.56443,35.34974],[128.55929,35.35269],[128.56129,35.35698],[128.57105,35.35779],[128.57149,35.3615],[128.57721,35.36594],[128.57407,35.37209],[128.57639,35.3808],[128.59338,35.39167],[128.60152,35.39338],[128.60982,35.38534],[128.63434,35.36858]]]]}},{"type":"Feature","properties":{"code":"38112","name":"창원시성산구","slug":"seongsangu","wide":"gyeongnam","center":[128.66613,35.20227]},"geometry":{"type":"MultiPolygon","coordinates":[[[[128.67789,35.24091],[128.67934,35.23945],[128.67315,35.23164],[128.69172,35.22028],[128.69762,35.22681],[128.69505,35.23263],[128.71171,35.23669],[128.71732,35.23521],[128.72618,35.23664],[128.72426,35.2287],[128.72129,35.22537],[128.72252,35.2144],[128.728,35.20695],[128.7432,35.2062],[128.75061,35.20148],[128.75139,35.19771],[128.75053,35.19457],[128.74622,35.1918],[128.74424,35.18583],[128.73845,35.15657],[128.71755,35.16324],[128.71207,35.16688],[128.68908,35.1698],[128.67914,35.17352],[128.66979,35.1807],[128.66377,35.18094],[128.65452,35.18027],[128.64674,35.17647],[128.63821,35.17663],[128.61919,35.15846],[128.61813,35.15477],[128.60984,35.15098],[128.60865,35.15802],[128.6107,35.1623],[128.60797,35.1632],[128.60529,35.16033],[128.60141,35.1628],[128.59858,35.16496],[128.60055,35.16826],[128.59264,35.17449],[128.5924,35.19133],[128.58925,35.19527],[128.59069,35.19607],[128.58933,35.1994],[128.60889,35.21204],[128.62331,35.21215],[128.6331,35.21921],[128.64417,35.22113],[128.65083,35.21942],[128.65923,35.22935],[128.66249,35.22782],[128.67088,35.22922],[128.67291,35.23177],[128.65238,35.24112],[128.64963,35.23986],[128.6509,35.24142],[128.66934,35.24597],[128.67301,35.24484],[128.67292,35.24126],[128.67789,35.24091]]]]}},{"type":"Feature","properties":{"code":"38113","name":"창원시마산합포구","slug":"masanhappogu","wide":"gyeongnam","center":[128.51804,35.12061]},"geometry":{"type":"MultiPolygon","coordinates":[[[[128.5708,35.05711],[128.57012,35.06129],[128.57447,35.0634],[128.57541,35.06057],[128.5708,35.05711]]],[[[128.63724,35.06519],[128.63989,35.06292],[128.6338,35.05991],[128.63148,35.0612],[128.63457,35.06537],[128.63724,35.06519]]],[[[128.57267,35.0647],[128.57044,35.06572],[128.57151,35.06735],[128.57344,35.06602],[128.57267,35.0647]]],[[[128.57632,35.06513],[128.57404,35.06532],[128.575,35.06789],[128.57632,35.06513]]],[[[128.55398,35.06976],[128.56091,35.06649],[128.56264,35.05967],[128.56807,35.054],[128.56243,35.05213],[128.55574,35.05377],[128.5508,35.05789],[128.5491,35.062],[128.54278,35.06615],[128.54243,35.06922],[128.55398,35.06976]]],[[[128.49648,35.0695],[128.49395,35.07111],[128.49552,35.07288],[128.49736,35.07089],[128.49648,35.0695]]],[[[128.49021,35.0769],[128.48795,35.07814],[128.48836,35.08405],[128.49473,35.08092],[128.49021,35.0769]]],[[[128.54305,35.07858],[128.54338,35.08527],[128.54653,35.08572],[128.54305,35.07858]]],[[[128.49394,35.0932],[128.49251,35.08868],[128.48907,35.09162],[128.48703,35.09091],[128.48966,35.09374],[128.49394,35.0932]]],[[[128.52005,35.09667],[128.52198,35.09585],[128.51841,35.09356],[128.51695,35.0885],[128.51453,35.09579],[128.52005,35.09667]]],[[[128.58268,35.18008],[128.58312,35.17755],[128.57849,35.1786],[128.58268,35.18008]]],[[[128.57468,35.18462],[128.57392,35.18125],[128.57045,35.17954],[128.56646,35.18264],[128.56808,35.18542],[128.5699,35.18452],[128.57282,35.18745],[128.57468,35.18462]]],[[[128.46108,35.08965],[128.46597,35.08533],[128.47912,35.08167],[128.47927,35.0784],[128.47391,35.07562],[128.47094,35.08138],[128.46834,35.08164],[128.46557,35.07959],[128.46476,35.07387],[128.46137,35.07163],[128.45309,35.07407],[128.44623,35.07168],[128.43941,35.07234],[128.44058,35.07015],[128.43909,35.06698],[128.43563,35.06527],[128.43199,35.05759],[128.42725,35.05505],[128.42268,35.05791],[128.42704,35.07106],[128.42529,35.07926],[128.42828,35.0846],[128.42628,35.08702],[128.41107,35.09265],[128.39975,35.09044],[128.40104,35.08581],[128.39956,35.08356],[128.39252,35.0878],[128.38994,35.09869],[128.38602,35.10297],[128.37955,35.10433],[128.37192,35.11115],[128.36601,35.10895],[128.35747,35.10893],[128.35012,35.11183],[128.35367,35.1184],[128.34827,35.12709],[128.34814,35.13082],[128.35811,35.13961],[128.36342,35.14106],[128.35855,35.1469],[128.36218,35.15219],[128.36128,35.16333],[128.36526,35.172],[128.36819,35.19095],[128.36723,35.19427],[128.37409,35.19306],[128.37637,35.19552],[128.3763,35.19864],[128.39039,35.20722],[128.40087,35.20482],[128.40716,35.19404],[128.40314,35.18503],[128.4058,35.17961],[128.41165,35.17761],[128.41681,35.1702],[128.43429,35.16415],[128.44399,35.17018],[128.44536,35.18058],[128.45758,35.18394],[128.46549,35.18896],[128.47905,35.18802],[128.48856,35.18006],[128.49774,35.18072],[128.50313,35.17744],[128.51962,35.17766],[128.52874,35.18637],[128.54114,35.19105],[128.53794,35.1991],[128.53905,35.20507],[128.53635,35.20681],[128.53621,35.20959],[128.54109,35.21283],[128.54413,35.21428],[128.55147,35.21216],[128.56443,35.21678],[128.57674,35.21479],[128.5792,35.22015],[128.58474,35.22241],[128.59004,35.22002],[128.59052,35.2147],[128.58648,35.21068],[128.58419,35.20494],[128.57594,35.19951],[128.57631,35.19744],[128.57739,35.19851],[128.56449,35.18674],[128.56579,35.18533],[128.56459,35.18454],[128.5704,35.17499],[128.57976,35.17273],[128.58576,35.16524],[128.58273,35.16372],[128.58427,35.16155],[128.59087,35.15794],[128.59037,35.15605],[128.58443,35.15536],[128.59089,35.15305],[128.59066,35.15476],[128.5915,35.1518],[128.59074,35.14953],[128.5854,35.14647],[128.59082,35.1467],[128.59745,35.14227],[128.58721,35.13042],[128.57901,35.13959],[128.57506,35.13747],[128.57502,35.13317],[128.57216,35.13264],[128.5824,35.12742],[128.59034,35.12895],[128.59408,35.13251],[128.60017,35.13198],[128.59883,35.12427],[128.5859,35.12024],[128.58753,35.11813],[128.59055,35.12021],[128.59944,35.11919],[128.60254,35.10192],[128.60861,35.09706],[128.61749,35.09372],[128.61172,35.09292],[128.61209,35.09151],[128.61627,35.08937],[128.62192,35.09],[128.62796,35.08317],[128.6245,35.084],[128.61658,35.08102],[128.60542,35.08056],[128.60273,35.07475],[128.60539,35.0731],[128.60758,35.07544],[128.61116,35.07528],[128.61179,35.07239],[128.60761,35.07081],[128.61082,35.06961],[128.61492,35.06948],[128.62531,35.07392],[128.63542,35.07129],[128.63497,35.06887],[128.61707,35.06226],[128.61306,35.06252],[128.60879,35.06061],[128.60742,35.05773],[128.60159,35.05629],[128.58942,35.0564],[128.57362,35.05377],[128.57817,35.06051],[128.58504,35.06181],[128.59687,35.06968],[128.58704,35.07276],[128.58752,35.06983],[128.58084,35.06457],[128.57989,35.06691],[128.56966,35.06999],[128.56779,35.06738],[128.56245,35.06735],[128.56117,35.06976],[128.56612,35.07058],[128.56583,35.07334],[128.56294,35.07572],[128.56417,35.0824],[128.56918,35.08245],[128.57355,35.08656],[128.581,35.0875],[128.58316,35.09129],[128.57695,35.09059],[128.55017,35.09676],[128.54641,35.09299],[128.54547,35.09828],[128.54798,35.10042],[128.54143,35.10148],[128.54406,35.10424],[128.54738,35.10416],[128.54877,35.1073],[128.54359,35.11071],[128.53857,35.10679],[128.53688,35.10778],[128.53671,35.11047],[128.53854,35.10822],[128.54087,35.10997],[128.53861,35.11445],[128.54107,35.11809],[128.53772,35.1207],[128.53356,35.11594],[128.53024,35.10709],[128.52698,35.10442],[128.51994,35.10515],[128.51784,35.09797],[128.51265,35.09975],[128.5063,35.09835],[128.49906,35.1023],[128.49578,35.10678],[128.48434,35.10851],[128.48662,35.10594],[128.48548,35.10169],[128.48132,35.09961],[128.48109,35.10244],[128.47972,35.10238],[128.47787,35.09951],[128.47091,35.09817],[128.45895,35.10615],[128.45142,35.10427],[128.45249,35.10299],[128.44724,35.09783],[128.45504,35.09174],[128.46108,35.08965]]]]}},{"type":"Feature","properties":{"code":"38114","name":"창원시마산회원구","slug":"masanhoewongu","wide":"gyeongnam","center":[128.54322,35.22813]},"geometry":{"type":"MultiPolygon","coordinates":[[[[128.57327,35.27093],[128.57769,35.26906],[128.58609,35.27209],[128.58543,35.26394],[128.59649,35.25895],[128.60031,35.25536],[128.60424,35.24936],[128.60201,35.24564],[128.61578,35.23541],[128.61185,35.22231],[128.61844,35.21883],[128.62482,35.21946],[128.62694,35.21711],[128.61713,35.21261],[128.6093,35.21335],[128.60208,35.21085],[128.58765,35.20973],[128.59052,35.2147],[128.59038,35.21864],[128.58474,35.22241],[128.5792,35.22015],[128.57674,35.21479],[128.56443,35.21678],[128.55083,35.2121],[128.54413,35.21428],[128.53621,35.20959],[128.53635,35.20681],[128.53905,35.20507],[128.53794,35.1991],[128.54114,35.19105],[128.52874,35.18637],[128.5238,35.18022],[128.51794,35.17709],[128.50313,35.17744],[128.49774,35.18072],[128.48856,35.18006],[128.48016,35.18584],[128.47905,35.18802],[128.48528,35.19763],[128.48844,35.19914],[128.49049,35.20474],[128.4843,35.21182],[128.4793,35.21262],[128.47874,35.21646],[128.47417,35.2223],[128.47584,35.23787],[128.47444,35.24102],[128.47895,35.25337],[128.48833,35.25992],[128.49089,35.26585],[128.49101,35.27388],[128.49718,35.27556],[128.50711,35.27336],[128.50943,35.26874],[128.52447,35.27036],[128.53335,35.26618],[128.53769,35.27176],[128.54344,35.27101],[128.55698,35.27708],[128.57327,35.27093]]]]}},{"type":"Feature","properties":{"code":"38115","name":"창원시진해구","slug":"jinhaegu","wide":"gyeongnam","center":[128.73126,35.11715]},"geometry":{"type":"MultiPolygon","coordinates":[[[[128.67009,35.06027],[128.67236,35.05763],[128.66993,35.05588],[128.66909,35.05843],[128.66349,35.05947],[128.67009,35.06027]]],[[[128.71051,35.06629],[128.71197,35.06503],[128.70952,35.06433],[128.71051,35.06629]]],[[[128.69846,35.07768],[128.69692,35.07483],[128.69479,35.07712],[128.68741,35.07567],[128.695,35.07861],[128.69846,35.07768]]],[[[128.70974,35.08272],[128.71471,35.08065],[128.70834,35.08106],[128.70974,35.08272]]],[[[128.72253,35.08393],[128.71922,35.08507],[128.72257,35.08946],[128.72253,35.08393]]],[[[128.72035,35.09273],[128.72278,35.09123],[128.7191,35.08951],[128.71818,35.0915],[128.72035,35.09273]]],[[[128.65279,35.10548],[128.6621,35.10532],[128.65587,35.10398],[128.65469,35.10141],[128.6604,35.10187],[128.66102,35.09421],[128.65262,35.09963],[128.64593,35.09933],[128.64402,35.10307],[128.64762,35.10263],[128.64816,35.1051],[128.65279,35.10548]]],[[[128.65099,35.11863],[128.65237,35.11787],[128.65055,35.11631],[128.6492,35.11795],[128.65099,35.11863]]],[[[128.77135,35.06286],[128.76561,35.06246],[128.76379,35.05983],[128.76145,35.06097],[128.76249,35.06526],[128.76636,35.06689],[128.76348,35.0776],[128.75684,35.07745],[128.75105,35.08225],[128.7466,35.08167],[128.74175,35.07795],[128.74623,35.08541],[128.74353,35.08589],[128.74021,35.08297],[128.73571,35.08875],[128.73587,35.09112],[128.7395,35.09651],[128.74382,35.09824],[128.74365,35.09987],[128.73867,35.09941],[128.73614,35.09418],[128.72891,35.08997],[128.73069,35.09388],[128.7279,35.09364],[128.72479,35.09714],[128.71412,35.09544],[128.71518,35.10429],[128.71346,35.10683],[128.71035,35.10357],[128.70307,35.10582],[128.70031,35.1033],[128.70283,35.10021],[128.69871,35.09802],[128.69614,35.10009],[128.6961,35.09718],[128.68847,35.10266],[128.68896,35.10766],[128.68586,35.10701],[128.68832,35.10902],[128.69541,35.1098],[128.70087,35.1166],[128.6996,35.12566],[128.69338,35.13295],[128.6973,35.13446],[128.69634,35.13843],[128.69482,35.13974],[128.69074,35.13785],[128.69278,35.13496],[128.68783,35.14153],[128.69093,35.14764],[128.67954,35.14674],[128.67084,35.14248],[128.67776,35.12628],[128.66625,35.1185],[128.66283,35.12268],[128.66503,35.1252],[128.66336,35.13046],[128.65891,35.13695],[128.64446,35.13561],[128.64214,35.14543],[128.64281,35.14796],[128.64459,35.14587],[128.6472,35.14641],[128.64717,35.1505],[128.63782,35.14953],[128.63629,35.14831],[128.63703,35.14584],[128.62972,35.14877],[128.62617,35.14836],[128.62584,35.14454],[128.61875,35.13587],[128.62137,35.13289],[128.62874,35.13258],[128.62082,35.13253],[128.61596,35.13978],[128.60705,35.13775],[128.6103,35.14364],[128.61497,35.14468],[128.61498,35.14698],[128.60984,35.15098],[128.61813,35.15477],[128.61919,35.15846],[128.63821,35.17663],[128.64674,35.17647],[128.65452,35.18027],[128.66377,35.18094],[128.66979,35.1807],[128.67914,35.17352],[128.68908,35.1698],[128.71207,35.16688],[128.73301,35.15743],[128.73845,35.15657],[128.74099,35.16715],[128.75088,35.16739],[128.75567,35.16485],[128.75697,35.16819],[128.76315,35.16877],[128.77783,35.15951],[128.79367,35.15716],[128.80177,35.1466],[128.80213,35.1419],[128.80669,35.1425],[128.80765,35.1391],[128.81536,35.13263],[128.82423,35.13103],[128.82738,35.1282],[128.83298,35.12994],[128.83452,35.12877],[128.83811,35.12293],[128.83593,35.119],[128.83849,35.1152],[128.84278,35.11351],[128.84317,35.10917],[128.8417,35.10599],[128.8348,35.1018],[128.82347,35.10188],[128.82006,35.09293],[128.81452,35.09076],[128.81916,35.09112],[128.8233,35.09428],[128.8287,35.08997],[128.82643,35.08621],[128.82154,35.08585],[128.81853,35.083],[128.8115,35.08299],[128.81151,35.07758],[128.78469,35.07772],[128.78247,35.08534],[128.78995,35.09403],[128.80041,35.0938],[128.80259,35.09829],[128.79914,35.10046],[128.7883,35.09837],[128.79158,35.10184],[128.78835,35.10697],[128.78949,35.11314],[128.78265,35.11254],[128.77934,35.10293],[128.77228,35.09895],[128.76958,35.10356],[128.76296,35.10517],[128.76558,35.09759],[128.7842,35.09755],[128.7842,35.0923],[128.77923,35.08634],[128.77926,35.08215],[128.77312,35.08298],[128.77328,35.06626],[128.77057,35.06432],[128.77135,35.06286]]]]}},{"type":"Feature","properties":{"code":"38310","name":"의령군","slug":"uiryeong-gun","wide":"gyeongnam","center":[128.26004,35.39299]},"geometry":{"type":"MultiPolygon","coordinates":[[[[128.29921,35.51593],[128.3123,35.51676],[128.31536,35.51564],[128.32134,35.50836],[128.3307,35.50757],[128.33898,35.50958],[128.34055,35.50627],[128.3496,35.5009],[128.35242,35.50287],[128.35941,35.50319],[128.3649,35.50018],[128.37337,35.50392],[128.37001,35.51043],[128.37027,35.51567],[128.37521,35.51235],[128.37986,35.51363],[128.39437,35.50889],[128.41096,35.50118],[128.41978,35.49354],[128.42097,35.47745],[128.41208,35.4697],[128.392,35.46224],[128.38293,35.46115],[128.38025,35.45641],[128.37595,35.45354],[128.37473,35.44556],[128.37598,35.43971],[128.38826,35.42587],[128.39779,35.42154],[128.42324,35.41591],[128.43023,35.40618],[128.43745,35.39279],[128.42829,35.38887],[128.41978,35.37838],[128.42876,35.36579],[128.42122,35.36207],[128.41583,35.36267],[128.41463,35.35834],[128.40649,35.36082],[128.3845,35.3587],[128.38153,35.35186],[128.39643,35.33571],[128.39568,35.33391],[128.39019,35.33274],[128.37368,35.33446],[128.3554,35.33934],[128.33833,35.35884],[128.32395,35.36286],[128.31648,35.36137],[128.31252,35.35706],[128.31178,35.35149],[128.31398,35.33708],[128.31792,35.32628],[128.30779,35.32227],[128.29772,35.31535],[128.29047,35.30209],[128.29154,35.29411],[128.30163,35.28293],[128.29868,35.28045],[128.28245,35.2756],[128.27918,35.27198],[128.27404,35.2574],[128.23823,35.25366],[128.23144,35.25618],[128.21948,35.26468],[128.21181,35.26528],[128.20595,35.26295],[128.20149,35.25366],[128.19777,35.25424],[128.19387,35.25645],[128.19573,35.26563],[128.19173,35.26731],[128.18792,35.27488],[128.18016,35.27907],[128.17955,35.28575],[128.17443,35.29275],[128.17755,35.29895],[128.17273,35.30824],[128.17392,35.31061],[128.17263,35.314],[128.17757,35.31665],[128.17885,35.32125],[128.16435,35.33617],[128.1636,35.34246],[128.15802,35.34582],[128.15659,35.34964],[128.15379,35.35081],[128.14585,35.34861],[128.13201,35.33776],[128.11564,35.33004],[128.1142,35.3349],[128.11046,35.33786],[128.09731,35.34168],[128.09208,35.34832],[128.09911,35.35351],[128.09536,35.35734],[128.09537,35.35985],[128.09998,35.36162],[128.10193,35.36705],[128.08815,35.36617],[128.08265,35.36964],[128.09908,35.36819],[128.09893,35.37114],[128.11241,35.38232],[128.11393,35.37979],[128.12194,35.37812],[128.12764,35.37229],[128.13005,35.37323],[128.12588,35.38385],[128.12875,35.38768],[128.14662,35.38598],[128.16704,35.39402],[128.1899,35.39898],[128.19089,35.41156],[128.18521,35.41915],[128.20017,35.43223],[128.203,35.44264],[128.20714,35.44842],[128.20777,35.46013],[128.21064,35.46211],[128.21627,35.46171],[128.21532,35.46444],[128.20712,35.46856],[128.20286,35.47296],[128.20072,35.47537],[128.20165,35.47792],[128.20602,35.47821],[128.21057,35.48416],[128.21734,35.48441],[128.23786,35.49469],[128.24937,35.49342],[128.26189,35.49724],[128.26084,35.50209],[128.26648,35.5099],[128.28167,35.51024],[128.29024,35.51232],[128.29032,35.51557],[128.29265,35.51738],[128.29921,35.51593]]]]}},{"type":"Feature","properties":{"code":"38320","name":"함안군","slug":"haman-gun","wide":"gyeongnam","center":[128.43635,35.28718]},"geometry":{"type":"MultiPolygon","coordinates":[[[[128.5398,35.37974],[128.56593,35.37865],[128.57639,35.3808],[128.57407,35.37209],[128.57721,35.36594],[128.57149,35.3615],[128.57105,35.35779],[128.56129,35.35698],[128.55929,35.35269],[128.56443,35.34974],[128.56242,35.34702],[128.56466,35.3411],[128.57016,35.33592],[128.56482,35.32752],[128.57134,35.32127],[128.57203,35.3157],[128.58224,35.30833],[128.57289,35.30029],[128.57691,35.29062],[128.58141,35.28729],[128.5828,35.27883],[128.58944,35.27789],[128.59165,35.27324],[128.57769,35.26906],[128.5682,35.27406],[128.55698,35.27708],[128.54344,35.27101],[128.53769,35.27176],[128.53335,35.26618],[128.52447,35.27036],[128.50943,35.26874],[128.50711,35.27336],[128.49718,35.27556],[128.49101,35.27388],[128.49089,35.26585],[128.48833,35.25992],[128.47895,35.25337],[128.47609,35.2476],[128.47417,35.2223],[128.47874,35.21646],[128.4793,35.21262],[128.4843,35.21182],[128.48997,35.20691],[128.49,35.20216],[128.47905,35.18802],[128.46549,35.18896],[128.45758,35.18394],[128.44536,35.18058],[128.44399,35.17018],[128.43706,35.16499],[128.43027,35.16431],[128.41681,35.1702],[128.41165,35.17761],[128.4058,35.17961],[128.40314,35.18503],[128.40716,35.19404],[128.40087,35.20482],[128.39039,35.20722],[128.3763,35.19864],[128.37637,35.19552],[128.37409,35.19306],[128.36723,35.19427],[128.35293,35.20954],[128.3287,35.20687],[128.3223,35.21381],[128.31971,35.2207],[128.31623,35.22272],[128.30743,35.22151],[128.30632,35.22298],[128.30809,35.22938],[128.30638,35.23365],[128.30171,35.23837],[128.29755,35.23749],[128.29377,35.2408],[128.29842,35.24833],[128.29791,35.25058],[128.29356,35.25345],[128.28635,35.25163],[128.27404,35.2574],[128.27918,35.27198],[128.28245,35.2756],[128.29868,35.28045],[128.30163,35.28293],[128.29154,35.29411],[128.29047,35.30209],[128.29772,35.31535],[128.30779,35.32227],[128.31792,35.32628],[128.31398,35.33708],[128.31178,35.35149],[128.31252,35.35706],[128.31648,35.36137],[128.32395,35.36286],[128.33833,35.35884],[128.3554,35.33934],[128.37368,35.33446],[128.39019,35.33274],[128.39568,35.33391],[128.39643,35.33571],[128.38153,35.35186],[128.38308,35.35701],[128.3873,35.35971],[128.40099,35.36076],[128.41463,35.35834],[128.41583,35.36267],[128.42122,35.36207],[128.42846,35.36512],[128.41978,35.37838],[128.43137,35.39103],[128.43732,35.39275],[128.44482,35.38657],[128.46131,35.3811],[128.48011,35.38117],[128.49429,35.39565],[128.50167,35.40057],[128.51199,35.40151],[128.51676,35.39388],[128.5398,35.37974]]]]}},{"type":"Feature","properties":{"code":"38330","name":"창녕군","slug":"changnyeong-gun","wide":"gyeongnam","center":[128.51875,35.52202]},"geometry":{"type":"MultiPolygon","coordinates":[[[[128.52681,35.67557],[128.53065,35.66293],[128.5355,35.662],[128.53743,35.65976],[128.53784,35.65079],[128.53477,35.6437],[128.53816,35.63259],[128.5362,35.62759],[128.5369,35.62383],[128.55125,35.61655],[128.55873,35.6148],[128.55873,35.60737],[128.56081,35.60324],[128.56903,35.60245],[128.57296,35.59322],[128.58475,35.58646],[128.59319,35.58445],[128.58471,35.57974],[128.58573,35.57099],[128.58363,35.56662],[128.5891,35.5625],[128.58911,35.55721],[128.58562,35.55528],[128.59252,35.54041],[128.59113,35.537],[128.58509,35.53869],[128.57744,35.53786],[128.58265,35.53266],[128.58266,35.52381],[128.5849,35.52056],[128.59171,35.51746],[128.59175,35.51487],[128.5859,35.50653],[128.57752,35.50635],[128.5712,35.49242],[128.57316,35.48938],[128.57139,35.48571],[128.57388,35.47246],[128.57746,35.47028],[128.57904,35.46666],[128.57729,35.45974],[128.58322,35.45359],[128.59929,35.4528],[128.61498,35.44612],[128.61694,35.44928],[128.6261,35.45197],[128.63182,35.44748],[128.63619,35.43479],[128.64528,35.43266],[128.64891,35.42668],[128.65116,35.42612],[128.64594,35.41267],[128.64952,35.39795],[128.64418,35.39318],[128.64412,35.38807],[128.63948,35.38705],[128.63855,35.38496],[128.64069,35.38372],[128.6496,35.38553],[128.65164,35.38179],[128.6474,35.38026],[128.65073,35.3749],[128.63753,35.3695],[128.63438,35.36857],[128.632,35.37008],[128.60982,35.38534],[128.60152,35.39338],[128.59338,35.39167],[128.58511,35.38518],[128.57143,35.37953],[128.53979,35.37974],[128.51676,35.39388],[128.51199,35.40151],[128.50167,35.40057],[128.49429,35.39565],[128.48011,35.38117],[128.46687,35.38017],[128.45526,35.3824],[128.44176,35.38821],[128.43797,35.3918],[128.42324,35.41591],[128.39779,35.42154],[128.38826,35.42587],[128.37598,35.43971],[128.37473,35.44556],[128.37595,35.45354],[128.38025,35.45641],[128.38293,35.46115],[128.392,35.46224],[128.41208,35.4697],[128.42097,35.47745],[128.42137,35.48545],[128.41978,35.49354],[128.41251,35.50014],[128.39008,35.51073],[128.37332,35.51624],[128.35142,35.53684],[128.3507,35.55149],[128.35736,35.56444],[128.35923,35.58129],[128.35173,35.60382],[128.35239,35.60768],[128.3656,35.61339],[128.37175,35.61088],[128.37274,35.60845],[128.3824,35.60654],[128.38441,35.60991],[128.40293,35.61731],[128.40686,35.61451],[128.413,35.61656],[128.42294,35.62517],[128.42849,35.6231],[128.43217,35.62401],[128.43761,35.63068],[128.44045,35.63059],[128.44107,35.63399],[128.44648,35.63841],[128.45648,35.63741],[128.46034,35.64058],[128.46626,35.63674],[128.47069,35.63662],[128.47849,35.64053],[128.48271,35.63499],[128.49569,35.63904],[128.50571,35.63927],[128.51071,35.64569],[128.50681,35.65015],[128.50915,35.66545],[128.50755,35.67286],[128.52793,35.68316],[128.52998,35.68301],[128.52974,35.68104],[128.52681,35.67557]]]]}},{"type":"Feature","properties":{"code":"38340","name":"고성군","slug":"goseong-gun","wide":"gyeongnam","center":[128.30705,34.99216]},"geometry":{"type":"MultiPolygon","coordinates":[[[[128.24472,34.87884],[128.24539,34.87774],[128.24244,34.87605],[128.24472,34.87884]]],[[[128.2513,34.88052],[128.24656,34.88128],[128.25101,34.88223],[128.2513,34.88052]]],[[[128.17844,34.89161],[128.18208,34.88912],[128.18132,34.88446],[128.17614,34.88665],[128.17871,34.88778],[128.17844,34.89161]]],[[[128.2519,34.89105],[128.24928,34.89535],[128.25198,34.897],[128.25478,34.89458],[128.2519,34.89105]]],[[[128.26291,34.91551],[128.26137,34.91844],[128.26358,34.91709],[128.26291,34.91551]]],[[[128.20667,34.92227],[128.20769,34.91893],[128.20591,34.92057],[128.20667,34.92227]]],[[[128.2238,34.92355],[128.21984,34.92427],[128.21781,34.92699],[128.22115,34.93252],[128.22631,34.93413],[128.22789,34.93083],[128.2238,34.92355]]],[[[128.26247,34.92837],[128.26156,34.93389],[128.26353,34.93269],[128.26247,34.92837]]],[[[128.25065,34.93334],[128.24956,34.935],[128.25104,34.93675],[128.25248,34.93488],[128.25065,34.93334]]],[[[128.32565,34.94146],[128.3243,34.94184],[128.32639,34.944],[128.32565,34.94146]]],[[[128.27442,35.13216],[128.2892,35.13138],[128.29972,35.12559],[128.30404,35.1271],[128.30635,35.12498],[128.31272,35.12645],[128.31613,35.12957],[128.32264,35.12985],[128.32809,35.124],[128.33388,35.12462],[128.33841,35.12792],[128.34827,35.12709],[128.35367,35.1184],[128.35012,35.11183],[128.35747,35.10893],[128.36601,35.10895],[128.37192,35.11115],[128.37955,35.10433],[128.38602,35.10297],[128.38994,35.09869],[128.39252,35.0878],[128.39956,35.08356],[128.40104,35.08581],[128.39975,35.09044],[128.41107,35.09265],[128.42704,35.08646],[128.42813,35.08315],[128.42529,35.07926],[128.42704,35.07106],[128.42313,35.05632],[128.41536,35.05513],[128.41469,35.05708],[128.4173,35.05999],[128.41216,35.06191],[128.40805,35.0585],[128.40283,35.05794],[128.39607,35.05267],[128.38385,35.05059],[128.38313,35.04594],[128.38093,35.0468],[128.38136,35.04885],[128.37339,35.04954],[128.37383,35.04481],[128.37152,35.04444],[128.36508,35.0482],[128.36427,35.04689],[128.37601,35.03923],[128.38032,35.03948],[128.38222,35.03592],[128.37481,35.03002],[128.36943,35.03136],[128.37076,35.02614],[128.37512,35.02397],[128.37388,35.02199],[128.37152,35.02399],[128.3665,35.02183],[128.36806,35.01652],[128.37558,35.01541],[128.38266,35.01869],[128.3889,35.01696],[128.38912,35.03258],[128.38298,35.03429],[128.38366,35.03562],[128.38932,35.03306],[128.40254,35.04123],[128.40929,35.04319],[128.41809,35.04263],[128.43276,35.04735],[128.43802,35.04563],[128.43907,35.04954],[128.45046,35.05156],[128.44604,35.05408],[128.44245,35.0603],[128.4445,35.06608],[128.4526,35.07128],[128.46025,35.06315],[128.46851,35.0682],[128.46761,35.07506],[128.46893,35.07561],[128.47866,35.06612],[128.48201,35.06553],[128.48238,35.06343],[128.47976,35.06305],[128.47507,35.05489],[128.48209,35.05242],[128.47922,35.04694],[128.46495,35.04978],[128.46074,35.04934],[128.4589,35.04714],[128.46254,35.04348],[128.47052,35.04105],[128.47098,35.03714],[128.47356,35.0346],[128.47647,35.04214],[128.48604,35.03838],[128.48109,35.02885],[128.49048,35.02334],[128.49972,35.02144],[128.50122,35.01363],[128.49516,35.01201],[128.49578,35.00975],[128.49194,35.00538],[128.48702,35.01155],[128.48465,35.01171],[128.48311,35.00964],[128.48388,35.00656],[128.48065,35.00396],[128.48346,35.00104],[128.47609,34.99828],[128.4789,34.99573],[128.47813,34.9928],[128.46413,34.99783],[128.47044,34.99021],[128.46664,34.98805],[128.45751,34.99167],[128.43822,34.9948],[128.42727,34.99311],[128.41447,34.99684],[128.40735,34.99406],[128.40618,34.98611],[128.40952,34.98354],[128.41781,34.98679],[128.43427,34.98509],[128.4414,34.98198],[128.44368,34.97767],[128.44311,34.97328],[128.44137,34.97186],[128.43207,34.97638],[128.4251,34.97605],[128.41564,34.96721],[128.40529,34.96866],[128.40112,34.97106],[128.39986,34.964],[128.392,34.96367],[128.3891,34.96102],[128.38944,34.95201],[128.38103,34.94703],[128.37423,34.94525],[128.36891,34.9463],[128.34986,34.93946],[128.34673,34.94034],[128.34428,34.93741],[128.34433,34.93988],[128.34257,34.93955],[128.33613,34.93556],[128.335,34.93663],[128.33716,34.9387],[128.34175,34.94039],[128.3405,34.94844],[128.33381,34.94482],[128.32978,34.94895],[128.33256,34.95677],[128.32848,34.95538],[128.3242,34.95814],[128.32231,34.95711],[128.32034,34.96287],[128.31751,34.9617],[128.31576,34.95888],[128.31818,34.95255],[128.31585,34.9506],[128.31994,34.94446],[128.31377,34.94266],[128.31422,34.9383],[128.30867,34.94176],[128.30674,34.93626],[128.30441,34.9354],[128.30201,34.93749],[128.29933,34.93592],[128.30108,34.92424],[128.29992,34.92204],[128.30493,34.91943],[128.29827,34.9169],[128.30031,34.91266],[128.29743,34.91394],[128.28926,34.9098],[128.2818,34.91638],[128.27999,34.90836],[128.28281,34.90449],[128.27421,34.90343],[128.27288,34.89971],[128.27071,34.90012],[128.27118,34.90427],[128.27581,34.90469],[128.27605,34.90978],[128.27078,34.91182],[128.27187,34.91446],[128.26594,34.91221],[128.26784,34.91836],[128.26181,34.92251],[128.25756,34.93002],[128.25921,34.93039],[128.26126,34.92715],[128.26566,34.92755],[128.26856,34.93002],[128.26767,34.93893],[128.26345,34.93734],[128.25886,34.94037],[128.25666,34.93637],[128.25219,34.94116],[128.2481,34.94103],[128.24545,34.93557],[128.24386,34.94026],[128.24678,34.94137],[128.24655,34.94311],[128.23917,34.94377],[128.22668,34.94094],[128.22286,34.94629],[128.21912,34.94453],[128.21777,34.93889],[128.21398,34.94257],[128.21075,34.94206],[128.20914,34.93555],[128.2063,34.94049],[128.20036,34.93972],[128.1969,34.93702],[128.19777,34.93412],[128.20216,34.93376],[128.20394,34.93173],[128.19915,34.93267],[128.20381,34.92727],[128.20362,34.92514],[128.19631,34.91171],[128.1997,34.90191],[128.2034,34.89962],[128.20197,34.89388],[128.1875,34.89364],[128.18678,34.89897],[128.18973,34.9014],[128.18923,34.90507],[128.18679,34.90592],[128.18524,34.90518],[128.18637,34.90143],[128.18382,34.89486],[128.17769,34.90029],[128.17895,34.90544],[128.17542,34.90615],[128.17184,34.90295],[128.17431,34.90208],[128.17652,34.89541],[128.16923,34.89683],[128.1699,34.90091],[128.16604,34.90277],[128.16428,34.89926],[128.1671,34.89693],[128.16228,34.89965],[128.16003,34.90323],[128.16026,34.9071],[128.15671,34.90903],[128.15294,34.90707],[128.15177,34.90396],[128.14582,34.90511],[128.14859,34.89973],[128.14607,34.89889],[128.14375,34.90306],[128.14115,34.90293],[128.14086,34.89383],[128.13804,34.89413],[128.13345,34.88822],[128.12082,34.90475],[128.11375,34.90609],[128.11281,34.90272],[128.11421,34.90273],[128.10307,34.90015],[128.11114,34.90268],[128.1009,34.91432],[128.10998,34.91656],[128.10367,34.91582],[128.10348,34.9191],[128.11191,34.92297],[128.11659,34.92075],[128.12181,34.92144],[128.11575,34.92688],[128.11434,34.93386],[128.12263,34.93874],[128.12313,34.94911],[128.13292,34.96075],[128.13506,34.96871],[128.13489,34.98048],[128.14344,34.98953],[128.14973,34.99145],[128.15609,34.98985],[128.16625,34.98355],[128.17019,34.98472],[128.16563,34.99565],[128.15783,35.00698],[128.16265,35.02723],[128.17356,35.03141],[128.17591,35.03609],[128.1812,35.04024],[128.18214,35.04792],[128.19005,35.05412],[128.19521,35.06414],[128.20135,35.06917],[128.21098,35.07326],[128.21073,35.07557],[128.19046,35.07713],[128.18773,35.0885],[128.19037,35.09788],[128.1984,35.0963],[128.20105,35.10053],[128.19838,35.10362],[128.19907,35.10514],[128.21162,35.11465],[128.22771,35.11393],[128.22866,35.11675],[128.24188,35.12085],[128.24173,35.12327],[128.24413,35.12601],[128.24764,35.1262],[128.24728,35.12831],[128.26355,35.12712],[128.26959,35.13174],[128.27442,35.13216]]]]}},{"type":"Feature","properties":{"code":"38350","name":"남해군","slug":"namhae-gun","wide":"gyeongnam","center":[127.93041,34.80667]},"geometry":{"type":"MultiPolygon","coordinates":[[[[128.06088,34.68162],[128.06397,34.67991],[128.05941,34.68105],[128.05877,34.68235],[128.06088,34.68162]]],[[[128.05474,34.69047],[128.06025,34.68832],[128.05684,34.68795],[128.05474,34.69047]]],[[[128.04634,34.68098],[128.043,34.68473],[128.04501,34.69071],[128.04806,34.69171],[128.05185,34.6882],[128.05178,34.68476],[128.04634,34.68098]]],[[[128.03446,34.69027],[128.0329,34.69376],[128.03659,34.69434],[128.03446,34.69027]]],[[[128.02182,34.69529],[128.02306,34.69762],[128.02619,34.69736],[128.02182,34.69529]]],[[[128.05137,34.69994],[128.05615,34.69948],[128.05715,34.69506],[128.05212,34.69386],[128.0472,34.69514],[128.05137,34.69994]]],[[[128.06303,34.69991],[128.06529,34.69867],[128.05798,34.69807],[128.06303,34.69991]]],[[[127.99588,34.70323],[127.99619,34.70558],[127.99833,34.704],[127.99588,34.70323]]],[[[128.0518,34.72222],[128.05481,34.7194],[128.05129,34.71966],[128.0518,34.72222]]],[[[127.94003,34.73169],[127.94285,34.72876],[127.94278,34.7235],[127.93852,34.72387],[127.93455,34.72836],[127.93574,34.73088],[127.94003,34.73169]]],[[[128.06443,34.73951],[128.05902,34.74035],[128.06356,34.74199],[128.06443,34.73951]]],[[[128.07167,34.7503],[128.07074,34.75487],[128.07296,34.75718],[128.07348,34.75177],[128.07167,34.7503]]],[[[127.83559,34.76181],[127.83962,34.76079],[127.8351,34.76047],[127.83559,34.76181]]],[[[128.02783,34.84299],[128.03279,34.84101],[128.02712,34.84151],[128.02617,34.8435],[128.02783,34.84299]]],[[[127.82192,34.88466],[127.82335,34.88201],[127.8196,34.88373],[127.82192,34.88466]]],[[[127.82096,34.91334],[127.81999,34.91201],[127.81831,34.91361],[127.82096,34.91334]]],[[[128.03275,34.92003],[128.03289,34.91668],[128.02636,34.90413],[128.01507,34.89245],[128.01407,34.8827],[128.00971,34.87453],[128.01004,34.8673],[128.02026,34.86351],[128.02431,34.86582],[128.02565,34.8679],[128.02252,34.87123],[128.02181,34.88163],[128.03147,34.88925],[128.02998,34.89199],[128.03386,34.8934],[128.03553,34.89747],[128.03864,34.89655],[128.03638,34.89323],[128.0386,34.89197],[128.04774,34.89697],[128.04733,34.89412],[128.04113,34.89332],[128.04068,34.8888],[128.04762,34.89027],[128.05019,34.88696],[128.04649,34.88361],[128.04761,34.88211],[128.0547,34.88481],[128.05849,34.8836],[128.05772,34.87918],[128.06386,34.87837],[128.06284,34.87452],[128.06692,34.87433],[128.06463,34.87258],[128.06663,34.86861],[128.06466,34.86129],[128.05741,34.85932],[128.05334,34.85266],[128.06264,34.85522],[128.05988,34.84759],[128.0607,34.84479],[128.06516,34.84374],[128.06725,34.84615],[128.07645,34.84372],[128.07886,34.83851],[128.08504,34.83623],[128.08401,34.83225],[128.08683,34.82802],[128.07772,34.82815],[128.07805,34.83231],[128.07218,34.83567],[128.06987,34.83542],[128.06952,34.83203],[128.06494,34.83052],[128.0626,34.83435],[128.05478,34.83856],[128.04586,34.83591],[128.04206,34.8399],[128.02413,34.84729],[128.022,34.84346],[128.02409,34.83929],[128.01921,34.84328],[128.01902,34.83873],[128.0173,34.83789],[128.00138,34.83597],[127.98838,34.83636],[127.97926,34.84111],[127.96929,34.84339],[127.97108,34.84529],[127.9706,34.84842],[127.96493,34.85252],[127.96526,34.85844],[127.96154,34.86353],[127.96347,34.87136],[127.97736,34.87909],[127.97956,34.88231],[127.97774,34.8832],[127.97816,34.88531],[127.98162,34.88529],[127.98529,34.89181],[127.9901,34.89419],[127.99211,34.89898],[127.99047,34.90162],[127.99611,34.90674],[127.9961,34.91003],[128.0024,34.91279],[128.00286,34.91528],[128.01726,34.92108],[128.022,34.91944],[128.03032,34.92194],[128.03275,34.92003]]],[[[127.90385,34.86069],[127.91448,34.84784],[127.91718,34.83548],[127.9216,34.835],[127.92456,34.83064],[127.93076,34.83283],[127.9299,34.83473],[127.93519,34.83229],[127.94188,34.82549],[127.94104,34.81576],[127.94355,34.81333],[127.94364,34.81011],[127.95364,34.80501],[127.95959,34.80552],[127.96574,34.80862],[127.96389,34.81159],[127.95842,34.81367],[127.97046,34.81592],[127.97827,34.82032],[127.97512,34.8227],[127.97686,34.82557],[127.98289,34.82659],[127.98971,34.83229],[127.99858,34.83297],[128.01924,34.83012],[128.01912,34.8328],[128.0306,34.83432],[128.03397,34.82745],[128.04143,34.82281],[128.05085,34.82608],[128.05521,34.8218],[128.06665,34.81815],[128.06325,34.81555],[128.06574,34.81271],[128.06138,34.80565],[128.06395,34.80179],[128.06289,34.79981],[128.05524,34.80193],[128.05092,34.79632],[128.05107,34.79409],[128.05537,34.79218],[128.05984,34.79563],[128.05624,34.78821],[128.05259,34.78455],[128.05354,34.78603],[128.05101,34.78517],[128.04908,34.78097],[128.05003,34.77349],[128.05461,34.76942],[128.05416,34.75589],[128.05752,34.75215],[128.0564,34.74556],[128.04936,34.74318],[128.04855,34.74103],[128.05087,34.73986],[128.04165,34.73785],[128.03526,34.73117],[128.03394,34.72386],[128.03485,34.72142],[128.04483,34.71649],[128.04516,34.71368],[128.05374,34.71492],[128.06022,34.70938],[128.05671,34.70837],[128.05391,34.71186],[128.05317,34.70802],[128.04911,34.7063],[128.04661,34.70846],[128.04269,34.70656],[128.04541,34.70386],[128.04432,34.70228],[128.03624,34.7028],[128.03489,34.70603],[128.03686,34.70556],[128.03666,34.70737],[128.0298,34.70855],[128.02607,34.70596],[128.02734,34.70281],[128.01951,34.70245],[128.02089,34.70906],[128.02615,34.71843],[128.0211,34.72269],[128.01514,34.72417],[128.00746,34.72103],[128.00737,34.71879],[128.01123,34.7164],[128.0072,34.71113],[127.99898,34.71709],[127.99251,34.7141],[127.99229,34.71949],[127.98901,34.72041],[127.98364,34.71828],[127.98529,34.71344],[127.9879,34.71204],[127.98437,34.70924],[127.97861,34.71152],[127.97099,34.71106],[127.96887,34.71301],[127.96567,34.70975],[127.95712,34.70938],[127.95312,34.71597],[127.95898,34.7178],[127.95568,34.72296],[127.94958,34.72628],[127.95455,34.73113],[127.94752,34.73077],[127.94616,34.73561],[127.94758,34.74001],[127.94414,34.74693],[127.94836,34.76575],[127.95451,34.77266],[127.95224,34.77643],[127.94901,34.77755],[127.92812,34.77572],[127.91945,34.77205],[127.91791,34.76881],[127.90943,34.7689],[127.9038,34.76548],[127.90277,34.76311],[127.90634,34.75698],[127.90515,34.75404],[127.90758,34.75053],[127.91043,34.74993],[127.90935,34.74403],[127.91301,34.74039],[127.91243,34.73631],[127.90607,34.72772],[127.89589,34.72567],[127.89066,34.72174],[127.87498,34.72749],[127.86838,34.72634],[127.85745,34.72793],[127.8619,34.73084],[127.86233,34.73324],[127.85845,34.73671],[127.85583,34.73517],[127.85205,34.73667],[127.85126,34.73848],[127.85584,34.74147],[127.85348,34.74751],[127.84917,34.75009],[127.84573,34.74729],[127.8377,34.74927],[127.83544,34.75604],[127.84202,34.75753],[127.84373,34.76286],[127.84106,34.76729],[127.85035,34.76792],[127.85237,34.7691],[127.85027,34.77412],[127.85781,34.77615],[127.84905,34.77531],[127.84777,34.77877],[127.8537,34.78244],[127.84454,34.77894],[127.84694,34.7846],[127.84499,34.7875],[127.83643,34.79167],[127.83439,34.79595],[127.8367,34.79811],[127.83562,34.80223],[127.83271,34.80341],[127.83118,34.80733],[127.83346,34.80838],[127.83303,34.81099],[127.82817,34.81077],[127.82803,34.81674],[127.82214,34.8208],[127.81325,34.83391],[127.81171,34.83994],[127.81259,34.84767],[127.80771,34.85331],[127.81184,34.85405],[127.81021,34.85946],[127.81107,34.86161],[127.81481,34.86232],[127.81848,34.86815],[127.81783,34.87456],[127.82107,34.87618],[127.82601,34.87342],[127.82845,34.87578],[127.83012,34.88073],[127.8256,34.88267],[127.83031,34.8857],[127.83309,34.89275],[127.82396,34.89417],[127.82405,34.89613],[127.8259,34.89416],[127.83112,34.89546],[127.8281,34.90113],[127.82589,34.89922],[127.82571,34.90265],[127.82842,34.90361],[127.83082,34.90028],[127.84193,34.89812],[127.8434,34.89931],[127.84044,34.90308],[127.8417,34.90675],[127.8445,34.90163],[127.85448,34.90283],[127.86211,34.90141],[127.86391,34.90465],[127.85635,34.91111],[127.85127,34.91026],[127.85685,34.91276],[127.85155,34.91588],[127.85344,34.92168],[127.85932,34.9222],[127.8542,34.92758],[127.86058,34.92784],[127.86028,34.93007],[127.86589,34.93128],[127.86516,34.9363],[127.87071,34.94197],[127.87438,34.94125],[127.89121,34.94685],[127.8946,34.9469],[127.90272,34.94124],[127.90741,34.94306],[127.9095,34.93857],[127.91367,34.94156],[127.91584,34.9386],[127.91815,34.93938],[127.91845,34.94231],[127.92546,34.94067],[127.92081,34.9337],[127.93071,34.92458],[127.92609,34.92788],[127.92368,34.92711],[127.92441,34.92013],[127.92882,34.91761],[127.92916,34.91527],[127.92472,34.91059],[127.92788,34.90687],[127.92179,34.90078],[127.92541,34.89165],[127.92053,34.8923],[127.9136,34.88894],[127.9097,34.88606],[127.90944,34.88364],[127.90412,34.88505],[127.90126,34.88393],[127.90129,34.87805],[127.89796,34.87262],[127.90385,34.86069]]]]}},{"type":"Feature","properties":{"code":"38360","name":"하동군","slug":"hadong-gun","wide":"gyeongnam","center":[127.80783,35.10612]},"geometry":{"type":"MultiPolygon","coordinates":[[[[127.83486,34.92565],[127.82855,34.92556],[127.83435,34.92686],[127.83486,34.92565]]],[[[127.83741,34.93314],[127.84055,34.93079],[127.8383,34.92993],[127.83741,34.93314]]],[[[127.83132,34.93949],[127.83442,34.9386],[127.83213,34.93166],[127.83488,34.92899],[127.83413,34.92771],[127.82843,34.92964],[127.83244,34.93691],[127.83132,34.93949]]],[[[127.78349,34.93831],[127.78238,34.93711],[127.77592,34.9405],[127.78349,34.93831]]],[[[127.91692,34.96977],[127.91691,34.97283],[127.91882,34.9721],[127.91692,34.96977]]],[[[127.92048,34.97582],[127.92224,34.97458],[127.91748,34.97405],[127.91609,34.97578],[127.92048,34.97582]]],[[[127.92326,34.97997],[127.92043,34.98591],[127.9231,34.98454],[127.92326,34.97997]]],[[[127.63808,35.32539],[127.6582,35.32878],[127.66468,35.32064],[127.68565,35.32176],[127.68878,35.31921],[127.68854,35.29412],[127.6927,35.28775],[127.69026,35.28356],[127.69564,35.27707],[127.70032,35.27478],[127.70481,35.26487],[127.73239,35.25512],[127.73756,35.25547],[127.74345,35.25322],[127.75062,35.24684],[127.75426,35.23468],[127.76009,35.22945],[127.76546,35.22753],[127.76831,35.22335],[127.7725,35.223],[127.77606,35.21948],[127.79956,35.21927],[127.82429,35.2221],[127.83233,35.22544],[127.83533,35.22963],[127.84324,35.22758],[127.8472,35.23549],[127.85074,35.23603],[127.85781,35.24248],[127.8568,35.24893],[127.86339,35.2541],[127.86517,35.25858],[127.86864,35.25993],[127.87555,35.25721],[127.87447,35.25094],[127.89311,35.25044],[127.88782,35.23762],[127.89027,35.22787],[127.88782,35.21848],[127.88958,35.21288],[127.89454,35.20789],[127.89485,35.19697],[127.90825,35.18429],[127.92492,35.17835],[127.93925,35.16594],[127.93719,35.16217],[127.93861,35.15259],[127.93145,35.14946],[127.93154,35.14547],[127.92989,35.14476],[127.92144,35.15033],[127.91299,35.15098],[127.90966,35.1484],[127.90309,35.15487],[127.89857,35.15673],[127.89639,35.15643],[127.89617,35.15367],[127.8852,35.15025],[127.87898,35.14565],[127.88544,35.13046],[127.90202,35.12551],[127.9105,35.12066],[127.91001,35.11709],[127.90079,35.1112],[127.89936,35.1074],[127.90932,35.09813],[127.90187,35.09527],[127.90228,35.08761],[127.89352,35.08655],[127.89772,35.07912],[127.90632,35.07882],[127.90832,35.07342],[127.91171,35.07345],[127.91447,35.06453],[127.92039,35.06417],[127.92473,35.05371],[127.93118,35.04774],[127.92392,35.04183],[127.92471,35.03522],[127.92295,35.03311],[127.92515,35.02954],[127.92051,35.02319],[127.92303,35.01561],[127.91865,35.01043],[127.92223,35.00511],[127.91961,35.00428],[127.91646,34.99714],[127.91657,34.99473],[127.91968,34.99341],[127.91855,34.99188],[127.91447,34.99258],[127.91776,34.98927],[127.92351,34.9892],[127.91714,34.98857],[127.91879,34.9814],[127.9141,34.98496],[127.90755,34.98303],[127.911,34.97998],[127.91188,34.97241],[127.91036,34.97055],[127.91113,34.97237],[127.90902,34.97424],[127.90156,34.97206],[127.89739,34.95652],[127.89433,34.95797],[127.88888,34.95555],[127.88661,34.95159],[127.88476,34.9562],[127.88134,34.95306],[127.88213,34.9496],[127.87459,34.94766],[127.86338,34.94704],[127.85542,34.94942],[127.84781,34.94692],[127.84826,34.95005],[127.84503,34.94985],[127.8441,34.95255],[127.84567,34.95865],[127.84076,34.96288],[127.83991,34.95694],[127.83742,34.95758],[127.8376,34.9596],[127.83419,34.95861],[127.83867,34.95597],[127.83925,34.95088],[127.83782,34.94939],[127.82529,34.95202],[127.8224,34.95566],[127.82425,34.95101],[127.82749,34.9507],[127.8291,34.94799],[127.82204,34.94575],[127.8154,34.94895],[127.8189,34.94221],[127.81643,34.93927],[127.81095,34.93984],[127.80285,34.93488],[127.80568,34.92444],[127.80006,34.92305],[127.80555,34.9243],[127.80327,34.93218],[127.79525,34.93064],[127.78984,34.94267],[127.78153,34.94379],[127.7792,34.95009],[127.77333,34.95498],[127.7701,34.96708],[127.75939,34.96678],[127.76403,34.97672],[127.77372,34.98271],[127.78034,34.98973],[127.78677,35.01093],[127.78521,35.02042],[127.77879,35.02473],[127.77163,35.03372],[127.76966,35.04623],[127.76532,35.05363],[127.75154,35.05672],[127.74326,35.06096],[127.73994,35.06336],[127.73635,35.0736],[127.71612,35.08347],[127.70662,35.09541],[127.69726,35.10178],[127.69485,35.10629],[127.69463,35.125],[127.68868,35.13517],[127.6757,35.14734],[127.65934,35.15896],[127.64837,35.16039],[127.6375,35.17313],[127.62262,35.18494],[127.61814,35.1909],[127.62149,35.19179],[127.61688,35.20691],[127.61711,35.20964],[127.62073,35.21266],[127.62114,35.22465],[127.61918,35.23545],[127.61282,35.24162],[127.61332,35.24839],[127.61525,35.25039],[127.61016,35.26205],[127.5957,35.26813],[127.59557,35.27201],[127.59114,35.27542],[127.58407,35.2911],[127.57737,35.29516],[127.57688,35.3084],[127.58567,35.30914],[127.60478,35.31837],[127.60769,35.32504],[127.61514,35.33073],[127.62074,35.33256],[127.62955,35.32742],[127.63808,35.32539]]]]}},{"type":"Feature","properties":{"code":"38370","name":"산청군","slug":"sancheong-gun","wide":"gyeongnam","center":[127.90273,35.3782]},"geometry":{"type":"MultiPolygon","coordinates":[[[[127.86604,35.57509],[127.87085,35.57552],[127.87481,35.56721],[127.86934,35.55949],[127.87201,35.55222],[127.87745,35.55044],[127.87455,35.53837],[127.88058,35.53155],[127.87821,35.52787],[127.88079,35.52696],[127.88758,35.5314],[127.89395,35.53016],[127.90195,35.53498],[127.91322,35.52563],[127.92129,35.52367],[127.91998,35.51997],[127.92541,35.51539],[127.94123,35.51443],[127.94891,35.51978],[127.95986,35.51798],[127.96258,35.50002],[127.97458,35.49494],[127.97592,35.48623],[127.97436,35.47528],[127.97927,35.46735],[127.97851,35.46195],[127.98487,35.45651],[127.98165,35.45153],[127.98632,35.45102],[127.98679,35.4468],[127.99646,35.43625],[127.99991,35.43599],[128.0018,35.43798],[128.0075,35.43613],[128.01131,35.42648],[128.02313,35.42638],[128.02585,35.42102],[128.03126,35.41629],[128.03614,35.41595],[128.04156,35.41933],[128.04525,35.41578],[128.05219,35.418],[128.05417,35.41671],[128.05922,35.40537],[128.06607,35.40228],[128.0649,35.39878],[128.07196,35.3925],[128.07212,35.38972],[128.08068,35.38909],[128.08483,35.38345],[128.08928,35.3812],[128.08683,35.37536],[128.08024,35.37024],[128.08815,35.36617],[128.10193,35.36705],[128.09998,35.36162],[128.09537,35.35985],[128.09536,35.35734],[128.09924,35.35383],[128.09208,35.34832],[128.09419,35.34489],[128.09731,35.34168],[128.11046,35.33786],[128.1152,35.33284],[128.11474,35.33116],[128.10833,35.33086],[128.10165,35.33501],[128.08049,35.33704],[128.07433,35.33586],[128.0723,35.33295],[128.05862,35.33357],[128.05091,35.32098],[128.05233,35.31269],[128.04341,35.30474],[128.04054,35.30409],[128.03462,35.30781],[128.01519,35.30312],[128.0127,35.29903],[128.00594,35.29741],[128.00278,35.29129],[127.99588,35.28597],[127.98625,35.28691],[127.98433,35.28183],[127.9863,35.27711],[127.98536,35.27363],[127.98289,35.27052],[127.97355,35.27003],[127.9714,35.25009],[127.96973,35.25133],[127.96678,35.24652],[127.94757,35.24165],[127.94491,35.24515],[127.93449,35.25027],[127.9247,35.24928],[127.92291,35.25238],[127.92004,35.25195],[127.91132,35.24028],[127.91097,35.22751],[127.90868,35.22353],[127.90397,35.22305],[127.89939,35.22657],[127.89068,35.22598],[127.89021,35.23299],[127.88782,35.23762],[127.89311,35.25044],[127.87447,35.25094],[127.87555,35.25721],[127.86916,35.26005],[127.86517,35.25858],[127.86339,35.2541],[127.8568,35.24893],[127.85781,35.24248],[127.85074,35.23603],[127.8472,35.23549],[127.84324,35.22758],[127.83533,35.22963],[127.83233,35.22544],[127.82429,35.2221],[127.79956,35.21927],[127.77606,35.21948],[127.7725,35.223],[127.76831,35.22335],[127.76546,35.22753],[127.76009,35.22945],[127.75426,35.23468],[127.75062,35.24684],[127.74345,35.25322],[127.73756,35.25547],[127.73239,35.25512],[127.70481,35.26487],[127.70032,35.27478],[127.69564,35.27707],[127.69026,35.28356],[127.6927,35.28775],[127.68854,35.29412],[127.68878,35.31921],[127.70061,35.31607],[127.70637,35.32036],[127.70893,35.32691],[127.7185,35.33436],[127.73125,35.33747],[127.73516,35.34712],[127.7329,35.35521],[127.73412,35.36119],[127.7388,35.36484],[127.73861,35.37242],[127.74603,35.37645],[127.75257,35.38323],[127.74837,35.39715],[127.75847,35.40267],[127.76005,35.40639],[127.75931,35.41525],[127.76997,35.42067],[127.7689,35.42621],[127.78005,35.43433],[127.77586,35.43933],[127.77273,35.43975],[127.7733,35.44471],[127.77732,35.44686],[127.78832,35.44505],[127.78943,35.45178],[127.78234,35.45711],[127.78295,35.45982],[127.80034,35.46778],[127.81405,35.47051],[127.81345,35.47329],[127.80766,35.47812],[127.80951,35.48274],[127.80532,35.4856],[127.80536,35.48937],[127.80611,35.49122],[127.81628,35.49065],[127.82277,35.49972],[127.82291,35.50664],[127.82025,35.50969],[127.82329,35.51664],[127.81596,35.52166],[127.81685,35.52544],[127.82426,35.52914],[127.83199,35.53985],[127.84041,35.54578],[127.84779,35.558],[127.85229,35.56057],[127.85639,35.56941],[127.86317,35.57581],[127.86604,35.57509]]]]}},{"type":"Feature","properties":{"code":"38380","name":"함양군","slug":"hamyang-gun","wide":"gyeongnam","center":[127.72346,35.55197]},"geometry":{"type":"MultiPolygon","coordinates":[[[[127.69511,35.75798],[127.69939,35.75767],[127.70969,35.74735],[127.71294,35.73575],[127.71622,35.73114],[127.7337,35.71966],[127.73794,35.72478],[127.74144,35.72475],[127.74815,35.73111],[127.75524,35.73348],[127.76096,35.73082],[127.76407,35.72096],[127.77705,35.71295],[127.78157,35.707],[127.79544,35.70424],[127.80125,35.69567],[127.80339,35.68593],[127.81137,35.68575],[127.81271,35.68101],[127.8184,35.67514],[127.82163,35.6756],[127.8264,35.6698],[127.83291,35.66995],[127.83319,35.66109],[127.83476,35.65954],[127.83808,35.66084],[127.84678,35.6565],[127.85071,35.65864],[127.86145,35.6594],[127.86206,35.66319],[127.869,35.6709],[127.8769,35.6694],[127.8778,35.66712],[127.8753,35.66333],[127.87443,35.6519],[127.87512,35.64272],[127.87792,35.64096],[127.87069,35.63402],[127.87167,35.63038],[127.86953,35.62563],[127.87171,35.624],[127.87137,35.62111],[127.86323,35.61121],[127.86406,35.60797],[127.85383,35.59652],[127.84723,35.59457],[127.84262,35.58724],[127.83518,35.58311],[127.83652,35.58079],[127.83545,35.57729],[127.85044,35.57788],[127.85639,35.56941],[127.85229,35.56057],[127.84779,35.558],[127.84041,35.54578],[127.83199,35.53985],[127.82426,35.52914],[127.81685,35.52544],[127.81596,35.52166],[127.82329,35.51664],[127.82025,35.50969],[127.82291,35.50664],[127.82277,35.49972],[127.81628,35.49065],[127.80611,35.49122],[127.80536,35.48937],[127.80532,35.4856],[127.80951,35.48274],[127.80766,35.47812],[127.81345,35.47329],[127.81405,35.47051],[127.79669,35.46649],[127.78235,35.45907],[127.78234,35.45711],[127.78943,35.45178],[127.78934,35.44601],[127.78583,35.44427],[127.77732,35.44686],[127.7733,35.44471],[127.77273,35.43975],[127.77586,35.43933],[127.78005,35.43433],[127.7689,35.42621],[127.76997,35.42067],[127.75931,35.41525],[127.76005,35.40639],[127.75847,35.40267],[127.74837,35.39715],[127.75257,35.38323],[127.74603,35.37645],[127.73861,35.37242],[127.7388,35.36484],[127.73412,35.36119],[127.7329,35.35521],[127.73516,35.34712],[127.73125,35.33747],[127.7185,35.33436],[127.70766,35.32556],[127.70637,35.32036],[127.69956,35.31576],[127.69496,35.31867],[127.69029,35.31836],[127.68392,35.32266],[127.66468,35.32064],[127.6582,35.32878],[127.64018,35.3246],[127.62955,35.32742],[127.62074,35.33256],[127.62333,35.34217],[127.61224,35.35585],[127.6102,35.36592],[127.61266,35.36893],[127.62129,35.37222],[127.62565,35.37691],[127.62529,35.3847],[127.63634,35.3992],[127.64645,35.40266],[127.65684,35.41392],[127.66047,35.41443],[127.66355,35.42621],[127.66577,35.42743],[127.66518,35.43565],[127.67068,35.43962],[127.67407,35.44572],[127.67045,35.44872],[127.66116,35.44754],[127.65339,35.45158],[127.64519,35.44913],[127.63669,35.45935],[127.63661,35.47821],[127.65311,35.48687],[127.65,35.49133],[127.65039,35.49788],[127.64417,35.5001],[127.63364,35.51327],[127.63442,35.52021],[127.63108,35.52046],[127.62575,35.52532],[127.62533,35.5314],[127.62881,35.53372],[127.62869,35.53598],[127.62473,35.53369],[127.6207,35.53384],[127.61915,35.5366],[127.61272,35.53564],[127.60926,35.54086],[127.59678,35.54744],[127.59146,35.55336],[127.58486,35.55391],[127.58729,35.55704],[127.58877,35.56477],[127.59234,35.56686],[127.59607,35.57369],[127.60485,35.57759],[127.60633,35.58159],[127.61119,35.58389],[127.60746,35.59491],[127.60887,35.59773],[127.61208,35.5989],[127.61302,35.60825],[127.61822,35.61041],[127.6214,35.61512],[127.63534,35.61848],[127.62567,35.62913],[127.62448,35.63804],[127.62026,35.64164],[127.6201,35.64614],[127.62216,35.65102],[127.62948,35.65664],[127.62895,35.66402],[127.63908,35.66992],[127.64046,35.67281],[127.63905,35.67899],[127.6418,35.69289],[127.64562,35.6988],[127.64975,35.70141],[127.64944,35.7038],[127.65742,35.70584],[127.66096,35.70991],[127.65987,35.71583],[127.6631,35.72486],[127.66039,35.73746],[127.66313,35.74158],[127.66229,35.76083],[127.66582,35.76883],[127.66951,35.77137],[127.67577,35.77088],[127.68129,35.76766],[127.68429,35.7633],[127.69511,35.75798]]]]}},{"type":"Feature","properties":{"code":"38390","name":"거창군","slug":"geochang-gun","wide":"gyeongnam","center":[127.90586,35.72872]},"geometry":{"type":"MultiPolygon","coordinates":[[[[127.88313,35.90586],[127.88219,35.90319],[127.88478,35.89311],[127.88824,35.89235],[127.89352,35.8868],[127.90228,35.88957],[127.912,35.88984],[127.92022,35.89322],[127.91852,35.89038],[127.92287,35.88258],[127.92808,35.88127],[127.93022,35.87863],[127.92842,35.87677],[127.92879,35.87035],[127.93308,35.864],[127.93134,35.85899],[127.9272,35.85843],[127.92578,35.85562],[127.94224,35.85454],[127.95118,35.86164],[127.95963,35.8603],[127.96255,35.85537],[127.97398,35.85207],[127.98175,35.85874],[127.98422,35.85764],[127.99699,35.83705],[128.00589,35.83394],[128.01178,35.82893],[128.01751,35.83252],[128.02428,35.83292],[128.02978,35.83565],[128.05165,35.82988],[128.05487,35.83436],[128.06089,35.83435],[128.06979,35.8412],[128.0844,35.837],[128.08627,35.833],[128.09074,35.83064],[128.08387,35.82237],[128.08469,35.81749],[128.07444,35.81347],[128.069,35.80619],[128.05352,35.80577],[128.04916,35.80177],[128.04791,35.79526],[128.03801,35.79086],[128.035,35.78607],[128.04075,35.77992],[128.04845,35.77854],[128.05168,35.77552],[128.0487,35.7681],[128.05104,35.76109],[128.04442,35.7516],[128.05231,35.74646],[128.06115,35.72836],[128.06165,35.72373],[128.07022,35.72172],[128.07284,35.71865],[128.07559,35.70648],[128.07428,35.7012],[128.08301,35.69459],[128.09518,35.69076],[128.09286,35.68444],[128.0813,35.68383],[128.07786,35.68164],[128.0752,35.67397],[128.07204,35.67271],[128.06624,35.68266],[128.05028,35.67842],[128.04474,35.6685],[128.04413,35.66115],[128.02462,35.65267],[128.02097,35.65267],[128.01785,35.64336],[128.00392,35.63788],[127.99956,35.63224],[128.0018,35.62788],[127.99672,35.62314],[127.99852,35.61389],[128.00084,35.61106],[127.98433,35.60886],[127.9828,35.60099],[127.9871,35.59598],[127.98702,35.59252],[127.97928,35.57396],[127.98113,35.56576],[127.97485,35.56361],[127.97431,35.55805],[127.97189,35.55585],[127.96535,35.55494],[127.95556,35.54854],[127.95428,35.54564],[127.95348,35.52984],[127.96114,35.52342],[127.95969,35.51804],[127.94662,35.51934],[127.94123,35.51443],[127.92541,35.51539],[127.91998,35.51997],[127.92129,35.52367],[127.91322,35.52563],[127.90195,35.53498],[127.89395,35.53016],[127.88758,35.5314],[127.88079,35.52696],[127.87821,35.52787],[127.88058,35.53155],[127.87455,35.53837],[127.87745,35.55044],[127.87201,35.55222],[127.86941,35.55898],[127.87476,35.56541],[127.87085,35.57552],[127.86404,35.57621],[127.85656,35.56927],[127.85044,35.57788],[127.83545,35.57729],[127.83652,35.58079],[127.83518,35.58311],[127.84262,35.58724],[127.84723,35.59457],[127.85383,35.59652],[127.86406,35.60797],[127.86323,35.61121],[127.87137,35.62111],[127.87171,35.624],[127.86953,35.62563],[127.87167,35.63038],[127.87069,35.63402],[127.87792,35.64096],[127.87512,35.64272],[127.87443,35.6519],[127.8753,35.66333],[127.8778,35.66712],[127.8769,35.6694],[127.869,35.6709],[127.86206,35.66319],[127.86181,35.65962],[127.85513,35.65795],[127.85071,35.65864],[127.84678,35.6565],[127.83808,35.66084],[127.83388,35.65998],[127.83291,35.66995],[127.8264,35.6698],[127.82163,35.6756],[127.8184,35.67514],[127.81271,35.68101],[127.81137,35.68575],[127.80339,35.68593],[127.80125,35.69567],[127.79544,35.70424],[127.78157,35.707],[127.77705,35.71295],[127.76407,35.72096],[127.76096,35.73082],[127.75524,35.73348],[127.74815,35.73111],[127.74144,35.72475],[127.73794,35.72478],[127.7337,35.71966],[127.71622,35.73114],[127.71294,35.73575],[127.70969,35.74735],[127.70174,35.75391],[127.70188,35.75564],[127.68429,35.7633],[127.67944,35.7685],[127.68481,35.77768],[127.70028,35.78913],[127.70653,35.79202],[127.71048,35.7918],[127.71939,35.79732],[127.72061,35.80199],[127.72401,35.80528],[127.72457,35.8125],[127.72965,35.813],[127.73332,35.82227],[127.73859,35.82708],[127.73805,35.83519],[127.74445,35.84442],[127.75948,35.83691],[127.77276,35.83958],[127.78378,35.85085],[127.79205,35.85241],[127.80436,35.85869],[127.81392,35.85362],[127.81454,35.85679],[127.81944,35.85964],[127.81941,35.86253],[127.82656,35.86835],[127.83273,35.86892],[127.83495,35.8669],[127.84175,35.86625],[127.84452,35.86933],[127.84488,35.87561],[127.84678,35.8779],[127.85106,35.87764],[127.85368,35.88134],[127.85075,35.89005],[127.85827,35.89702],[127.85954,35.90649],[127.86409,35.90662],[127.86927,35.90401],[127.88223,35.90993],[127.88506,35.90961],[127.88313,35.90586]]]]}},{"type":"Feature","properties":{"code":"38400","name":"합천군","slug":"hapcheon-gun","wide":"gyeongnam","center":[128.14421,35.59498]},"geometry":{"type":"MultiPolygon","coordinates":[[[[128.09861,35.83067],[128.11092,35.82388],[128.11937,35.8249],[128.12306,35.82243],[128.12455,35.81944],[128.12194,35.8118],[128.1234,35.80561],[128.1219,35.80349],[128.12872,35.79429],[128.12886,35.7894],[128.13753,35.78426],[128.14797,35.78401],[128.15437,35.78645],[128.15904,35.78367],[128.15894,35.78007],[128.16371,35.77719],[128.16153,35.77001],[128.165,35.76349],[128.18928,35.75176],[128.18852,35.74967],[128.19361,35.73813],[128.19809,35.73591],[128.19663,35.73038],[128.20226,35.7176],[128.20258,35.71228],[128.20031,35.70772],[128.2046,35.69712],[128.20264,35.69265],[128.20482,35.68392],[128.199,35.68448],[128.19823,35.68233],[128.19226,35.68008],[128.18414,35.68005],[128.17916,35.67295],[128.16368,35.67297],[128.16009,35.6675],[128.16166,35.65978],[128.15953,35.65753],[128.16018,35.65488],[128.16589,35.65299],[128.1768,35.65695],[128.18575,35.65756],[128.197,35.6508],[128.20123,35.64372],[128.21012,35.64373],[128.21261,35.64109],[128.22018,35.63999],[128.22654,35.64154],[128.22973,35.63946],[128.23596,35.64068],[128.23775,35.64396],[128.23636,35.65108],[128.24351,35.65545],[128.25864,35.6478],[128.26234,35.64274],[128.27679,35.64697],[128.27947,35.65231],[128.29625,35.65073],[128.29807,35.65623],[128.31791,35.65149],[128.32404,35.64661],[128.32954,35.64853],[128.33782,35.64481],[128.34999,35.64598],[128.35538,35.64103],[128.36032,35.63271],[128.36463,35.61336],[128.35498,35.60995],[128.35167,35.60407],[128.35923,35.58129],[128.35736,35.56444],[128.3507,35.55149],[128.35142,35.53684],[128.36761,35.52084],[128.37986,35.51363],[128.37521,35.51235],[128.36945,35.51502],[128.37337,35.50392],[128.3649,35.50018],[128.35941,35.50319],[128.35242,35.50287],[128.3496,35.5009],[128.34055,35.50627],[128.33898,35.50958],[128.3307,35.50757],[128.32134,35.50836],[128.31536,35.51564],[128.3123,35.51676],[128.30328,35.51558],[128.29265,35.51738],[128.29032,35.51557],[128.29024,35.51232],[128.28167,35.51024],[128.26648,35.5099],[128.26084,35.50209],[128.26189,35.49724],[128.25509,35.49417],[128.23786,35.49469],[128.21734,35.48441],[128.2096,35.48368],[128.20602,35.47821],[128.20165,35.47792],[128.20072,35.47537],[128.20712,35.46856],[128.21532,35.46444],[128.21627,35.46171],[128.21064,35.46211],[128.20777,35.46013],[128.20714,35.44842],[128.203,35.44264],[128.20017,35.43223],[128.18521,35.41915],[128.19089,35.41156],[128.1899,35.39898],[128.16704,35.39402],[128.14662,35.38598],[128.12875,35.38768],[128.12588,35.38385],[128.13005,35.37323],[128.12689,35.37224],[128.12194,35.37812],[128.11393,35.37979],[128.11241,35.38232],[128.09893,35.37114],[128.09908,35.36819],[128.09242,35.3679],[128.08024,35.37024],[128.08683,35.37536],[128.08928,35.3812],[128.08483,35.38345],[128.08068,35.38909],[128.07212,35.38972],[128.07196,35.3925],[128.0649,35.39878],[128.06607,35.40228],[128.05922,35.40537],[128.05303,35.41772],[128.04525,35.41578],[128.04156,35.41933],[128.03614,35.41595],[128.03126,35.41629],[128.02585,35.42102],[128.02313,35.42638],[128.01131,35.42648],[128.0075,35.43613],[128.0018,35.43798],[127.99991,35.43599],[127.99646,35.43625],[127.98679,35.4468],[127.98632,35.45102],[127.98165,35.45153],[127.98487,35.45651],[127.97851,35.46195],[127.97927,35.46735],[127.97436,35.47528],[127.97592,35.48623],[127.97458,35.49494],[127.96258,35.50002],[127.95969,35.51804],[127.96114,35.52342],[127.95384,35.52916],[127.95323,35.53403],[127.95556,35.54854],[127.96611,35.55537],[127.97189,35.55585],[127.97431,35.55805],[127.97485,35.56361],[127.98113,35.56576],[127.97928,35.57396],[127.98702,35.59252],[127.9871,35.59598],[127.9828,35.60099],[127.98433,35.60886],[128.00084,35.61106],[127.99852,35.61389],[127.99672,35.62314],[128.0018,35.62788],[127.99956,35.63224],[128.00392,35.63788],[128.01785,35.64336],[128.02097,35.65267],[128.02462,35.65267],[128.04413,35.66115],[128.04474,35.6685],[128.05028,35.67842],[128.06624,35.68266],[128.07204,35.67271],[128.0752,35.67397],[128.07786,35.68164],[128.0813,35.68383],[128.09286,35.68444],[128.09518,35.69076],[128.08301,35.69459],[128.07428,35.7012],[128.07559,35.70648],[128.07284,35.71865],[128.07022,35.72172],[128.06165,35.72373],[128.06115,35.72836],[128.05231,35.74646],[128.04442,35.7516],[128.05104,35.76109],[128.0487,35.7681],[128.05168,35.77552],[128.04845,35.77854],[128.03987,35.78049],[128.03501,35.78645],[128.03801,35.79086],[128.04791,35.79526],[128.04916,35.80177],[128.05352,35.80577],[128.069,35.80619],[128.07444,35.81347],[128.08469,35.81749],[128.08387,35.82237],[128.09074,35.83064],[128.09596,35.83227],[128.09861,35.83067]]]]}},{"type":"Feature","properties":{"code":"39010","name":"제주시","slug":"jeju-si","wide":"jeju","center":[126.51036,33.4517]},"geometry":{"type":"MultiPolygon","coordinates":[[[[126.14744,33.30976],[126.14386,33.31183],[126.15111,33.3137],[126.15349,33.31192],[126.14744,33.30976]]],[[[126.22886,33.41213],[126.23216,33.41001],[126.23079,33.40596],[126.22626,33.40421],[126.22254,33.4059],[126.22285,33.41158],[126.22886,33.41213]]],[[[126.22449,33.41787],[126.22469,33.42023],[126.22654,33.41921],[126.22382,33.41453],[126.22218,33.41798],[126.22421,33.42117],[126.22449,33.41787]]],[[[126.90244,33.52292],[126.90141,33.52515],[126.90398,33.52408],[126.90244,33.52292]]],[[[126.96247,33.51935],[126.9617,33.51753],[126.95902,33.5174],[126.95879,33.51277],[126.96784,33.51626],[126.97266,33.51463],[126.96513,33.51311],[126.97129,33.49864],[126.96923,33.49654],[126.96667,33.49694],[126.9671,33.49075],[126.96397,33.48919],[126.95973,33.49267],[126.95689,33.49118],[126.94333,33.49477],[126.94413,33.49841],[126.94091,33.5066],[126.95092,33.51766],[126.94742,33.52042],[126.9481,33.52307],[126.9545,33.52594],[126.96247,33.51935]]],[[[126.90175,33.51527],[126.89899,33.51314],[126.89961,33.50969],[126.90637,33.51089],[126.90961,33.50966],[126.91284,33.5071],[126.9134,33.50323],[126.90938,33.49535],[126.91061,33.48908],[126.90747,33.48724],[126.9041,33.48819],[126.90191,33.48252],[126.88452,33.48067],[126.88147,33.47707],[126.87382,33.47554],[126.86759,33.47005],[126.85764,33.46686],[126.85469,33.46331],[126.84631,33.46201],[126.82545,33.45315],[126.82212,33.44671],[126.80686,33.44434],[126.79927,33.43958],[126.78856,33.44136],[126.78346,33.4349],[126.77795,33.43306],[126.76128,33.42146],[126.7414,33.42027],[126.73183,33.42672],[126.71728,33.42188],[126.70466,33.42085],[126.68773,33.41328],[126.66943,33.40039],[126.66046,33.40196],[126.65497,33.39942],[126.65267,33.39467],[126.63078,33.39309],[126.62633,33.39019],[126.62492,33.38504],[126.6231,33.38433],[126.60693,33.38224],[126.58932,33.37434],[126.57476,33.37202],[126.55737,33.37202],[126.55372,33.37368],[126.52952,33.36174],[126.52691,33.36304],[126.51967,33.36068],[126.5111,33.36104],[126.50663,33.358],[126.49909,33.35985],[126.49045,33.35495],[126.48742,33.35512],[126.48275,33.35968],[126.47414,33.35698],[126.46566,33.36],[126.44558,33.35889],[126.43702,33.3548],[126.4376,33.3487],[126.43275,33.34493],[126.43259,33.34112],[126.4091,33.34212],[126.40069,33.34472],[126.39164,33.34356],[126.37592,33.34689],[126.36747,33.34115],[126.35198,33.34069],[126.34024,33.34361],[126.32257,33.32581],[126.31833,33.32743],[126.30932,33.32545],[126.30595,33.32665],[126.29636,33.32194],[126.29241,33.31049],[126.28737,33.30709],[126.28635,33.30432],[126.28008,33.302],[126.27909,33.29954],[126.25303,33.29281],[126.24502,33.2883],[126.24275,33.28316],[126.24465,33.27297],[126.22979,33.28467],[126.19262,33.29823],[126.19169,33.29367],[126.17124,33.28862],[126.17207,33.28553],[126.16872,33.28263],[126.16228,33.2866],[126.16087,33.2908],[126.16259,33.29552],[126.16742,33.29888],[126.16346,33.3066],[126.16839,33.3165],[126.16672,33.32338],[126.16251,33.32459],[126.16251,33.32935],[126.16557,33.33138],[126.16152,33.33411],[126.16696,33.33877],[126.16679,33.34298],[126.16853,33.34163],[126.17198,33.34268],[126.16889,33.34298],[126.16869,33.34539],[126.17108,33.3458],[126.16956,33.34413],[126.17337,33.34311],[126.17976,33.34629],[126.18292,33.3585],[126.18697,33.35881],[126.19595,33.36626],[126.2001,33.36504],[126.20497,33.36837],[126.20608,33.37232],[126.2133,33.37502],[126.21524,33.37811],[126.21455,33.38205],[126.21931,33.3847],[126.22321,33.38997],[126.23472,33.38949],[126.23663,33.39513],[126.24016,33.39444],[126.24265,33.39835],[126.25015,33.40101],[126.2509,33.40367],[126.24884,33.40421],[126.25125,33.4052],[126.25215,33.40897],[126.25649,33.40782],[126.25865,33.40932],[126.25732,33.41091],[126.25519,33.40944],[126.25294,33.41578],[126.25584,33.41267],[126.25956,33.41624],[126.26278,33.41672],[126.26058,33.42314],[126.25828,33.42178],[126.25777,33.41719],[126.25229,33.41691],[126.25793,33.41766],[126.25703,33.42153],[126.25981,33.42504],[126.26212,33.42253],[126.26422,33.42369],[126.2614,33.4342],[126.2631,33.43684],[126.27312,33.43507],[126.27894,33.44228],[126.28364,33.44288],[126.28481,33.44485],[126.29212,33.44354],[126.29674,33.44721],[126.29963,33.44716],[126.30631,33.45297],[126.31039,33.45994],[126.30775,33.46584],[126.31281,33.46978],[126.32163,33.46652],[126.33144,33.46954],[126.33374,33.46701],[126.33808,33.46703],[126.34045,33.47066],[126.35077,33.47341],[126.35383,33.47788],[126.3596,33.4798],[126.36888,33.47839],[126.37775,33.48428],[126.3803,33.48423],[126.38574,33.48934],[126.39131,33.48943],[126.3945,33.48415],[126.40066,33.48337],[126.40365,33.486],[126.4076,33.48518],[126.41022,33.48995],[126.4209,33.49076],[126.41999,33.4924],[126.42701,33.49594],[126.42616,33.49468],[126.42807,33.49387],[126.44054,33.49611],[126.44509,33.49881],[126.45156,33.49731],[126.45432,33.50068],[126.45183,33.50255],[126.45358,33.50443],[126.46057,33.50503],[126.46307,33.50312],[126.46355,33.50696],[126.467,33.50572],[126.46617,33.50859],[126.48341,33.51107],[126.48577,33.51745],[126.49418,33.52091],[126.49896,33.52013],[126.50084,33.51749],[126.51456,33.51584],[126.51784,33.51951],[126.53187,33.51745],[126.53356,33.51869],[126.53166,33.52129],[126.53528,33.51981],[126.54284,33.52289],[126.54167,33.52956],[126.54622,33.52451],[126.55344,33.52422],[126.55343,33.52281],[126.54687,33.52193],[126.55002,33.52064],[126.55905,33.52302],[126.56175,33.52751],[126.56528,33.52421],[126.56917,33.52704],[126.57377,33.52532],[126.57483,33.52813],[126.5783,33.52791],[126.57644,33.52701],[126.57969,33.52504],[126.58502,33.52545],[126.58923,33.52909],[126.59018,33.53322],[126.59751,33.53774],[126.60307,33.53503],[126.61189,33.53629],[126.61353,33.53814],[126.63451,33.53604],[126.6366,33.54044],[126.63396,33.54201],[126.63486,33.54516],[126.63933,33.5459],[126.64465,33.55563],[126.64992,33.5533],[126.64809,33.54905],[126.65116,33.54897],[126.6529,33.55281],[126.66121,33.54531],[126.6671,33.54283],[126.67421,33.54498],[126.67466,33.54922],[126.67794,33.55249],[126.68066,33.55224],[126.68388,33.54825],[126.68923,33.54843],[126.69929,33.55302],[126.71647,33.55361],[126.71943,33.55796],[126.72577,33.55799],[126.72988,33.56075],[126.73591,33.55803],[126.73815,33.55475],[126.74551,33.55565],[126.74399,33.55787],[126.73933,33.55755],[126.74028,33.55982],[126.7447,33.55786],[126.75237,33.55873],[126.75724,33.55698],[126.76187,33.55883],[126.76204,33.56543],[126.76543,33.56597],[126.76892,33.56511],[126.76779,33.5643],[126.77478,33.56497],[126.77468,33.56112],[126.77912,33.56608],[126.7812,33.56405],[126.78374,33.56492],[126.78428,33.56265],[126.79346,33.55972],[126.7981,33.5553],[126.80882,33.55766],[126.81387,33.55996],[126.81358,33.56137],[126.82756,33.55941],[126.82569,33.55442],[126.82964,33.55098],[126.82719,33.54779],[126.82867,33.54314],[126.83645,33.53936],[126.84069,33.53367],[126.85167,33.53224],[126.85492,33.52816],[126.86133,33.52494],[126.86475,33.52572],[126.86545,33.52898],[126.87143,33.53071],[126.88148,33.5297],[126.88374,33.52673],[126.89281,33.52689],[126.90587,33.52067],[126.90121,33.51819],[126.90175,33.51527]]],[[[126.34443,33.90273],[126.34294,33.90315],[126.34351,33.90633],[126.34497,33.90562],[126.34443,33.90273]]],[[[126.3213,33.91568],[126.32634,33.91479],[126.32547,33.90922],[126.32341,33.90924],[126.3213,33.91568]]],[[[126.63727,33.92132],[126.64168,33.92167],[126.64236,33.92029],[126.63763,33.91855],[126.63519,33.92149],[126.63727,33.92132]]],[[[126.31128,33.93884],[126.31037,33.94081],[126.31259,33.94047],[126.31128,33.93884]]],[[[126.34153,33.95379],[126.33833,33.95249],[126.34222,33.94983],[126.34197,33.94654],[126.3328,33.94414],[126.32728,33.9449],[126.3244,33.94072],[126.32519,33.93522],[126.33082,33.93322],[126.33081,33.93078],[126.32901,33.93011],[126.32114,33.93024],[126.31659,33.941],[126.31049,33.9452],[126.31225,33.94595],[126.3031,33.95008],[126.30448,33.95341],[126.3107,33.95233],[126.31369,33.95492],[126.32591,33.95153],[126.33716,33.95691],[126.34125,33.95574],[126.34153,33.95379]]],[[[126.38224,33.96718],[126.37761,33.96435],[126.38049,33.96857],[126.38224,33.96718]]],[[[126.28192,33.97102],[126.28418,33.96769],[126.29475,33.96574],[126.29995,33.9628],[126.30067,33.96115],[126.29632,33.96368],[126.29458,33.96147],[126.30194,33.95865],[126.30053,33.95693],[126.30291,33.95423],[126.30176,33.9525],[126.29719,33.95235],[126.28653,33.96036],[126.2855,33.96153],[126.28911,33.96295],[126.28376,33.96432],[126.28192,33.97102]]],[[[126.30813,33.97321],[126.30602,33.975],[126.30929,33.97454],[126.30813,33.97321]]],[[[126.35128,33.98286],[126.35376,33.982],[126.35134,33.98065],[126.34553,33.98288],[126.34741,33.98508],[126.35128,33.98286]]],[[[126.29399,33.98205],[126.29344,33.98435],[126.29576,33.98496],[126.29625,33.98336],[126.29399,33.98205]]],[[[126.32406,33.98516],[126.31713,33.98923],[126.32345,33.98825],[126.32406,33.98516]]],[[[126.25135,33.98918],[126.25308,33.9874],[126.25212,33.98573],[126.24593,33.98733],[126.24974,33.99017],[126.25135,33.98918]]],[[[126.39145,33.99557],[126.3939,33.99443],[126.392,33.99384],[126.39145,33.99557]]],[[[126.33853,34.01124],[126.34468,34.01065],[126.35309,34.00598],[126.34842,34.00414],[126.34228,34.00788],[126.33422,34.00869],[126.33029,34.01135],[126.33441,34.01287],[126.33853,34.01124]]]]}},{"type":"Feature","properties":{"code":"39020","name":"서귀포시","slug":"seogwipo-si","wide":"jeju","center":[126.60603,33.32032]},"geometry":{"type":"MultiPolygon","coordinates":[[[[126.26792,33.1243],[126.2704,33.11654],[126.26777,33.11236],[126.26475,33.11799],[126.26792,33.1243]]],[[[126.27058,33.17602],[126.27484,33.17476],[126.27976,33.16746],[126.27228,33.16524],[126.27408,33.16451],[126.27234,33.16187],[126.26937,33.16084],[126.2677,33.16637],[126.26242,33.16861],[126.27058,33.17602]]],[[[126.31435,33.21106],[126.31576,33.21015],[126.31405,33.2087],[126.31305,33.21146],[126.31435,33.21106]]],[[[126.51605,33.22038],[126.51891,33.2184],[126.51836,33.21606],[126.51466,33.2169],[126.51605,33.22038]]],[[[126.65617,33.2233],[126.65218,33.2237],[126.6526,33.22617],[126.659,33.22608],[126.65617,33.2233]]],[[[126.56742,33.22519],[126.56304,33.22682],[126.56754,33.22735],[126.56871,33.22628],[126.56742,33.22519]]],[[[126.59995,33.23165],[126.60254,33.22869],[126.59646,33.22878],[126.59663,33.2312],[126.59995,33.23165]]],[[[126.91178,33.47938],[126.91415,33.47941],[126.91389,33.47817],[126.91178,33.47938]]],[[[126.91156,33.47936],[126.91013,33.47767],[126.91306,33.47266],[126.92055,33.4694],[126.92483,33.47204],[126.92487,33.46894],[126.92079,33.4647],[126.92249,33.46375],[126.92146,33.45953],[126.92327,33.45553],[126.92852,33.45813],[126.93171,33.46398],[126.92786,33.46733],[126.92888,33.47352],[126.93525,33.47358],[126.93602,33.47838],[126.93653,33.46421],[126.94535,33.4596],[126.94625,33.4562],[126.94156,33.45535],[126.93463,33.46078],[126.9316,33.45984],[126.92847,33.45634],[126.93015,33.45598],[126.92278,33.44981],[126.92176,33.44352],[126.9252,33.43558],[126.93155,33.43343],[126.93651,33.42917],[126.92937,33.42259],[126.92315,33.42642],[126.92555,33.42986],[126.92391,33.43427],[126.91613,33.43397],[126.91798,33.42726],[126.91415,33.42379],[126.91459,33.4208],[126.91139,33.41773],[126.91161,33.41349],[126.90834,33.40642],[126.90274,33.40193],[126.90765,33.3982],[126.90647,33.3915],[126.8835,33.38354],[126.87854,33.37642],[126.87132,33.37219],[126.87078,33.37095],[126.87363,33.37079],[126.87349,33.3682],[126.86742,33.36379],[126.86969,33.36177],[126.86785,33.36082],[126.8684,33.35401],[126.86414,33.34857],[126.85987,33.34694],[126.85921,33.34189],[126.85739,33.34293],[126.85626,33.34073],[126.85658,33.33806],[126.85075,33.33558],[126.84961,33.33673],[126.84405,33.33284],[126.84318,33.32853],[126.8448,33.3255],[126.8499,33.32498],[126.84791,33.32325],[126.84841,33.31959],[126.84371,33.31904],[126.83576,33.30889],[126.82249,33.30534],[126.8162,33.30764],[126.80776,33.30182],[126.80564,33.30556],[126.80296,33.30318],[126.79178,33.30275],[126.78529,33.30592],[126.77781,33.30675],[126.77246,33.30045],[126.76623,33.29851],[126.76469,33.29187],[126.7598,33.29106],[126.75698,33.28773],[126.75054,33.28502],[126.74857,33.28066],[126.74278,33.27769],[126.73983,33.27745],[126.73332,33.28161],[126.73131,33.27855],[126.72585,33.27935],[126.72126,33.27598],[126.71336,33.27616],[126.69947,33.27096],[126.68576,33.2694],[126.6784,33.27065],[126.6776,33.26703],[126.6704,33.27081],[126.66487,33.27017],[126.66226,33.27402],[126.65819,33.27388],[126.66074,33.26885],[126.64817,33.2685],[126.64227,33.26595],[126.64158,33.2632],[126.64363,33.2617],[126.63958,33.25895],[126.6402,33.25701],[126.63427,33.25586],[126.63291,33.25365],[126.62881,33.25433],[126.62768,33.25117],[126.61977,33.24971],[126.61994,33.2434],[126.61826,33.24154],[126.60478,33.23867],[126.59989,33.23449],[126.5941,33.23663],[126.59141,33.23837],[126.5913,33.24099],[126.5858,33.24358],[126.58258,33.24224],[126.57784,33.24484],[126.5688,33.24298],[126.56725,33.23994],[126.57117,33.23597],[126.56752,33.23266],[126.57019,33.23571],[126.56168,33.23991],[126.56097,33.24298],[126.55915,33.23874],[126.56291,33.23829],[126.56425,33.23473],[126.5508,33.24128],[126.54352,33.23863],[126.54024,33.24157],[126.53316,33.23914],[126.52089,33.24092],[126.51886,33.23711],[126.51539,33.23617],[126.51048,33.23039],[126.49858,33.22916],[126.49695,33.23205],[126.49128,33.2325],[126.48319,33.22823],[126.47722,33.22772],[126.4778,33.22367],[126.47285,33.22296],[126.4615,33.23126],[126.46296,33.23384],[126.46204,33.23735],[126.45706,33.24117],[126.4499,33.24111],[126.44222,33.23714],[126.43823,33.23902],[126.43414,33.23494],[126.42926,33.23517],[126.42408,33.23697],[126.41813,33.24362],[126.40877,33.24458],[126.38649,33.23453],[126.37545,33.23357],[126.37291,33.22971],[126.36717,33.23133],[126.36668,33.22892],[126.36342,33.23173],[126.36175,33.23714],[126.36036,33.23424],[126.35585,33.23613],[126.34992,33.23454],[126.3442,33.23635],[126.32775,33.23176],[126.33545,33.23481],[126.33367,33.23947],[126.32773,33.24079],[126.31642,33.23641],[126.31495,33.23295],[126.31129,33.23189],[126.30867,33.2264],[126.30623,33.22599],[126.30861,33.22776],[126.30607,33.22795],[126.29796,33.22269],[126.29026,33.20538],[126.29308,33.20276],[126.29463,33.19678],[126.28804,33.1958],[126.28489,33.20052],[126.27559,33.19849],[126.27639,33.19585],[126.27088,33.19413],[126.26102,33.19976],[126.26405,33.20236],[126.26321,33.20943],[126.25603,33.21046],[126.25656,33.20774],[126.25963,33.20723],[126.25648,33.20738],[126.24992,33.21835],[126.25114,33.21959],[126.24781,33.21777],[126.24102,33.22148],[126.23364,33.23486],[126.22858,33.23586],[126.21931,33.24292],[126.21006,33.24302],[126.20252,33.24553],[126.18226,33.25975],[126.17888,33.26798],[126.16896,33.27507],[126.16872,33.28263],[126.17207,33.28553],[126.17108,33.28851],[126.19169,33.29367],[126.19201,33.29835],[126.22979,33.28467],[126.24465,33.27297],[126.24275,33.28316],[126.24502,33.2883],[126.25303,33.29281],[126.27909,33.29954],[126.28008,33.302],[126.28635,33.30432],[126.28737,33.30709],[126.29241,33.31049],[126.29636,33.32194],[126.30595,33.32665],[126.30932,33.32545],[126.31833,33.32743],[126.32257,33.32581],[126.34024,33.34361],[126.35198,33.34069],[126.36747,33.34115],[126.37592,33.34689],[126.39164,33.34356],[126.40069,33.34472],[126.4091,33.34212],[126.43259,33.34112],[126.43275,33.34493],[126.4376,33.3487],[126.43702,33.3548],[126.44558,33.35889],[126.46566,33.36],[126.47414,33.35698],[126.48275,33.35968],[126.48742,33.35512],[126.49045,33.35495],[126.49909,33.35985],[126.50663,33.358],[126.5111,33.36104],[126.53474,33.36323],[126.55372,33.37368],[126.56921,33.37164],[126.58932,33.37434],[126.60693,33.38224],[126.62492,33.38504],[126.62633,33.39019],[126.63078,33.39309],[126.65267,33.39467],[126.65497,33.39942],[126.66046,33.40196],[126.66943,33.40039],[126.68773,33.41328],[126.70243,33.42025],[126.71728,33.42188],[126.73183,33.42672],[126.7414,33.42027],[126.76128,33.42146],[126.77795,33.43306],[126.78346,33.4349],[126.78856,33.44136],[126.79927,33.43958],[126.80686,33.44434],[126.82212,33.44671],[126.82545,33.45315],[126.84631,33.46201],[126.85469,33.46331],[126.85764,33.46686],[126.86759,33.47005],[126.87382,33.47554],[126.88147,33.47707],[126.88452,33.48067],[126.88881,33.48016],[126.89822,33.48297],[126.90191,33.48252],[126.90463,33.47915],[126.91156,33.47936]]]]}}]}